ID	l [deg]	b [deg]	Area [pc^2]	Distance [kpc]	Flag	Mass [M_o]	# of distance points
1   	39.967499999998005	-0.926166666666574     	4.355247278673281    	3.29	A	189.86210369095934 	3 
2   	39.96683333333134 	-0.9078333333332426    	0.28140216068539087  	3.24	A	11.256585363696658 	1 
3   	39.90216666666468 	-0.8974999999999103    	4.2720559499423825   	3.27	A	128.18643516070452 	1 
4   	39.862499999998015	-0.859499999999914     	2.163246952823327    	3.25	A	81.32131477327889  	1 
5   	39.92816666666467 	-0.15883333333331745   	6.264497386523676    	9.21	A	257.6910299530621  	1 
6   	39.89683333333135 	-0.07883333333332546   	31.269235468533466   	8.14	A	542.5685610601474  	1 
7   	39.89349999999801 	-0.43349999999995664   	1.8784439654167446   	8.35	A	313.9659525938184  	1 
8   	39.79883333333135 	-0.22216666666664445   	60.749117765026625   	9.14	A	1007.7178972933854 	2 
9   	39.74749999999803 	-0.4768333333332857    	33.670203787745805   	9.33	A	622.1475895043583  	1 
10  	39.735166666664696	-0.557166666666611     	4.9810310485070275   	7.12	B	186.140602807357   	1 
11  	39.71649999999803 	-0.5344999999999466    	0.2043322070057275   	4.22	B	28.690810486623732 	1 
12  	39.71549999999803 	-0.5441666666666123    	0.43283596873428576  	8.5 	B	55.16712312670655  	1 
13  	39.69249999999803 	-0.22249999999997772   	23.935702908624638   	9.45	A	515.9563445966546  	1 
14  	39.6201666666647  	-0.6234999999999375    	23.90910837617524    	9.08	B	574.0854964256246  	1 
15  	39.6011666666647  	-0.5471666666666118    	0.5058527236419011   	7.28	A	5.569405872707276  	1 
16  	39.64149999999803 	-0.3641666666666302    	30.794820684161675   	9.28	A	2086.3316545966463 	1 
17  	39.58016666666471 	-0.17849999999998215   	10.028065286294256   	9.51	A	647.1403915429458  	1 
18  	39.48116666666471 	-0.17949999999998206   	81.37383795302254    	9.62	A	5757.794735902809  	2 
19  	39.454499999998056	-0.9648333333332367    	1.3111275966698497   	3.26	A	41.34562124174751  	1 
20  	39.44049999999806 	-0.9771666666665688    	0.12999544327902923  	3.28	A	3.554747900014837  	1 
21  	39.38949999999806 	-0.9011666666665764    	1.292763796441392    	3.27	A	39.93221164759765  	2 
22  	39.37416666666473 	-0.18183333333331514   	11.656448889653404   	3.77	A	390.474603341044   	1 
23  	39.31116666666474 	-0.21383333333331195   	1.6387314604939978   	9.88	B	93.5838157231738   	1 
24  	39.30849999999807 	-0.19949999999998003   	0.3469620740809529   	4.29	B	53.21085700941418  	1 
25  	39.27816666666474 	-0.19849999999998014   	0.8079170737576229   	4.29	B	110.2166701327064  	1 
26  	39.301833333331395	-0.5884999999999412    	10.583077727606872   	8.93	A	1238.40802557337   	1 
27  	39.297499999998074	-0.26716666666663996   	2.571188926008098    	8.63	A	229.13183461076528 	1 
28  	39.26816666666473 	-0.5898333333332744    	3.4546233421491888   	3.85	A	367.1675008280364  	1 
29  	39.16249999999808 	-0.8108333333332522    	24.578072992042085   	7.54	B	275.7841898888097  	1 
30  	39.13583333333142 	-0.8684999999999131    	0.22018943910299063  	0.91	B	2.736892389367265  	1 
31  	39.08283333333142 	-0.8451666666665821    	3.1400975266235887   	4.53	B	84.41677852015683  	1 
32  	39.063833333331424	-0.9631666666665702    	1.3460537506296206   	4.53	B	13.835212486107745 	1 
33  	39.062499999998096	-0.8011666666665865    	4.994572524824852    	5.49	A	38.44320960437179  	1 
34  	39.01483333333143 	-0.9678333333332365    	50.79129044584391    	8.46	B	1044.085591332039  	1 
35  	39.04483333333143 	-0.882833333333245     	2.14687933085457     	4.53	B	108.87159782287337 	1 
36  	39.047833333331425	-0.8971666666665769    	0.12896239760793893  	8.56	B	5.3528860104879605 	1 
37  	39.035499999998095	-0.8484999999999151    	5.186015681717819    	8.69	B	76.59393155141076  	1 
38  	39.0284999999981  	-0.8908333333332442    	4.064758800050715    	8.76	B	190.39785153301523 	1 
39  	39.023499999998094	-0.8188333333332514    	2.89138018892346     	5.42	B	44.466033328485615 	1 
40  	39.01483333333143 	-0.8441666666665821    	1.0877475676348918   	5.42	B	16.854433798985976 	1 
41  	39.0154999999981  	-0.8881666666665777    	1.1312084856930171   	8.58	B	33.216934581238924 	1 
42  	38.97183333333144 	-0.9014999999999098    	9.280930475858492    	8.55	B	147.4919694774103  	1 
43  	39.10149999999809 	-0.32283333333330105   	59.53160438149301    	9.8 	A	1557.3789945925953 	3 
44  	38.9844999999981  	-0.2581666666666408    	199.1676437045655    	9.71	B	4302.959343634734  	1 
45  	39.10583333333142 	-0.2538333333333079    	19.274138238497656   	9.99	A	361.66485906845577 	1 
46  	38.9564999999981  	-0.4674999999999532    	47.382681632967575   	2.59	B	2946.9114776575184 	9 
47  	38.9874999999981  	-0.22249999999997772   	2.7287756403958134   	7.86	B	88.88544109089894  	1 
48  	38.90983333333144 	-0.346166666666632     	9.805604213552764    	2.54	B	798.2044515724186  	1 
49  	38.9814999999981  	-0.1584999999999841    	4.851849586973967    	9.67	B	52.63413450812661  	1 
50  	38.9624999999981  	-0.5434999999999456    	1.4153979160772996   	2.59	A	85.29280795214466  	1 
51  	38.93816666666477 	-0.36616666666663      	1.238898711026051    	2.51	A	63.70596635480993  	1 
52  	38.90783333333144 	-0.282833333333305     	5.912768039669119    	7.93	A	133.0589563734256  	1 
53  	38.84916666666478 	-0.4281666666666238    	1.45255270523445     	2.54	B	201.21051603232942 	2 
54  	38.834833333331446	-0.449499999999955     	1.190661276747952    	3.36	B	116.84366993124736 	1 
55  	38.77749999999812 	-0.3024999999999697    	147.5103096203081    	7.7 	B	3300.8751402279763 	1 
56  	38.75416666666479 	-0.3701666666666296    	4.767051391199771    	2.62	A	146.2398065240483  	1 
57  	38.76283333333146 	-0.44783333333328845   	3.517315807156333    	4.0 	A	97.2826378012478   	1 
58  	38.72516666666479 	-0.5301666666666136    	13.391867872124353   	9.1 	B	389.74338669325647 	2 
59  	38.686833333331464	-0.2241666666666442    	147.69493079223824   	7.7 	B	3398.313288319136  	1 
60  	38.57049999999814 	-0.3904999999999609    	30.190277595930905   	9.15	B	466.392423595415   	1 
61  	39.02416666666477 	-0.37049999999996297   	55.25278250634695    	9.31	A	966.0036215111109  	3 
62  	38.94949999999811 	-0.06816666666665985   	88.65921402904024    	7.62	A	2116.4090470553406 	1 
63  	38.825166666664785	0.7898333333332543     	10.850934743026848   	2.03	A	155.80674126553447 	6 
64  	38.624166666664806	0.15316666666665132    	169.8412621265458    	7.87	A	3590.6939618324604 	5 
65  	38.723166666664795	0.02383333333333093    	0.8047274010625529   	7.91	A	14.417941248052546 	1 
66  	38.6921666666648  	-0.13549999999998646   	82.08482839705187    	9.09	A	963.7429531123018  	2 
67  	38.6631666666648  	0.054499999999994525   	3.837254535461414    	2.24	B	81.8241490138857   	1 
68  	38.6671666666648  	-0.01549999999999846   	29.482195615333247   	5.26	B	606.4149948962892  	1 
69  	38.667499999998135	0.22716666666664395    	0.05213858834201654  	1.84	A	0.6300767864189748 	1 
70  	38.56349999999814 	-0.011499999999998872  	4.895153088903459    	7.84	B	156.49382513148308 	1 
71  	38.56683333333147 	-0.03749999999999626   	1.8981803040460086   	5.26	B	102.8839813074822  	1 
72  	38.55716666666481 	-0.02749999999999725   	0.017978858579709125 	1.1 	B	0.9217273937938768 	1 
73  	38.50216666666482 	0.04183333333332914    	1.1192748241171302   	1.35	A	9.23565037949199   	1 
74  	38.45949999999815 	0.09449999999999051    	1.6767173305882808   	1.11	A	26.56718830806883  	2 
75  	38.45083333333149 	0.04949999999999505    	12.80218998874765    	7.79	A	128.20237591728122 	1 
76  	38.43249999999816 	0.15249999999998473    	0.11467347137326621  	1.14	A	1.127844351283361  	1 
77  	38.574833333331476	-0.5488333333332784    	67.29720808687243    	8.24	A	2367.1957153100934 	1 
78  	38.587499999998144	0.35649999999996435    	0.010884254564716127 	1.11	A	1.5242247354868654 	1 
79  	38.40316666666482 	-0.10416666666665625   	30.14918077643674    	7.89	B	1123.0284552765997 	1 
80  	38.421499999998154	-0.16816666666664987   	0.031800217382834686 	1.12	B	3.897864565511968  	1 
81  	38.40649999999816 	-0.15549999999998446   	4.091097971717104    	9.81	B	460.941160341064   	1 
82  	38.39816666666483 	-0.015166666666665163  	0.8554453417592645   	7.89	B	85.77246124017906  	1 
83  	38.37649999999816 	-0.028499999999997166  	2.61653724006068     	5.12	B	374.16310956114404 	1 
84  	38.383833333331495	-0.14883333333331844   	0.39483183174872927  	5.12	B	63.483144977009545 	1 
85  	38.36949999999816 	-0.14949999999998503   	1.4095885064949456   	7.89	B	250.73775738891257 	1 
86  	38.3738333333315  	-0.08649999999999136   	0.9860798520771817   	7.89	A	17.356856831333808 	1 
87  	38.3398333333315  	-0.012166666666665465  	0.28747566341678726  	1.12	B	14.130569639316484 	1 
88  	38.36416666666483 	-0.9224999999999078    	1.5915857378174025   	1.09	B	27.01905371326726  	6 
89  	38.38316666666483 	-0.7558333333332579    	2.942417009904482    	8.54	B	16.495475575240164 	1 
90  	38.35216666666483 	-1.030499999999897     	0.9278612489602613   	1.08	A	16.49048975887854  	3 
91  	38.3418333333315  	-0.8031666666665864    	0.6847047767204051   	1.09	B	7.304303622438986  	4 
92  	38.3258333333315  	-0.7328333333332602    	0.010967658814254181 	1.11	A	0.06668401849761657	1 
93  	38.32416666666484 	-0.8164999999999184    	0.01744946058122093  	1.08	A	0.15071704670911407	1 
94  	38.28349999999817 	0.83283333333325       	1.1236975678196752   	2.54	A	40.90820147338696  	2 
95  	38.23716666666484 	-0.13616666666665306   	17.31355612861719    	9.18	B	738.9465997404337  	1 
96  	38.17449999999818 	-0.19649999999998036   	21.216276098689097   	9.51	B	1012.6194928438089 	1 
97  	38.185499999998186	-0.14449999999998553   	3.715480567418401    	9.36	B	148.89242256406638 	1 
98  	38.24483333333151 	0.7231666666665943     	1.7638026074888      	2.76	A	47.208491577678124 	1 
99  	38.22716666666484 	-0.40316666666662637   	35.544331554479534   	9.32	A	433.75090905900106 	1 
100 	38.19816666666485 	-0.3801666666666286    	15.956945495763897   	3.74	B	498.08908347424443 	2 
101 	38.15283333333152 	-0.3254999999999675    	2.237969054201419    	8.02	B	104.39910697471866 	1 
102 	38.09949999999819 	-0.05983333333332735   	34.12461485047115    	8.11	A	1245.5564295349882 	3 
103 	38.0614999999982  	0.20216666666664643    	6.537812428563004    	2.63	A	132.2176131319337  	2 
104 	38.06816666666486 	0.10216666666665644    	3.822946959871375    	7.69	A	30.927793664734565 	1 
105 	38.04016666666487 	0.06816666666665985    	4.8959096265733315   	5.21	B	170.62158720595048 	2 
106 	38.009833333331535	0.08716666666665795    	2.6560913652479825   	8.04	B	59.7381103614534   	1 
107 	37.94716666666487 	-0.002833333333333049  	44.11544793755261    	7.82	A	2275.5575621219705 	1 
108 	37.95316666666487 	-0.059499999999994044  	107.22855073224177   	9.86	A	20576.545773824673 	3 
109 	37.79916666666489 	0.7778333333332555     	0.6443179933546619   	2.28	A	25.585512409329873 	1 
110 	37.76783333333155 	-0.8488333333332484    	0.016185880446834805 	0.92	B	0.31995452134988467	1 
111 	37.752166666664884	-0.8388333333332494    	0.003523651849487931 	0.92	B	0.27611878580357424	1 
112 	37.747833333331556	-0.8471666666665819    	0.41111344668132754  	4.81	B	32.18053589847888  	1 
113 	37.71216666666489 	0.2844999999999715     	3.156205746551567    	7.24	B	68.78194001635892  	1 
114 	37.705166666664894	0.26949999999997304    	0.759967580787898    	7.26	B	19.354573045546626 	1 
115 	37.65083333333156 	0.2624999999999737     	32.74142152124754    	7.31	B	860.2720563473983  	2 
116 	37.62049999999824 	0.2281666666666438     	9.1122958799667      	7.25	B	234.17404736452207 	1 
117 	37.59949999999824 	0.21983333333331134    	0.15032260431716285  	7.8 	A	3.1395235566533093 	1 
118 	37.55816666666491 	0.15049999999998492    	0.9967271176739405   	2.59	B	91.65847745248277  	1 
119 	37.54516666666491 	0.04883333333332844    	71.2866546332945     	5.55	A	3165.056965871254  	1 
120 	37.492166666664914	0.15216666666665146    	26.433934337967184   	5.55	A	1700.84832323509   	1 
121 	37.47249999999825 	0.18149999999998184    	7.644753912741657    	7.79	A	129.9291529199808  	1 
122 	37.39516666666493 	0.08849999999999116    	14.147999158666282   	7.81	A	584.5800467317692  	1 
123 	37.367833333331596	0.06549999999999345    	4.711593024678055    	7.85	B	440.9336611778408  	2 
124 	37.322166666664934	0.13049999999998696    	7.311859409570331    	7.29	A	237.17814744240815 	1 
125 	37.3108333333316  	0.09549999999999044    	10.277974087646955   	7.29	B	944.4452344386822  	2 
126 	37.28016666666493 	0.10683333333332264    	3.299101426171938    	7.4 	B	187.79127221615585 	1 
127 	37.67549999999823 	-0.08949999999999106   	1.750265778278947    	5.45	A	123.26312320110269 	1 
128 	37.60116666666491 	0.42816666666662384    	16.61834425431342    	7.36	A	1767.3781833427483 	1 
129 	37.583499999998246	0.4251666666666241     	2.705587553166684    	7.2 	A	162.89912270364977 	1 
130 	37.214166666664944	-0.025166666666664145  	2.6559716472173682   	5.77	B	87.191178318166    	1 
131 	37.214499999998274	-0.016166666666665046  	0.420043959577557    	7.46	B	7.796240849273147  	1 
132 	37.20716666666495 	0.29783333333330353    	4.8895269134683845   	8.3 	A	194.86981832257013 	1 
133 	37.16949999999828 	0.09916666666665674    	9.583227959839492    	7.56	B	782.0770160763819  	1 
134 	37.16649999999828 	0.06516666666666016    	1.7707598256628305   	5.78	B	109.40884600227672 	1 
135 	37.18183333333161 	-0.0014999999999998521 	19.92692808229957    	7.52	A	484.34694091820364 	3 
136 	37.13016666666495 	-0.24216666666664247   	7.679075800510431    	7.41	A	847.6716029235916  	1 
137 	37.10249999999829 	-0.22483333333331085   	0.7986188199429489   	8.38	A	120.83970022515672 	1 
138 	37.081166666664956	-0.15049999999998495   	13.011423043265555   	4.69	B	162.07721955395533 	1 
139 	37.103833333331615	-0.13116666666665355   	2.411771020924514    	8.35	B	18.79238083416253  	1 
140 	37.05749999999829 	-0.024166666666664248  	17.992774153295557   	8.39	A	1855.6977500399346 	2 
141 	37.04216666666496 	-0.06949999999999304   	16.170148063879363   	8.39	A	267.266297890251   	1 
142 	37.02883333333163 	-0.4244999999999575    	3.6829409352493245   	4.99	A	74.71041107435379  	1 
143 	36.948499999998305	0.26216666666664046    	100.88906875550937   	9.8 	A	1434.967288192734  	1 
144 	36.93283333333164 	-0.040833333333329246  	7.075066649077704    	4.81	A	45.726680242716355 	2 
145 	36.90083333333164 	-0.4101666666666256    	10.846485660071407   	4.84	B	1346.0536021534751 	3 
146 	36.90716666666498 	-0.4884999999999511    	6.724345386189006    	4.84	B	759.3203989604895  	1 
147 	36.86649999999831 	-0.3654999999999634    	3.607566502436031    	4.84	B	182.99824244260174 	1 
148 	36.881166666664974	-0.4384999999999561    	5.991781513410517    	8.49	A	288.3904651368622  	1 
149 	36.932499999998306	-0.5298333333332804    	7.869067753246252    	8.29	A	291.5636018554251  	1 
150 	36.90083333333164 	-0.22749999999997722   	33.67891397763158    	8.51	A	998.4860574213341  	2 
151 	36.86116666666498 	-0.20183333333331313   	62.29118342615034    	8.65	A	1929.9490696271735 	4 
152 	36.816499999998314	-0.1898333333333143    	0.6280527499160583   	8.65	A	12.925992099437416 	1 
153 	36.665166666664994	-0.11383333333332193   	29.301633477291073   	3.26	B	1088.8174238343206 	10
154 	36.62549999999833 	-0.08516666666665815   	0.16042798260122212  	3.21	A	3.7292145449746745 	1 
155 	36.590499999998336	-0.08583333333332474   	4.063860513741501    	3.19	A	150.30670653238673 	2 
156 	36.38483333333169 	-0.13783333333331954   	39.983549440936294   	4.5 	B	1408.1868746071837 	5 
157 	36.90149999999831 	-0.13116666666665355   	20.311831264637288   	8.57	A	729.7676937669319  	3 
158 	36.86383333333164 	-0.12583333333332075   	2.7138440255595957   	4.77	A	90.27325166782704  	1 
159 	36.834166666664984	0.021499999999997854   	18.889332537118907   	5.43	A	624.1315934166     	2 
160 	36.84149999999832 	-0.02316666666666435   	31.106484206102525   	9.79	A	948.7084149910902  	2 
161 	36.78349999999832 	-0.035499999999996444  	15.320107647153902   	9.8 	B	749.352107506472   	1 
162 	36.78016666666499 	-0.06416666666666024   	2.6772973644653963   	8.29	B	113.23479178459372 	1 
163 	36.85783333333165 	0.28683333333330463    	1.534476744267717    	8.1 	A	17.272825374875342 	1 
164 	36.84183333333165 	0.30749999999996924    	27.53472887615454    	8.13	A	755.1531533547658  	1 
165 	36.80816666666498 	0.37216666666662945    	8.789496645165736    	8.23	A	61.91172063151015  	1 
166 	36.77749999999832 	0.4134999999999587     	59.1816874372088     	9.01	A	953.6490158050543  	3 
167 	36.769166666664994	0.7048333333332628     	0.47014381799096594  	1.4 	A	6.263965302653868  	1 
168 	36.716166666664996	0.6564999999999342     	1.074725348940115    	1.44	A	17.293377288515114 	1 
169 	36.71949999999833 	-0.4901666666666176    	21.33779603949647    	8.71	A	298.3903943709472  	2 
170 	36.69649999999833 	-0.29049999999997095   	6.823264599691449    	8.93	A	141.1935156090659  	1 
171 	36.68549999999833 	0.8291666666665837     	0.8145271499200625   	2.73	A	23.63890597850762  	1 
172 	36.636833333331666	-0.28516666666663815   	5.060657805115047    	4.91	A	107.30316010881954 	1 
173 	36.63649999999834 	-0.19949999999998005   	8.840711359335275    	8.89	A	273.6806498343202  	1 
174 	36.62983333333167 	0.869499999999913      	0.9603125082312197   	2.7 	A	34.15204468788558  	2 
175 	36.602166666665   	0.8924999999999107     	0.8216924759460164   	2.69	A	27.384542864187534 	1 
176 	36.571833333331675	0.07949999999999205    	39.455103026651855   	9.88	A	1050.4914340884973 	3 
177 	36.569166666665005	0.8411666666665826     	0.024407734762306645 	0.92	B	1.1723897353489536 	1 
178 	36.55316666666501 	0.8431666666665824     	0.5368986812162359   	2.64	B	18.765580830555038 	1 
179 	36.53583333333168 	0.33083333333330023    	50.20646045731792    	9.18	A	757.077357009581   	2 
180 	36.47516666666502 	0.6324999999999368     	2.4758100032355386   	9.18	B	87.29743462987804  	1 
181 	36.47049999999835 	0.6204999999999379     	3.0606780486311833   	9.1 	B	125.47789164696366 	1 
182 	36.46583333333169 	0.7148333333332618     	4.203696879999281    	9.17	A	33.36479957377922  	1 
183 	36.448499999998354	0.6098333333332724     	1.7815976260710291   	4.2 	B	78.32121452394442  	1 
184 	36.44816666666502 	0.6418333333332691     	17.015918157305222   	9.22	B	479.8432988914053  	1 
185 	36.436166666665024	0.5938333333332739     	3.999779544996115    	8.96	B	96.98529895764916  	1 
186 	36.41549999999835 	0.6568333333332677     	2.5837494936185474   	9.22	A	50.52331188308985  	1 
187 	36.454499999998355	0.08749999999999125    	27.054974710263764   	9.95	A	630.9308634951409  	1 
188 	36.40083333333169 	-0.2508333333333082    	11.35075689130108    	8.97	A	202.98320337394833 	1 
189 	36.346833333331695	-0.08683333333332466   	1.7038232073770871   	2.02	A	31.44419837068184  	3 
190 	36.29549999999837 	0.32949999999996704    	2.4182678674073803   	8.21	B	213.77225781291042 	1 
191 	36.29816666666503 	0.31349999999996864    	0.10696881343630105  	3.09	B	8.16541116037303   	1 
192 	36.19883333333171 	0.07083333333332625    	10.406716497323599   	8.55	A	575.6656920170665  	1 
193 	36.11016666666506 	0.5548333333332778     	16.213780261543356   	8.96	A	1231.381572794714  	1 
194 	36.09216666666506 	-0.3914999999999608    	4.285214677856881    	8.32	A	107.00313837629916 	1 
195 	36.080499999998395	0.32116666666663457    	2.7707611575197464   	7.79	A	146.9424032992804  	1 
196 	36.01083333333173 	-0.19716666666664695   	3.6516658986060326   	5.28	A	420.1000611608996  	1 
197 	35.99616666666506 	-0.17216666666664943   	0.13978343390413497  	3.25	A	1.4633386108046025 	1 
198 	36.03749999999839 	-0.5098333333332824    	2.251788828993962    	9.95	A	25.35153698319881  	1 
199 	36.01449999999839 	-0.49683333333328367   	34.66243282982929    	9.93	A	797.8684653337231  	2 
200 	35.839833333331754	-0.22783333333331054   	0.4550927897415527   	1.83	B	36.917545734858734 	1 
201 	35.81683333333175 	-0.19383333333331393   	0.4528258269034877   	1.83	B	27.944767148971223 	2 
202 	35.79283333333176 	-0.17649999999998234   	1.5890810413910206   	9.89	B	69.73086321984007  	1 
203 	35.679833333331764	-0.17449999999998253   	3.729613840920838    	1.8 	A	88.6826538729187   	4 
204 	35.47783333333179 	-0.3101666666666356    	28.15681815115122    	2.78	A	783.7613316746265  	7 
205 	35.50116666666512 	-0.3324999999999667    	38.33667869775542    	9.34	A	632.9426127066686  	1 
206 	35.49849999999845 	-0.30549999999996946   	0.4468970242157668   	4.25	A	10.232105517261497 	1 
207 	35.853166666665075	0.2604999999999739     	1.2016827445370928   	1.87	A	90.16397900165806  	2 
208 	35.679166666665104	0.12683333333332064    	3.0364138766741853   	1.84	B	50.932053129891685 	2 
209 	35.63216666666511 	0.14083333333331924    	0.16489544752563035  	1.84	A	3.4607425011946895 	1 
210 	35.60849999999844 	0.11183333333332214    	7.342904578524012    	4.94	B	361.91895965408736 	1 
211 	35.537499999998445	0.14449999999998553    	9.964544525907051    	4.94	B	395.57022694070884 	1 
212 	35.82349999999842 	-0.10849999999998915   	0.18772682437155017  	1.81	A	3.6200059471604655 	1 
213 	35.81649999999842 	0.21649999999997832    	1.9797738670251854   	6.76	A	23.430724810822095 	1 
214 	35.78249999999842 	0.24583333333330873    	2.812386176850549    	1.86	A	73.67386835435795  	1 
215 	35.58749999999844 	-0.9724999999999028    	4.673151152460263    	2.15	A	214.7464414050814  	3 
216 	35.49549999999845 	-0.04183333333332914   	3.2894451081188545   	6.23	A	338.54318425497604 	1 
217 	35.45516666666512 	0.23416666666664324    	2.6801330209491026   	2.97	A	104.59894132614339 	1 
218 	35.448833333331784	0.2674999999999732     	32.10015862399652    	6.79	A	1190.325493849293  	1 
219 	35.42683333333179 	0.33749999999996627    	2.4483435643454814   	7.89	A	110.39139942163915 	1 
220 	35.488833333331776	0.45016666666662164    	2.9295214951331467   	7.81	A	100.37670424930485 	1 
221 	35.44649999999846 	-0.018833333333331446  	21.22931301348206    	7.51	A	1032.2972801004141 	1 
222 	35.44283333333179 	-0.008499999999999147  	1.1399322141307802   	5.92	A	142.9822270864549  	1 
223 	35.48016666666512 	0.15349999999998465    	0.9170004194751268   	9.02	A	13.78364044459053  	1 
224 	35.428833333331795	0.13849999999998613    	15.55690920093605    	4.42	A	991.990275734141   	1 
225 	35.42449999999846 	0.09916666666665674    	0.33730524494753206  	4.77	A	7.519506956157216  	1 
226 	35.40983333333179 	0.42716666666662395    	28.07646539646198    	7.7 	A	632.249296803712   	2 
227 	35.3628333333318  	0.452833333333288      	1.594409053910969    	5.69	A	23.367585039658998 	1 
228 	35.3328333333318  	0.43283333333329005    	23.364941475937925   	5.69	A	439.77259877979685 	2 
229 	35.4058333333318  	-0.5964999999999403    	0.5410707213976572   	2.24	A	12.944585637558184 	1 
230 	35.38549999999846 	0.020499999999997937   	88.0879475575947     	7.92	A	2120.82325731254   	3 
231 	35.35516666666513 	-0.10849999999998915   	23.01599642030082    	5.67	A	661.5972927614332  	1 
232 	35.36316666666513 	-0.9724999999999028    	5.100126481731461    	2.33	A	98.72064079346849  	3 
233 	35.343499999998464	-0.9124999999999087    	1.0947586049377227   	3.83	A	6.7826505416866825 	1 
234 	35.291166666665134	-0.902833333333243     	7.901465674007006    	2.32	A	134.85318808344292 	6 
235 	35.31649999999847 	0.12983333333332034    	29.94330652497464    	4.62	A	659.1747262025044  	1 
236 	35.361499999998465	0.14249999999998575    	5.682523081384414    	9.31	A	92.7254597938323   	1 
237 	35.34183333333179 	0.23783333333330955    	13.404152510506682   	8.96	B	357.54581796281275 	1 
238 	35.30749999999846 	0.25583333333330777    	2.156801332836555    	4.15	B	85.88193135382822  	1 
239 	35.28449999999847 	0.25149999999997485    	5.331564088292038    	8.24	B	104.58269520087175 	1 
240 	35.21183333333181 	-0.7748333333332558    	26.697977126980938   	2.18	A	978.6072983675001  	19
241 	35.31849999999847 	-0.43283333333329      	6.988831288624774    	2.68	A	333.6347108934149  	1 
242 	35.17916666666515 	0.3281666666666338     	4.605799181553361    	3.09	A	190.10341015137766 	1 
243 	35.259499999998475	0.42583333333329076    	5.74079038944212     	5.57	B	121.95294466818793 	1 
244 	35.23449999999848 	0.44483333333328884    	2.4949913966187083   	5.57	B	117.96393201527908 	1 
245 	35.216166666665146	0.47516666666661916    	7.59995133095054     	8.02	B	431.5577109162478  	2 
246 	35.21283333333181 	0.40716666666662593    	3.4545365769541188   	8.81	B	73.30172961569154  	1 
247 	35.03616666666516 	-0.20516666666664612   	10.570347227476475   	5.37	A	246.97776552986625 	1 
248 	34.98716666666517 	-0.2571666666666409    	0.6418694379187471   	2.74	A	28.29627524254569  	1 
249 	35.0024999999985  	0.35483333333329786    	0.9283605101420184   	2.3 	A	14.81420006027566  	1 
250 	34.94983333333183 	0.15716666666665094    	22.82601307469943    	9.38	A	666.8390084296578  	1 
251 	34.88816666666518 	0.30616666666663606    	9.366072963779084    	3.09	A	295.7025463772754  	1 
252 	34.833499999998516	0.42583333333329076    	51.08197098236502    	3.34	A	1300.2997164355263 	9 
253 	34.85716666666518 	0.46049999999995395    	0.19617143863683723  	3.22	A	4.943905913790501  	1 
254 	34.839499999998516	-0.8571666666665809    	4.948616939022731    	2.8 	A	79.61852684888453  	1 
255 	34.785499999998514	-0.5574999999999442    	14.290093691087973   	2.72	B	775.2369541229987  	5 
256 	34.74549999999852 	-0.49483333333328383   	1.4781646671192161   	2.72	B	34.8887904305089   	1 
257 	34.72316666666519 	-0.4924999999999507    	0.14699011682178212  	2.72	B	8.81132493478939   	1 
258 	34.71883333333186 	-0.5014999999999498    	0.39682968540423924  	4.79	B	20.631762652683072 	1 
259 	34.77349999999852 	-0.8078333333332526    	14.616848917857693   	2.8 	A	274.06278575987244 	8 
260 	34.76616666666519 	-0.00849999999999915   	55.3376290652135     	8.38	A	3593.417365574628  	1 
261 	34.738166666665194	-0.11916666666665474   	13.686192025604136   	4.58	B	406.97704657930603 	3 
262 	34.735166666665194	-0.06283333333332704   	5.134373169613205    	9.17	B	74.54954204069482  	1 
263 	34.685166666665204	-0.7281666666665938    	2.923953565933373    	2.8 	A	56.62091992424165  	1 
264 	34.64083333333187 	0.09916666666665674    	27.90424495599749    	7.84	A	408.6547695166554  	1 
265 	34.62416666666521 	-1.0264999999998974    	0.23221172404020812  	0.83	A	3.0257435798109484 	1 
266 	34.57249999999854 	-0.00649999999999935   	10.230556047150982   	9.23	A	917.9916949084047  	1 
267 	34.56083333333188 	-0.09316666666665735   	7.8728582804172165   	7.88	A	166.29164264365497 	1 
268 	34.53316666666521 	0.27349999999997265    	2.8443651572738675   	4.5 	A	124.60674609802305 	1 
269 	34.53683333333188 	0.32483333333330083    	1.9835332521419335   	3.5 	B	99.6665985693137   	1 
270 	34.44283333333188 	0.24983333333330834    	8.064323109147285    	3.5 	B	1347.6851666400798 	3 
271 	34.44049999999855 	0.23416666666664324    	0.12272697379473502  	3.5 	B	13.53762184616644  	1 
272 	34.462499999998556	-0.9854999999999015    	0.25368617920504266  	0.93	A	3.889056837759839  	1 
273 	34.45549999999856 	0.00549999999999945    	15.595069291886622   	8.45	A	1498.0637282892048 	1 
274 	34.373499999998565	-0.6621666666666004    	0.8207969785785125   	0.83	A	14.834646699994533 	3 
275 	34.339166666665236	-0.6991666666665968    	0.022354857046868886 	0.8 	A	0.6487017816642336 	1 
276 	34.32849999999857 	-0.32416666666663424   	74.77642901490594    	8.52	A	2558.5233901122933 	2 
277 	34.296833333331904	-0.10083333333332324   	31.968870049308748   	9.12	A	546.6339640779546  	1 
278 	34.293833333331904	-0.19249999999998074   	2.9567993826096317   	3.07	A	72.53232250290836  	2 
279 	34.259166666665244	0.17316666666664934    	11.823220161096177   	3.4 	A	1110.514590839718  	2 
280 	34.20283333333191 	-0.15916666666665075   	10.277764666555488   	5.2 	A	234.15542842982555 	1 
281 	34.13149999999859 	0.07583333333332574    	11.920524949658674   	3.45	A	1148.7115216702173 	2 
282 	33.90883333333194 	0.16783333333331654    	73.82075400227357    	7.8 	B	2953.8867209236246 	1 
283 	33.80783333333195 	0.19916666666664673    	6.940590919865531    	3.41	B	302.09298784600577 	1 
284 	33.73716666666529 	0.24549999999997543    	5.868115146878087    	3.41	B	431.1149222983699  	2 
285 	33.68583333333196 	0.30283333333330303    	1.8645974655225726   	2.34	B	111.37500646946958 	3 
286 	34.021499999998596	-0.33383333333329995   	0.4113770253653944   	0.8 	A	21.246540485588728 	1 
287 	33.978833333331934	-0.022499999999997747  	1.390530706552898    	3.53	A	188.72770569992494 	1 
288 	33.962499999998606	0.03916666666666275    	14.084589411020763   	6.92	A	822.3965080776268  	1 
289 	33.82049999999862 	-0.21783333333331154   	0.2642292114900258   	0.8 	A	4.775466912047448  	1 
290 	33.74283333333196 	-0.009833333333332347  	12.043179702047816   	6.91	B	3704.0618547093172 	5 
291 	33.71149999999862 	-0.011499999999998844  	8.654217297969144    	6.91	B	2775.2686186400383 	1 
292 	33.71816666666529 	-0.025833333333330752  	0.5995732245651825   	6.91	B	122.80017227334417 	1 
293 	33.6691666666653  	-0.028166666666663842  	1.8213450783961205   	6.91	B	687.6646478570975  	1 
294 	33.66783333333196 	-0.04116666666666255   	0.324836167486797    	6.91	B	112.5481833056736  	1 
295 	33.58916666666531 	-0.03549999999999645   	30.07401114806868    	6.91	B	2429.460735522655  	1 
296 	33.56849999999864 	0.02749999999999725    	18.920788949743216   	6.55	A	1465.6680260519208 	1 
297 	33.51383333333198 	-0.04383333333332895   	4.392560712582657    	6.91	B	299.4990275891778  	1 
298 	33.450833333331985	-0.07683333333332565   	6.163806680570366    	6.91	A	506.87666557002956 	2 
299 	33.721833333331965	0.10316666666665635    	13.128093569519764   	8.41	A	319.1581343077831  	1 
300 	33.6211666666653  	0.03416666666666325    	8.74139468440813     	9.19	A	902.0557550524911  	1 
301 	33.51383333333198 	-0.17049999999998294   	15.634523827485484   	8.97	A	315.5521555220311  	1 
302 	33.49783333333198 	-0.12616666666665405   	5.347642658791156    	6.95	A	329.74897127434446 	1 
303 	33.49349999999865 	0.07949999999999205    	3.6464099077980365   	6.96	A	172.67386646724697 	2 
304 	33.456499999998655	0.29083333333330424    	19.60798497910788    	8.92	A	585.687770717887   	1 
305 	33.42083333333199 	0.12583333333332075    	3.846658738599329    	4.76	A	254.51854493444728 	1 
306 	33.387833333332   	0.16249999999998374    	41.67814324480486    	9.21	A	1934.5879654286002 	1 
307 	33.382833333332   	0.20416666666664623    	15.782516023925314   	9.01	A	754.30197965214    	1 
308 	33.353833333332   	0.19883333333331343    	1.3543012672703905   	4.92	A	63.12489304590718  	1 
309 	33.39149999999866 	-0.40683333333329263   	56.36301480635796    	8.83	A	1155.1877718483581 	2 
310 	33.363833333331996	-0.00749999999999925   	1.554125667851416    	5.95	B	337.26756810976224 	1 
311 	33.345833333331996	-0.002166666666666449  	0.2049089493205268   	7.82	B	42.29326473354877  	1 
312 	33.296499999998666	-0.00749999999999925   	14.9044824949449     	8.08	B	678.7796887418052  	1 
313 	33.24616666666534 	-0.02216666666666445   	5.316520482553753    	5.92	A	301.07176732142517 	1 
314 	33.33249999999866 	-0.5321666666666134    	6.980277035780829    	5.2 	B	459.25656872622005 	1 
315 	33.29116666666533 	-0.4884999999999511    	3.830353989666017    	8.64	B	150.6303584465354  	1 
316 	33.34383333333199 	-0.11516666666665513   	6.865500116331803    	8.86	A	296.25025056792924 	1 
317 	33.302499999998666	0.09749999999999023    	40.07848955216173    	8.1 	A	5274.454807657271  	1 
318 	33.206833333332014	0.20216666666664643    	12.70308618385809    	7.99	B	612.26043733909    	1 
319 	33.151166666665354	0.20149999999997983    	9.4787346198651      	6.03	B	468.7684339360981  	1 
320 	33.20616666666534 	-0.3694999999999631    	10.971889588058776   	8.71	A	253.56222905442908 	1 
321 	33.09149999999869 	-0.00816666666666585   	3.4045814185843852   	7.21	B	563.4439885534383  	1 
322 	33.08583333333202 	0.0031666666666663457  	1.3626453171714916   	8.31	B	168.8235995196775  	1 
323 	33.057833333332034	-0.47616666666661905   	0.6228180450964291   	8.21	A	78.04442097524434  	1 
324 	33.01683333333203 	-0.14149999999998583   	1.4965127626273642   	8.04	A	176.12533386788783 	1 
325 	32.867499999998714	0.42349999999995763    	13.651320980320243   	8.64	A	329.7577616519753  	2 
326 	32.84416666666538 	0.3601666666666306     	0.22565550762222505  	0.65	B	9.605459750207046  	1 
327 	32.80516666666538 	0.06883333333332645    	36.18947063393532    	5.22	A	2987.260121902499  	2 
328 	32.82849999999871 	-0.08283333333332504   	9.98086591372076     	7.9 	A	1594.7571021555298 	1 
329 	32.740166666665395	0.08049999999999194    	12.422469871807632   	8.51	B	885.6272835018688  	1 
330 	32.70183333333206 	0.10583333333332273    	3.865136912515003    	5.64	B	500.89453995497007 	2 
331 	32.694166666665396	0.08949999999999105    	0.5633114890669014   	8.38	B	53.86961296152741  	1 
332 	32.71149999999872 	-0.027833333333330545  	46.445566306487784   	7.8 	A	3034.48837721504   	3 
333 	32.69149999999873 	-0.29783333333330353   	13.07295448605428    	5.34	A	781.4640684196365  	1 
334 	32.64983333333206 	-0.25083333333330826   	0.654517071957048    	8.76	B	207.09777875072848 	1 
335 	32.6431666666654  	-0.25116666666664156   	0.308774317099386    	5.29	B	106.73964270442708 	1 
336 	32.623833333332065	-0.2598333333333074    	1.9106429202328064   	8.74	B	606.803243117957   	1 
337 	32.617833333332065	-0.23916666666664277   	0.5423869969610288   	5.27	A	39.52564401593033  	1 
338 	32.580499999998736	0.2931666666666373     	6.003447399351221    	4.46	B	127.61163574275744 	2 
339 	32.518833333332076	0.3224999999999677     	9.221956543387465    	9.57	B	170.70165704134632 	2 
340 	32.53316666666541 	-0.12149999999998785   	6.337186474626738    	9.42	A	307.4141576140106  	1 
341 	32.401499999998755	-0.12083333333332125   	30.574389852676692   	4.73	A	1183.5584265582238 	1 
342 	32.28616666666544 	0.03916666666666275    	18.157603722227197   	5.82	B	571.943535203105   	1 
343 	32.315166666665434	-0.12183333333332115   	13.357379934015418   	8.05	A	304.6883518030135  	1 
344 	32.19783333333211 	0.15316666666665135    	6.051792363578504    	5.64	B	308.550721172582   	1 
345 	32.17083333333212 	0.13516666666665314    	2.4192096496995017   	5.64	A	137.15477940876167 	1 
346 	32.162499999998786	0.17216666666664943    	16.91616467115201    	5.64	B	1797.9601535547147 	3 
347 	32.16283333333212 	0.20249999999997975    	1.6232759815424174   	3.09	B	116.1459918116073  	1 
348 	32.151499999998784	0.25716666666664095    	9.021722713301777    	8.35	B	754.5461825101178  	1 
349 	32.14849999999878 	0.11816666666665485    	1.567587561176001    	5.64	B	100.48010087005453 	1 
350 	32.14349999999878 	-0.3701666666666297    	2.032699498779347    	9.89	B	158.80071535892645 	1 
351 	32.10749999999879 	-0.37849999999996214   	1.711206889938821    	4.22	B	157.61049087522454 	1 
352 	32.06249999999879 	-0.32216666666663446   	2.03248811798248     	9.93	B	83.78787317315124  	1 
353 	32.06116666666546 	-0.40616666666662604   	4.567899656959036    	9.9 	B	148.98594557205772 	1 
354 	32.03616666666546 	-0.33083333333330023   	2.421848990410068    	4.22	B	249.03631744893127 	1 
355 	32.049499999998794	-0.3428333333332991    	1.5310724618311302   	9.96	B	143.22115600348687 	1 
356 	32.160166666665454	0.3321666666666334     	7.766844577977473    	8.31	B	638.8122092523688  	1 
357 	32.147166666665456	0.34049999999996594    	1.6997348016005873   	5.79	B	145.3325816403144  	1 
358 	32.12483333333212 	-0.26383333333330694   	8.85841580162005     	8.72	A	1006.4576742712832 	1 
359 	32.085833333332126	-0.07316666666665936   	6.956032196876072    	2.8 	A	428.3317014587534  	1 
360 	32.0064999999988  	0.059499999999994044   	6.865346829461527    	5.75	B	2935.3384673344444 	1 
361 	31.989499999998802	0.014833333333331849   	2.5447104629495536   	5.75	B	149.8324637239135  	1 
362 	31.982833333332135	0.06316666666666035    	0.3939041701663337   	5.75	B	146.1556649140447  	1 
363 	31.946499999998807	0.07749999999999224    	8.988176973795433    	5.75	B	2370.4072604387975 	1 
364 	31.924166666665474	0.08349999999999164    	1.4681882706199711   	5.75	B	332.83099262120743 	1 
365 	31.87616666666548 	0.14916666666665176    	41.253358487092115   	6.12	A	3201.396326878257  	2 
366 	32.0574999999988  	0.38783333333329456    	23.06268551131124    	8.23	A	432.98310961411755 	1 
367 	32.00183333333213 	-0.19816666666664684   	20.81618195701323    	5.66	B	2117.5396864593486 	2 
368 	32.02616666666546 	-0.22049999999997794   	2.0048485650127565   	8.52	B	221.212960873161   	1 
369 	32.01583333333213 	-0.21083333333331225   	0.048045234224764415 	1.08	B	3.7497790827014055 	1 
370 	31.999166666665463	-0.44983333333328834   	7.13820153704071     	10.0	B	288.2870990262872  	1 
371 	31.995166666665465	-0.47516666666661916   	1.5604017310130576   	4.12	B	82.24280088473664  	1 
372 	31.975166666665466	-0.5148333333332819    	0.7265589157358207   	4.1 	B	44.16568906867811  	1 
373 	31.912833333332138	-0.5121666666666155    	10.299260143706926   	4.11	A	353.5995060079227  	3 
374 	31.89916666666548 	0.3431666666666323     	9.052365205103602    	5.87	A	595.4101438028828  	1 
375 	31.877499999998815	0.32316666666663435    	8.89654170434221     	8.34	A	322.5126801846531  	1 
376 	31.866166666665478	-0.3921666666666274    	15.512134894410758   	4.06	A	659.9441365460118  	1 
377 	31.79983333333215 	0.4354999999999565     	6.2439050120213215   	8.24	A	150.45810551104458 	1 
378 	31.694166666665495	-0.02716666666666395   	5.820206604643495    	5.76	A	384.95643592080427 	1 
379 	31.62649999999884 	-0.42016666666662467   	8.948742620792952    	9.63	A	345.37933140448644 	1 
380 	31.629166666665505	0.25849999999997414    	3.812000492275624    	9.62	A	245.61006742035    	1 
381 	31.61383333333217 	0.15316666666665132    	10.528114885626561   	8.03	A	659.9283363710898  	1 
382 	31.605166666665507	0.2831666666666383     	7.082419656665265    	7.1 	A	290.16541346924345 	1 
383 	31.43483333333219 	-0.10349999999998966   	8.882854739360056    	5.05	A	860.70357908965    	1 
384 	31.28649999999887 	0.08383333333332495    	2.250620235340342    	8.34	B	335.87735978674107 	2 
385 	31.238499999998876	0.06416666666666025    	18.455019407438673   	7.99	B	2427.427489851873  	2 
386 	31.274833333332204	0.07683333333332565    	1.246144181895151    	5.93	B	213.81418825619488 	1 
387 	31.170166666665548	0.06383333333332694    	27.020532630615055   	8.61	B	1030.0891263669657 	1 
388 	31.163833333332217	0.2774999999999722     	51.404300605413084   	8.8 	A	2305.052670646299  	1 
389 	31.11683333333222 	0.15349999999998465    	52.32297326621443    	7.9 	A	5751.579072607038  	1 
390 	31.02983333333223 	0.7854999999999215     	21.444500160702805   	3.09	A	734.6330084816323  	12
391 	30.966499999998906	0.812833333333252      	1.2371144957209526   	3.11	A	38.493332524825895 	1 
392 	30.956166666665574	0.7424999999999258     	0.17076344857636153  	3.1 	B	8.708527254547832  	1 
393 	30.913166666665578	0.7184999999999281     	3.6852378521336684   	3.1 	B	351.75510709903114 	3 
394 	30.93583333333224 	0.677166666666599      	0.6593053057937693   	9.82	B	29.817121378705185 	1 
395 	30.83249999999892 	0.6578333333332675     	110.77559786634315   	9.81	A	2488.5046767331587 	4 
396 	30.798166666665587	0.6391666666666027     	3.9427459984120357   	9.94	A	57.05484373944813  	1 
397 	31.105166666665557	0.24749999999997524    	2.1805053607434943   	5.66	B	391.1125302232436  	1 
398 	31.112833333332222	0.2768333333333056     	0.16024846478646482  	8.81	A	6.241070741196076  	1 
399 	31.096166666665557	0.22216666666664445    	3.868743474456881    	5.66	B	772.3759787692237  	1 
400 	31.07816666666556 	0.2774999999999722     	9.305595504032105    	5.83	B	1077.568963769598  	1 
401 	31.070499999998894	0.24683333333330865    	1.0428688111809994   	6.16	A	21.566270454146238 	1 
402 	31.05083333333223 	0.3648333333332968     	7.162015511528365    	9.9 	B	755.5813090985301  	1 
403 	31.042499999998896	0.27249999999997276    	1.2194252978457203   	5.83	B	670.9538054682423  	1 
404 	31.04683333333223 	0.2598333333333073     	0.8747989962933244   	8.81	B	595.8899513609803  	1 
405 	31.03883333333223 	0.24183333333330914    	7.5646358183894336   	8.43	B	3024.8638935435924 	1 
406 	31.01483333333223 	0.36316666666663033    	1.8629173176819878   	4.44	B	320.7469041598728  	1 
407 	31.0004999999989  	0.37983333333329533    	7.869717932051686    	9.8 	B	1970.40780748413   	1 
408 	30.9864999999989  	0.23483333333330986    	5.497754254621633    	8.08	A	301.60482834149735 	1 
409 	30.95783333333224 	0.38316666666662835    	14.352752577101542   	9.87	B	1020.8289099798004 	1 
410 	31.059499999998895	-0.5374999999999461    	46.34897247805988    	5.51	A	1686.1664581835817 	1 
411 	31.04883333333223 	-0.4674999999999532    	3.7077436640352324   	9.76	A	44.181648304925886 	1 
412 	31.058499999998894	0.17649999999998234    	31.780755538347037   	8.33	A	977.7361036479416  	1 
413 	31.04783333333223 	0.02116666666666455    	6.284180897723072    	8.77	A	452.6988765643365  	1 
414 	31.025166666665566	-0.11183333333332215   	15.089849539550576   	4.45	A	895.7996905898351  	3 
415 	31.001833333332232	-0.14616666666665207   	2.0716956528541863   	9.92	B	64.20960313529261  	1 
416 	30.97516666666557 	-0.14783333333331855   	9.08602709861675     	4.43	B	968.2512698374248  	2 
417 	31.038499999998898	-0.7708333333332562    	6.666117455009765    	9.58	A	404.29528184974725 	1 
418 	31.006166666665568	-0.789499999999921     	5.892506279991015    	9.59	B	1314.355214141275  	2 
419 	30.99516666666557 	-0.7628333333332571    	2.598474889230845    	4.43	B	679.6048765321674  	1 
420 	31.003833333332235	-0.8038333333332529    	4.114333457416753    	9.6 	B	496.937729778811   	1 
421 	30.943166666665572	-0.8021666666665864    	56.81449236609972    	9.82	A	7870.444709429696  	1 
422 	30.833166666665583	-0.8821666666665784    	8.10347699412209     	4.34	A	1704.434084785944  	3 
423 	31.02383333333223 	0.5178333333332815     	8.671039642668246    	4.59	A	583.9082117255059  	1 
424 	31.012166666665564	-0.00016666666666665005	20.039278669845775   	9.11	A	723.6182703593955  	1 
425 	30.93883333333224 	-0.270499999999973     	19.07698763762665    	9.53	A	1306.129775373355  	1 
426 	30.847499999998917	0.3421666666666324     	36.79128255622665    	8.88	A	670.975065657209   	2 
427 	30.825499999998918	0.39516666666662714    	102.94773841241279   	9.47	A	2283.5742441685143 	1 
428 	30.820833333332253	0.2871666666666379     	5.637365359682117    	5.46	A	81.46988469160604  	1 
429 	30.92049999999891 	0.09249999999999074    	15.001305493826985   	8.99	A	872.5475084401144  	1 
430 	30.881833333332246	0.06716666666665995    	3.604153711019518    	4.49	A	348.1664830748358  	1 
431 	30.862166666665583	0.20083333333331324    	1.5506647908828703   	5.3 	B	303.4656714369629  	1 
432 	30.862166666665583	0.03449999999999655    	0.7881100977333478   	4.49	A	54.163577782311876 	1 
433 	30.84483333333225 	0.15216666666665143    	3.929736610879908    	8.97	B	409.6067796964484  	1 
434 	30.84616666666558 	0.17816666666664882    	1.3994963655300952   	5.3 	B	379.98402155980784 	1 
435 	30.82649999999892 	0.20516666666664612    	2.1265363195566938   	8.84	B	247.05817169183578 	1 
436 	30.83283333333225 	0.16916666666664973    	1.1954709014968186   	8.98	B	261.766785754212   	1 
437 	30.748499999998927	0.10583333333332275    	21.06747402268455    	5.25	B	2337.8934321691363 	1 
438 	30.80949999999892 	0.19183333333331412    	0.6965695676823159   	4.47	B	82.25473946488712  	1 
439 	30.785833333332256	0.27516666666663914    	17.01839153906085    	8.51	A	672.7613300246774  	1 
440 	30.749166666665595	0.18583333333331473    	4.138403808078816    	4.41	B	132.9918321943531  	1 
441 	30.72149999999893 	0.15416666666665124    	0.5780931373627197   	4.48	B	74.81923870446253  	1 
442 	30.701833333332264	0.12116666666665456    	11.760097515368809   	9.18	B	2963.74667656163   	2 
443 	30.683833333332267	0.05183333333332815    	10.833818178515887   	9.32	B	1855.301546669464  	1 
444 	30.712166666665595	0.13916666666665273    	0.3647603216078315   	5.25	B	77.2487542322265   	1 
445 	30.638166666665605	0.14783333333331852    	14.414096494022006   	5.25	B	1011.8467538462573 	1 
446 	30.667499999998935	0.02549999999999745    	0.4775552004300729   	4.48	B	115.02948995010938 	1 
447 	30.660833333332267	0.04783333333332855    	2.0005690828827376   	4.48	B	725.2423412129489  	1 
448 	30.579833333332278	0.12116666666665456    	22.434229177160343   	9.06	A	1205.7158309473505 	2 
449 	30.89883333333224 	-0.03449999999999655   	9.854470398493133    	4.29	A	526.7883298392517  	1 
450 	30.871499999998914	-0.12216666666665443   	9.474905822592296    	8.71	A	3396.9358217114286 	1 
451 	30.85416666666558 	-0.10816666666665584   	1.4590424372082453   	5.63	A	235.64950282127802 	1 
452 	30.846166666665585	-0.08249999999999175   	9.213477233198063    	9.07	A	2478.4146222720283 	1 
453 	30.81583333333225 	-0.7561666666665909    	4.352309798740054    	4.51	A	65.52594507936901  	1 
454 	30.811166666665585	-0.11016666666665564   	9.19243987695352     	9.0 	A	1412.8534105329277 	1 
455 	30.784499999998918	-0.7924999999999207    	0.8943591543608969   	4.54	B	161.51766981980447 	1 
456 	30.771166666665586	-0.8058333333332527    	14.656282786856941   	9.79	B	3571.239951003334  	1 
457 	30.759833333332253	-0.7798333333332553    	1.4203707006854807   	4.54	B	311.52090940713066 	1 
458 	30.774499999998923	-0.09383333333332394   	4.203498218672009    	5.29	A	755.151884283244   	1 
459 	30.767499999998922	-0.10449999999998955   	0.11313863281119654  	5.3 	A	8.760516175515534  	1 
460 	30.699166666665597	0.6844999999999315     	28.374253320775797   	9.86	B	824.9127196307155  	1 
461 	30.646499999998937	0.6981666666665968     	5.6168487266088745   	4.55	B	134.30222858795165 	3 
462 	30.58416666666561 	0.6924999999999307     	17.472594399164404   	4.73	B	287.3232285900449  	1 
463 	30.584499999998943	0.6664999999999333     	0.5026342544467471   	9.43	B	4.594099105750934  	1 
464 	30.72783333333226 	-0.07216666666665944   	3.29535042480351     	9.27	B	1973.8254923349539 	1 
465 	30.713166666665593	-0.07483333333332584   	5.834486277277883    	9.27	B	3348.3961712671253 	1 
466 	30.663833333332263	-0.027166666666663945  	38.09891497262185    	9.6 	A	5753.713316830132  	1 
467 	30.664499999998934	-0.42349999999995763   	11.305534526397665   	5.32	A	333.1927118490022  	1 
468 	30.650499999998935	-0.2071666666666459    	19.463165115862655   	9.29	A	959.1662837774727  	1 
469 	30.62149999999894 	-0.16683333333331662   	43.26269827718802    	9.04	B	2268.990943574067  	3 
470 	30.578833333332277	-0.2524999999999747    	11.780024703580846   	4.83	B	1547.2139881235805 	2 
471 	30.541499999998948	-0.246166666666642     	7.99700106182492     	9.52	B	693.6933742349402  	1 
472 	30.499166666665616	-0.2234999999999776    	8.387118600538626    	4.83	A	505.7776549120122  	1 
473 	30.622166666665603	0.5454999999999455     	21.308471356499034   	9.61	B	735.8307466107757  	1 
474 	30.62583333333227 	0.5974999999999403     	28.531293443203996   	9.64	A	696.0211600211815  	2 
475 	30.6351666666656  	0.5321666666666135     	0.6854252612263265   	4.72	B	10.43977468028303  	1 
476 	30.614166666665604	0.23683333333330964    	20.306076435727284   	5.5 	A	1011.7156913356476 	2 
477 	30.630166666665602	-0.06216666666666045   	3.078922601293708    	5.08	A	554.4847919697137  	1 
478 	30.628166666665603	-0.02883333333333045   	12.078869030952573   	9.17	A	1266.0539944709722 	1 
479 	30.598499999998943	0.6171666666666049     	3.1153164121359334   	9.57	A	288.094794536649   	1 
480 	30.56716666666561 	-0.051166666666661545  	10.968868145410742   	9.3 	B	2690.8053965934473 	1 
481 	30.521499999998948	-0.043833333333328936  	16.506182834184905   	6.38	B	2340.466715733721  	2 
482 	30.571499999998945	-0.08349999999999164   	2.0136003453302442   	8.7 	B	423.76191603856967 	1 
483 	30.438499999998957	-0.10016666666665663   	25.71515022679083    	5.03	B	3153.9820609410885 	1 
484 	30.48349999999895 	-0.05916666666666073   	15.619298436224982   	9.02	B	1625.099258476344  	1 
485 	30.470833333332287	-0.14783333333331855   	6.297263312204636    	7.19	B	795.0916759601612  	1 
486 	30.454499999998955	-0.13549999999998644   	3.8860885054173226   	5.03	B	729.2450941866139  	1 
487 	30.562833333332275	0.5654999999999434     	22.766020961887396   	9.43	A	693.605793830679   	1 
488 	30.492833333332282	0.9571666666665709     	9.693733912907701    	3.07	A	197.98047709349544 	3 
489 	30.497833333332284	-1.0304999999998967    	0.22983970880797208  	0.89	A	6.415807810324119  	2 
490 	30.48816666666562 	-1.0591666666665607    	0.055105291239715415 	0.9 	A	0.7561034276146065 	1 
491 	30.493166666665616	-0.38983333333329434   	0.18429823008022617  	0.87	A	11.26994391051924  	1 
492 	30.426166666665623	-0.21449999999997854   	0.9844436639149104   	5.86	A	290.8533023181614  	1 
493 	30.41483333333229 	0.14283333333331905    	2.8567306580425984   	5.33	B	605.8738040180949  	1 
494 	30.389833333332295	0.12216666666665445    	3.25973240006745     	7.96	B	632.8054607805609  	1 
495 	30.35516666666563 	0.10716666666665595    	24.280851368434845   	9.05	A	4007.789433197547  	3 
496 	30.311833333332302	0.15849999999998415    	4.682048049131899    	9.49	B	437.91214614361513 	1 
497 	30.420499999998956	-0.19383333333331396   	0.6967473356392285   	5.47	A	114.81776105841318 	1 
498 	30.400166666665626	-0.29583333333330375   	5.785499775225972    	8.67	A	728.8037051376904  	1 
499 	30.37716666666563 	0.30849999999996913    	0.36848475356797794  	5.27	B	15.092079528513848 	1 
500 	30.357499999998964	-0.8371666666665829    	8.997249556871614    	4.21	A	512.5223670678143  	2 
501 	30.32449999999897 	-0.8521666666665815    	0.6908791315102174   	4.38	A	18.797910871154393 	1 
502 	30.355499999998965	-0.08849999999999114   	6.305066716955183    	7.85	A	439.81803193427146 	1 
503 	30.35616666666563 	0.4224999999999577     	27.75867617051789    	9.24	A	2908.1333092905415 	1 
504 	30.362499999998963	-0.303833333333303     	4.471194869943658    	8.81	B	618.7866802233453  	1 
505 	30.3498333333323  	-0.27383333333330595   	5.964583743700075    	5.71	B	1396.5726372895963 	1 
506 	30.3318333333323  	-0.2551666666666412    	1.732633262936261    	8.57	B	584.9072394436267  	1 
507 	30.308833333332302	-0.24549999999997546   	2.1088472773748093   	5.71	B	709.1461278405395  	1 
508 	30.303166666665636	-0.28516666666663815   	12.207780587913149   	8.81	B	2864.1020515040386 	2 
509 	30.274833333332307	-0.23183333333331016   	0.637840777772182    	5.71	B	168.59661755298964 	1 
510 	30.252499999998975	-0.22783333333331057   	9.70690046610525     	8.56	B	1020.2112979568127 	2 
511 	30.262499999998973	-0.28849999999997117   	3.8579435278400482   	5.71	A	456.6674467563874  	1 
512 	30.236166666665643	-0.24549999999997546   	1.664886941086978    	8.62	B	325.52198205798345 	1 
513 	30.229166666665645	-0.22783333333331057   	0.9289257717647297   	5.74	B	298.059857076159   	1 
514 	30.218166666665645	-0.19316666666664736   	7.250377592343927    	8.52	B	3329.7304980041895 	1 
515 	30.228499999998977	-0.18283333333331506   	0.910406454189556    	8.62	A	46.33585175548975  	1 
516 	30.355499999998965	-0.3448333333332988    	5.092798710004811    	8.65	A	302.1071170691106  	1 
517 	30.335166666665632	-0.7894999999999209    	2.4096164551450747   	9.93	A	88.51578576867277  	1 
518 	30.317166666665635	-0.7854999999999214    	20.55645432759863    	9.94	A	991.4673374247933  	3 
519 	30.3218333333323  	-0.7498333333332583    	0.5312059604134889   	4.41	A	18.178862916543242 	1 
520 	30.284499999998967	-0.7431666666665924    	3.650642201305092    	4.41	A	63.14421808185648  	2 
521 	30.292166666665636	0.456166666666621      	4.576837132055626    	6.3 	A	126.52038024589687 	1 
522 	30.273499999998972	-0.03583333333332975   	1.3103032105466763   	5.31	A	43.188087192179076 	1 
523 	30.247833333332306	-0.7798333333332553    	12.661900368692415   	9.98	A	251.0080583696917  	1 
524 	30.218166666665642	-0.08583333333332474   	6.614645944970704    	9.19	A	275.9331606069906  	1 
525 	30.14816666666565 	0.23149999999997684    	79.50938630447418    	8.93	A	2225.4401671645787 	2 
526 	30.122166666665652	0.06816666666665985    	42.75893017578134    	5.85	B	2085.469214317546  	3 
527 	30.06316666666566 	0.10849999999998915    	23.27091871668754    	5.38	B	1343.548254246644  	2 
528 	30.13816666666565 	-0.07416666666665925   	25.349378162423466   	4.86	A	650.497266512694   	2 
529 	30.131166666665656	-0.6441666666666022    	14.937862752730263   	4.53	A	178.79453565685358 	1 
530 	30.132166666665654	-0.18816666666664786   	26.305237285824344   	9.0 	A	779.855333884152   	1 
531 	30.086499999998992	-0.2781666666666388    	14.623737982961003   	9.04	A	832.684816539165   	1 
532 	30.07049999999899 	-0.552833333333278     	19.63568169861338    	8.57	A	457.84742079951843 	2 
533 	30.011166666665666	-0.26149999999997386   	15.221669004862195   	8.75	B	3261.4433784207235 	1 
534 	29.969499999999   	-0.2598333333333074    	4.370630292525332    	4.03	B	587.8539649084581  	1 
535 	30.00516666666567 	-0.036166666666663044  	9.596769057077859    	9.24	B	3628.542303048741  	2 
536 	30.022833333332333	-0.052499999999994745  	4.110032096986718    	9.34	B	1148.5753533759728 	1 
537 	30.017499999999   	-0.08349999999999164   	2.395523573912502    	5.64	B	410.14581491223544 	1 
538 	29.999833333332337	0.0001666666666666483  	6.050477878488634    	8.88	B	1918.5541726811014 	1 
539 	29.97283333333234 	-0.045833333333328743  	12.591326093795507   	8.81	B	7182.574866874258  	1 
540 	30.008166666665666	0.28849999999997117    	14.422930064116708   	8.88	A	349.3120968310564  	1 
541 	29.958833333332336	-0.4198333333332913    	17.49981967921249    	4.15	A	773.0618326851582  	3 
542 	30.012166666665664	0.09449999999999054    	9.044773841154333    	8.51	A	996.0782965304412  	1 
543 	30.000499999998997	-1.079499999999892     	2.609356568086045    	4.34	A	114.74574321293716 	1 
544 	29.962499999999004	-0.7904999999999208    	4.665956173620811    	4.75	B	421.67576207127865 	2 
545 	29.888499999999013	-0.8054999999999194    	31.206978491358917   	9.74	B	5144.976258121554  	2 
546 	29.851499999999017	-0.7641666666665902    	73.53799287558576    	9.77	B	6061.199929426401  	1 
547 	29.87516666666568 	-0.7868333333332546    	2.390289908176738    	4.7 	B	145.36320272624297 	1 
548 	29.861499999999015	-0.8211666666665844    	0.6827110997081841   	4.75	B	80.33494163126342  	1 
549 	29.953166666665673	0.15416666666665124    	4.336691163313797    	5.26	A	239.77232695298906 	1 
550 	29.92883333333234 	-0.8951666666665771    	8.24165953825363     	4.04	A	156.58824171098343 	2 
551 	29.912166666665673	-1.0741666666665592    	3.2085854463506225   	2.87	A	77.40040040497334  	1 
552 	29.900833333332343	-0.21516666666664513   	62.92598546577432    	8.98	A	3850.011749920161  	3 
553 	29.893166666665675	-0.28149999999997183   	8.255321846147972    	8.74	A	620.0537263807614  	1 
554 	29.84616666666568 	-0.4744999999999525    	7.118882378737123    	3.97	A	252.58742753790506 	1 
555 	29.868499999999013	-0.3111666666666355    	5.402897798108943    	8.82	A	450.03050667796066 	1 
556 	29.87116666666568 	-0.29016666666663765   	0.9057489486108559   	8.82	A	111.11426485218502 	1 
557 	29.858833333332345	0.03016666666666365    	5.204969096039382    	8.76	B	1235.6755134919463 	1 
558 	29.84616666666568 	0.002833333333333049   	0.27588268934782956  	5.71	B	58.07854060733718  	1 
559 	29.837499999999014	-0.03249999999999675   	4.078865693684598    	8.91	B	969.3803668099167  	1 
560 	29.82883333333235 	-0.06316666666666035   	4.33702097597884     	8.88	B	631.4783719450849  	1 
561 	29.82583333333235 	-0.044166666666662246  	0.9843494355930559   	5.71	B	197.61335361703277 	1 
562 	29.79949999999902 	-0.03283333333333005   	6.661681832759638    	9.38	B	667.3990108515119  	1 
563 	29.849833333332345	-0.2664999999999733    	21.499318471871337   	9.12	A	795.5185997355537  	1 
564 	29.81083333333235 	0.22416666666664425    	1.544216947188934    	9.78	B	128.60652978624145 	1 
565 	29.777166666665686	0.21216666666664546    	7.224875021959245    	4.68	B	640.3743840282308  	1 
566 	29.792166666665686	-0.08016666666665864   	3.8214161084128664   	8.92	A	224.75492620526376 	1 
567 	29.786833333332353	-0.27049999999997293   	7.852790876806851    	9.01	A	938.984871362055   	2 
568 	29.774833333332353	-0.30183333333330314   	23.064017230977797   	9.4 	A	1823.4683866987893 	1 
569 	29.74483333333236 	-0.8801666666665786    	5.0532969790137106   	4.39	A	91.99074739170389  	1 
570 	29.750499999999025	0.14516666666665212    	4.7504433516247655   	8.76	A	405.35223021305666 	1 
571 	29.71849999999903 	-0.7901666666665876    	71.647686177067      	9.83	A	2669.1355083252033 	3 
572 	29.722166666665697	-0.32316666666663435   	3.6106744665851997   	9.83	A	104.44376792450521 	1 
573 	29.57516666666571 	-0.6048333333332728    	44.95607414953487    	4.36	A	2815.952152501477  	8 
574 	29.634499999999036	0.10749999999998924    	8.87349800577006     	6.06	B	235.01878187548527 	1 
575 	29.62383333333237 	0.256166666666641      	7.043436269444953    	4.39	A	467.3272120806972  	2 
576 	29.56416666666571 	0.22349999999997763    	7.336905023363588    	4.44	B	369.70928071001566 	3 
577 	29.600166666665707	0.11349999999998864    	7.923023970039679    	8.43	B	151.07762220045083 	1 
578 	29.559833333332378	0.18383333333331492    	7.282859069662929    	4.44	B	697.962926811191   	1 
579 	29.530499999999048	0.17716666666664893    	6.2277339156732605   	10.0	B	855.4444914181832  	1 
580 	29.491833333332384	0.15149999999998484    	4.46779883925451     	4.44	B	255.529918569268   	1 
581 	29.500166666665717	0.19916666666664673    	1.6894364786428342   	4.44	B	199.74504162186318 	1 
582 	29.63983333333237 	0.3711666666666295     	8.087760383579715    	9.89	A	577.2155703471407  	1 
583 	29.606166666665704	-0.011499999999998851  	9.665083321183149    	5.63	A	291.89712471410456 	1 
584 	29.59183333333237 	-0.38349999999996165   	7.054101405930338    	9.35	B	315.43890020989363 	1 
585 	29.559833333332374	-0.3558333333332977    	32.14587150756174    	9.35	B	2122.959075457421  	2 
586 	29.55516666666571 	-0.4098333333332923    	27.083133459933048   	9.35	B	1612.0449979706866 	3 
587 	29.501166666665714	-0.32783333333330056   	14.656626388537186   	9.31	A	551.7786607309201  	1 
588 	29.52883333333238 	-0.08016666666665866   	2.2802846039918645   	3.95	A	63.38398488844324  	1 
589 	29.50183333333238 	0.38549999999996143    	4.771880328693052    	4.61	A	426.36695449674926 	1 
590 	29.509499999999047	-0.20049999999997992   	2.929395725369792    	4.75	A	124.90628306771056 	1 
591 	29.476833333332387	-0.24816666666664183   	6.8100942963149995   	4.38	B	672.4938814484522  	2 
592 	29.469166666665718	-0.20449999999997953   	4.604466216340024    	9.74	B	349.3770161360509  	1 
593 	29.433166666665723	-0.21149999999997882   	8.809810667039162    	9.36	A	242.32336157733315 	1 
594 	29.462833333332387	-0.8391666666665827    	1.4468805664153668   	4.54	A	43.84564575182556  	1 
595 	29.44083333333239 	0.12983333333332034    	3.9216588507579098   	4.48	B	315.98167719045574 	1 
596 	29.41783333333239 	0.14116666666665253    	22.869630484880016   	9.98	B	2034.1981375842101 	1 
597 	29.390499999999058	0.18916666666664775    	5.238709577462197    	9.98	B	312.76656347021594 	1 
598 	29.429166666665722	-0.17316666666664934   	4.009837497732551    	4.8 	A	358.40381580265614 	1 
599 	29.41249999999906 	-0.7381666666665928    	0.2228337349235855   	0.72	A	11.73174827351987  	1 
600 	29.413499999999058	-0.719499999999928     	0.0016120083084160519	0.68	A	0.01624633884310655	1 
601 	29.410499999999058	-0.645166666666602     	8.234000887700969    	3.68	A	370.16283626145986 	3 
602 	29.42383333333239 	-0.5071666666666159    	1.84065017014419     	3.79	A	37.376678654044426 	1 
603 	29.375833333332395	-0.5871666666666079    	1.3615799177457817   	3.72	B	55.98592650976962  	1 
604 	29.290166666665737	-0.6284999999999371    	4.4444553971412875   	3.72	B	379.21790730229986 	2 
605 	29.3398333333324  	-0.6191666666666047    	0.3527637599193962   	4.76	B	24.651714687582302 	1 
606 	29.241499999999075	-0.6731666666665993    	13.2805396821781     	4.64	B	616.6478789093043  	5 
607 	29.227166666665745	-0.6291666666666037    	1.9117088239695776   	3.74	B	95.71929399258576  	1 
608 	29.23083333333241 	-0.6118333333332721    	0.9254477583740021   	4.64	B	51.054176207142106 	1 
609 	29.389833333332394	-0.09349999999999065   	42.2446179319284     	8.7 	A	3308.4493692584288 	2 
610 	29.370499999999062	-0.11649999999998834   	0.30462825062995846  	5.6 	A	17.53298838987722  	1 
611 	29.36949999999906 	-0.4548333333332878    	6.190263969333597    	4.52	A	660.9345523394499  	1 
612 	29.3418333333324  	-0.4514999999999548    	2.951231040484022    	4.35	A	288.3522487127851  	2 
613 	29.359833333332396	-0.678499999999932     	0.3789393046464266   	4.52	B	23.494877251411467 	1 
614 	29.350499999999062	-0.7964999999999203    	0.02297503103645402  	0.68	A	1.018385584889083  	1 
615 	29.340499999999064	-0.7554999999999243    	1.7077458403537378   	3.85	B	91.56919655354157  	1 
616 	29.340833333332398	-0.6864999999999313    	0.5879562974131153   	3.8 	B	22.48186842332062  	1 
617 	29.340833333332398	-0.7791666666665886    	0.025416519348229787 	0.68	B	2.411245568747558  	1 
618 	29.336499999999067	-0.7894999999999209    	0.007277513237023923 	0.68	B	0.8858711372758694 	1 
619 	29.322499999999067	-0.8088333333332524    	0.16913566785487644  	0.68	B	22.177502074783316 	3 
620 	29.309166666665735	-0.7648333333332568    	0.49039359266592136  	3.72	B	58.72905622596889  	1 
621 	29.273833333332405	-0.7838333333332549    	0.029642172195534004 	0.68	B	2.396334092034922  	1 
622 	29.248499999999073	-0.7614999999999238    	0.057994215156228324 	3.86	B	3.5166829854125647 	1 
623 	29.325499999999067	0.13949999999998602    	26.49565440663152    	9.94	A	2280.1297107032997 	1 
624 	29.29349999999907 	0.12949999999998704    	5.146431132019555    	4.66	A	529.3644670196825  	2 
625 	29.302166666665734	0.36616666666663006    	2.207079439825472    	4.56	B	51.62208642474286  	1 
626 	29.296166666665737	-0.4521666666666214    	2.146082400914834    	4.57	A	54.55901943520874  	1 
627 	29.279166666665738	-0.10216666666665644   	1.9371644697330606   	5.44	B	305.71700635373594 	1 
628 	29.273833333332405	-0.12949999999998704   	1.5270961755729409   	3.62	B	285.87853662001027 	1 
629 	29.252833333332408	-0.14516666666665215   	0.09845408301025468  	2.96	B	4.734526806557806  	1 
630 	29.246499999999077	0.08016666666665864    	19.51712378651863    	5.31	B	2371.6480105481223 	1 
631 	29.229166666665744	0.024166666666664248   	6.242311216449971    	5.31	B	1208.636232865569  	2 
632 	29.191833333332415	0.13183333333332015    	27.905094127824725   	9.09	A	1519.5414645722785 	1 
633 	29.210166666665746	0.004166666666666249   	0.9333405243369625   	5.31	B	153.34177801558292 	1 
634 	29.187499999999083	0.002833333333333049   	9.173464465869612    	9.27	B	1450.0355205424678 	1 
635 	29.15083333333242 	0.13849999999998613    	0.4771428262903534   	4.57	B	134.03248279532932 	1 
636 	29.14549999999909 	0.12649999999998734    	0.28173075826539257  	5.33	B	85.95363911946093  	1 
637 	29.13883333333242 	0.03249999999999674    	1.246607772377051    	5.36	B	293.31368055529475 	1 
638 	29.110833333332423	0.10416666666665625    	4.164422914837595    	5.33	B	748.7953274011101  	2 
639 	29.11749999999909 	0.025166666666664145   	2.6799149927232078   	5.36	B	613.0230810001358  	1 
640 	29.090833333332426	0.09049999999999095    	1.9319257473481282   	9.23	B	205.33041775929652 	1 
641 	29.07416666666576 	0.024833333333330848   	1.5555633774568671   	9.2 	B	76.64798152524332  	1 
642 	28.9924999999991  	0.03116666666666354    	25.31625066601913    	5.36	B	2701.402733789932  	4 
643 	28.88016666666578 	0.06916666666665974    	64.88753904460678    	5.39	B	5610.689245313325  	2 
644 	28.92249999999911 	0.12583333333332075    	29.59135961020496    	8.63	A	749.856102282888   	1 
645 	28.934499999999108	0.033499999999996644   	1.3186943610701525   	9.41	A	20.872397684257134 	1 
646 	28.875499999999114	0.10649999999998935    	0.3682274601566727   	3.25	B	24.505497777289126 	1 
647 	29.236499999999076	-0.05083333333332825   	0.7725809352125588   	3.66	A	138.4070035851921  	1 
648 	29.234166666665747	-0.3321666666666334    	5.972673119899681    	5.08	A	191.68949293897592 	1 
649 	29.212166666665745	-0.15249999999998473   	9.486457707155964    	5.34	A	221.49942657112229 	1 
650 	29.200166666665744	-0.3431666666666323    	1.0871033322537813   	5.15	B	72.28750597061459  	1 
651 	29.174166666665748	-0.3288333333333004    	2.3490422590594826   	9.32	B	124.91523520238437 	1 
652 	29.14283333333242 	-0.3331666666666333    	6.665352800977973    	5.15	B	485.2126340636893  	2 
653 	29.11783333333242 	-0.3224999999999677    	1.6599738818009036   	5.16	B	160.8921595122282  	1 
654 	29.11683333333242 	-0.3464999999999653    	1.5395364396104017   	9.5 	B	77.30150341752243  	1 
655 	29.103166666665754	-0.29783333333330353   	9.36268559776321     	9.38	B	906.3072855174078  	1 
656 	29.078833333332422	-0.2878333333333045    	2.17257505914514     	9.39	B	50.22673893410294  	1 
657 	29.183833333332416	0.5674999999999433     	3.3889439341091196   	9.85	A	378.9374898991636  	1 
658 	29.152499999999083	-0.7788333333332554    	2.521707616958035    	3.5 	A	101.46960575904527 	2 
659 	29.12383333333242 	0.24083333333330925    	22.413325436270032   	5.21	B	934.695578385533   	1 
660 	29.140166666665753	0.20016666666664665    	2.615730575902062    	4.55	B	93.47641427237296  	1 
661 	29.106499999999087	0.20183333333331316    	0.43540416096950346  	9.23	B	8.453731787729367  	1 
662 	29.12583333333242 	-0.6354999999999364    	0.45068993417188163  	3.5 	B	4.788283503484122  	1 
663 	29.103166666665754	-0.6098333333332724    	3.3396860687057477   	2.99	B	109.15824480786776 	2 
664 	29.09916666666576 	-0.5404999999999459    	19.96886754126963    	4.49	A	399.3360302997137  	3 
665 	29.046166666665762	-0.6318333333332701    	6.589526332836904    	3.5 	A	171.4599879789659  	4 
666 	29.02683333333243 	-0.6231666666666043    	0.6882661368218248   	3.5 	A	13.018583774145053 	1 
667 	29.045499999999095	0.2874999999999713     	11.4401752634815     	9.3 	A	340.3640862581886  	1 
668 	28.985166666665766	-0.18583333333331475   	0.8261337606955127   	9.32	B	121.19072758554755 	1 
669 	28.962833333332437	-0.04783333333332855   	176.87463633091915   	9.33	A	8445.886488909733  	3 
670 	28.962833333332437	-0.7351666666665931    	10.080119407610402   	3.3 	A	512.3038927780868  	1 
671 	28.900833333332443	-0.46149999999995384   	18.382679102896628   	9.98	A	1337.3625482143002 	2 
672 	28.973833333332436	0.40683333333329263    	2.1169620282054833   	9.25	B	97.55081264673683  	1 
673 	28.956166666665773	-0.20149999999997983   	0.9992328904152055   	5.27	A	107.40653001900786 	1 
674 	28.79049999999912 	0.13816666666665284    	24.954966012247894   	3.14	A	1174.3869888646152 	1 
675 	28.847499999999116	0.2511666666666415     	2.0721129381036403   	3.29	A	82.43359796237984  	1 
676 	28.72383333333246 	0.11816666666665482    	1.9069504866402898   	8.65	B	117.82197162343782 	1 
677 	28.718833333332462	0.14583333333331877    	32.40610825422396    	9.16	B	2530.8202798052043 	1 
678 	28.705166666665797	0.11683333333332163    	0.24326239448599263  	9.25	B	14.65907668438474  	1 
679 	28.6651666666658  	-0.059833333333327354  	1.319846569691226    	5.31	B	45.14622112480998  	1 
680 	28.641499999999137	-0.07449999999999257   	3.697097332598561    	5.31	B	252.07109818113116 	1 
681 	28.66083333333247 	0.1418333333333191     	0.8331119737790427   	4.45	B	235.7480376926561  	1 
682 	28.648499999999135	0.12483333333332086    	0.4184176139425829   	8.79	B	126.09046042525003 	1 
683 	28.64483333333247 	0.13749999999998624    	0.27748057694651945  	4.45	B	66.45257009040066  	1 
684 	28.60949999999914 	-0.25816666666664084   	19.519264092818187   	8.87	A	1678.9895310677464 	1 
685 	28.629499999999137	0.15816666666665086    	4.724235866068951    	5.61	B	282.59057999347493 	2 
686 	28.52783333333248 	-0.25083333333330826   	21.156672887552272   	5.31	B	3730.165481570702  	4 
687 	28.55583333333248 	-0.010499999999998955  	19.676285078503145   	9.84	B	1997.13470028297   	2 
688 	28.50949999999915 	-0.13883333333331943   	20.564030284675734   	5.31	B	1865.380008215787  	1 
689 	28.54483333333248 	-0.32216666666663446   	7.62609829240968     	5.31	B	1186.4208063692877 	1 
690 	28.54049999999915 	-0.28283333333330507   	5.485522836287179    	5.31	B	1010.7896757298759 	1 
691 	28.54783333333248 	0.19883333333331338    	2.615834741521078    	5.31	B	132.89408269318997 	1 
692 	28.514833333332483	-0.37449999999996253   	3.054758570621146    	2.95	B	411.1704529624409  	1 
693 	28.520833333332483	-0.04949999999999505   	6.283347660771534    	5.31	B	616.7943226466979  	1 
694 	28.524166666665817	-0.09949999999999004   	0.7572219353671015   	9.82	A	15.127423951647707 	1 
695 	28.525833333332482	0.22516666666664414    	2.4469172846625478   	5.31	B	105.17865194350098 	1 
696 	28.44983333333249 	0.1954999999999804     	20.9314496117409     	5.31	B	1718.838105452416  	2 
697 	28.49549999999915 	-0.18683333333331464   	4.459611728248084    	5.31	B	305.0843369643512  	1 
698 	28.48516666666582 	-0.04916666666666175   	11.977804031421657   	9.73	B	636.6906876271396  	1 
699 	28.39349999999916 	-0.11316666666665537   	74.90868893331411    	5.31	B	4638.430949563229  	3 
700 	28.481833333332485	-0.37116666666662956   	2.36484439601942     	5.31	A	251.44905592396168 	1 
701 	28.471499999999153	0.04683333333332862    	0.8000405811341551   	4.47	A	74.38017916293222  	1 
702 	28.470499999999156	-0.13983333333331938   	0.48098530088530583  	5.31	B	24.135908703405338 	1 
703 	28.443166666665824	0.28116666666663853    	8.830575800234191    	4.54	A	443.64785952875593 	2 
704 	28.447166666665822	-0.32883333333330045   	2.265075056221831    	2.95	B	311.73288439345447 	2 
705 	28.406833333332493	0.07749999999999224    	53.45235456862297    	5.31	B	14342.240147959305 	6 
706 	28.397833333332496	0.12649999999998734    	8.706406547572708    	5.31	B	899.1854483961331  	2 
707 	28.417166666665825	0.20616666666664601    	2.4684188880087614   	9.14	B	208.7679280268069  	1 
708 	28.40149999999916 	0.20583333333331272    	0.542949439180288    	9.52	B	18.27390609996101  	1 
709 	28.364499999999165	0.1204999999999879     	21.785580255178097   	5.31	B	3024.903347913411  	5 
710 	28.357499999999167	-0.34483333333329885   	3.463285033557093    	5.31	B	259.2828810636867  	1 
711 	28.312833333332502	-0.30549999999996946   	4.022525879427707    	5.31	B	337.6774366627329  	1 
712 	28.354499999999167	-0.37683333333329566   	4.270653217185999    	5.31	B	327.2539112879697  	1 
713 	28.3418333333325  	0.03416666666666324    	6.472306171833619    	5.31	B	642.6661619811485  	2 
714 	28.272499999999173	-0.16916666666664976   	25.410148058278082   	5.31	B	4912.851611870594  	2 
715 	28.280833333332506	0.2548333333333079     	9.28148844358632     	9.78	B	306.07011666740937 	1 
716 	28.26116666666584 	-0.24749999999997524   	9.938160230246877    	9.41	B	732.4491598876851  	1 
717 	28.25183333333251 	0.19383333333331393    	3.1412535903473415   	5.41	A	103.49968548785706 	1 
718 	28.226166666665847	0.0014999999999998348  	7.448167009790609    	8.84	A	658.1674428877341  	1 
719 	28.232499999999177	0.23383333333330997    	1.356908751768123    	9.77	B	140.50087104521063 	1 
720 	28.224166666665845	0.2181666666666448     	1.832605853630247    	5.48	B	204.1504856026959  	1 
721 	28.22749999999918 	-0.18816666666664786   	0.338789249631515    	5.31	B	39.07990004712495  	1 
722 	28.206833333332515	-0.038833333333329445  	7.5192992117996855   	9.48	B	1394.557754167889  	1 
723 	28.20716666666585 	0.02483333333333082    	3.566666459025772    	5.91	B	537.2003724552196  	1 
724 	28.193499999999183	0.012833333333332031   	0.8062534057194487   	5.91	B	95.84257583661989  	1 
725 	28.196499999999183	-0.05583333333332774   	1.5116680884966756   	5.31	B	275.77743337130767 	1 
726 	28.184833333332517	-0.08649999999999136   	2.3972918171108892   	5.31	B	313.69930964209965 	1 
727 	28.18416666666585 	-0.20483333333331286   	1.6586946511004164   	9.2 	B	279.50505518534504 	1 
728 	28.180499999999185	-0.21783333333331156   	1.2749058303616827   	9.19	B	76.948126372079    	1 
729 	28.16516666666585 	-0.20916666666664574   	1.4343668794258226   	5.31	B	235.46520734261802 	2 
730 	28.139499999999188	-0.14149999999998586   	1.676587783568921    	9.38	B	67.78447233461331  	1 
731 	28.836166666665783	0.49283333333328405    	4.417660274120959    	9.84	B	1272.7392703570272 	2 
732 	28.82483333333245 	0.48416666666661823    	0.3780707253049181   	4.76	B	90.4162250749628   	1 
733 	28.85883333333245 	0.316166666666635      	11.133462075844989   	9.0 	A	465.6153405255489  	2 
734 	28.854833333332447	0.37883333333329544    	2.818388602183995    	9.84	A	194.94426033072912 	1 
735 	28.84116666666578 	-0.4171666666666249    	11.77744428603318    	9.1 	A	592.3023124340888  	3 
736 	28.829166666665785	-0.33583333333329973   	14.404623883965522   	9.08	A	962.1697920466781  	1 
737 	28.815833333332453	0.4248333333332908     	8.028057579469808    	4.98	A	419.7613656531381  	1 
738 	28.786833333332456	-0.15516666666665113   	3.145442922644293    	5.4 	A	246.26679936418213 	1 
739 	28.761833333332454	-0.5484999999999451    	4.0227289915539455   	9.85	B	152.76436264786614 	1 
740 	28.742499999999122	-0.6341666666666032    	6.456322042888549    	4.65	A	175.87581233263748 	1 
741 	28.734166666665793	-0.3041666666666363    	17.290444838824225   	4.91	B	3507.7541475736043 	2 
742 	28.74916666666579 	-0.2698333333333064    	0.5608703392189254   	9.49	B	79.93305583761237  	1 
743 	28.778833333332454	0.19783333333331354    	5.569092327236916    	5.83	A	434.09854310921685 	1 
744 	28.717499999999127	0.45049999999995494    	5.468863390830265    	4.93	B	701.497193304797   	1 
745 	28.70083333333246 	0.43283333333329005    	11.66874719181933    	9.53	B	1402.1495216133926 	1 
746 	28.641499999999134	0.2778333333333055     	0.2693071838778979   	5.15	A	25.8693409104372   	1 
747 	28.60149999999914 	-0.33049999999996693   	2.517876504592841    	4.24	A	184.49577804158181 	1 
748 	28.418833333332493	-0.4114999999999588    	0.09434080352911041  	2.81	A	3.839003425655414  	1 
749 	28.396499999999158	-0.6051666666666061    	6.469763178228295    	4.19	A	108.32255103390624 	1 
750 	28.357499999999163	-0.26383333333330694   	0.4184572142071554   	2.91	B	21.910571061775038 	1 
751 	28.344499999999165	-0.24016666666664263   	5.451633715102059    	9.2 	B	222.97690857182167 	1 
752 	28.20049999999918 	-0.402833333333293     	0.5332671101841928   	3.01	B	48.586276257941556 	1 
753 	28.18083333333252 	-0.4044999999999595    	0.2113600253437509   	4.37	B	18.468820026066528 	1 
754 	28.167833333332517	-0.426166666666624     	0.3694644979598813   	4.38	B	6.962494153948079  	1 
755 	28.14983333333252 	0.014166666666665249   	20.568743995553024   	5.37	A	1572.4567429989763 	3 
756 	28.13216666666585 	0.21749999999997827    	8.004428697295692    	9.73	B	451.36134108118523 	1 
757 	28.126166666665853	0.18649999999998135    	0.6297473806226349   	5.13	B	54.117795672129446 	1 
758 	28.073166666665855	0.11716666666665496    	19.590755147686323   	5.13	B	2125.580929582654  	2 
759 	28.102499999999186	0.20783333333331255    	0.39459418616100034  	5.13	B	40.60432240605747  	1 
760 	28.087833333332522	0.06883333333332645    	9.704966903648506    	4.42	B	1298.1030151610398 	1 
761 	28.00283333333253 	0.15516666666665116    	15.178317038301213   	4.52	A	884.1103748080122  	1 
762 	27.899499999999207	0.0001666666666666483  	27.42072190769576    	5.4 	B	1916.047620449716  	3 
763 	27.909499999999205	0.06816666666665985    	0.18289589332648845  	0.89	B	22.234789352059686 	1 
764 	27.886833333332543	0.04116666666666255    	2.3870676211099227   	3.07	B	310.4985893164058  	1 
765 	27.892499999999206	0.11883333333332144    	0.45796526431739704  	5.71	A	13.28868395733635  	1 
766 	27.869833333332544	-0.03716666666666294   	5.731284095468283    	5.36	B	220.08433334656672 	1 
767 	27.86349999999921 	0.06983333333332636    	2.552331483096959    	5.7 	B	577.6494362788372  	1 
768 	27.858833333332544	0.10816666666665584    	2.0485104222595263   	4.42	B	471.7129956491529  	1 
769 	28.117499999999186	-0.34349999999996567   	4.268814834134386    	2.96	A	85.60695440211228  	2 
770 	28.111833333332523	-0.44916666666662175   	4.385951469041165    	2.96	A	168.77706757941422 	2 
771 	28.047166666665863	-0.45983333333328735   	4.4113517048959885   	2.89	A	198.1673385072238  	2 
772 	27.956499999999206	-0.46716666666662      	13.24170536118448    	2.95	A	566.1620698478198  	3 
773 	28.086166666665857	-0.11583333333332174   	1.55514173617831     	9.25	B	447.94186012065046 	1 
774 	28.083166666665857	-0.10683333333332264   	0.1312694548677241   	2.91	B	40.66010909817792  	1 
775 	28.051499999999194	-0.12783333333332053   	15.427887890319122   	9.35	B	3774.957595646998  	1 
776 	28.05716666666586 	-0.26983333333330634   	6.677908748557557    	5.44	A	149.54526545108567 	2 
777 	28.015499999999196	-0.2564999999999743    	5.649830670040761    	9.3 	A	121.42380144304617 	1 
778 	27.991166666665865	0.272833333333306      	8.399668350846035    	5.37	A	492.21431037952004 	1 
779 	27.965499999999203	-0.19883333333331343   	10.669762828603016   	5.29	A	492.96953733974016 	1 
780 	27.941833333332536	-0.19916666666664673   	3.2163697042040162   	5.3 	B	261.9125023457626  	1 
781 	27.89383333333254 	-0.19583333333331374   	10.197495035190833   	9.29	B	712.3754951257051  	2 
782 	27.97616666666587 	-0.23649999999997637   	9.639568495024276    	9.29	A	250.48894298371988 	1 
783 	27.955833333332535	-0.5534999999999446    	2.3572494917388047   	3.36	A	319.9344832208343  	1 
784 	27.89449999999921 	0.3431666666666323     	58.10742991293272    	9.39	A	1071.4840920938634 	1 
785 	27.924166666665872	-0.12883333333332045   	12.212650543834323   	9.26	A	444.25651061652883 	1 
786 	27.89516666666588 	-0.3941666666666272    	0.7234000567850813   	2.97	A	68.79656129055877  	1 
787 	27.832166666665884	-0.3384999999999661    	3.4630022673602174   	2.95	A	220.167995933275   	2 
788 	27.768499999999225	-0.2558333333333077    	0.755616198792895    	9.11	A	11.21258458207587  	1 
789 	27.75483333333256 	-0.2684999999999731    	2.5045596734681967   	2.94	A	124.0203981275798  	1 
790 	27.83883333333255 	-0.22083333333331123   	13.011485330758626   	5.2 	A	1199.6030413578628 	2 
791 	27.83583333333255 	0.3638333333332969     	29.671757776582215   	9.46	A	714.1253491394722  	2 
792 	27.817499999999217	0.12649999999998734    	4.785232881287124    	4.58	B	458.2899609278305  	2 
793 	27.773166666665887	0.17216666666664943    	1.4522830714330055   	5.56	B	182.84763690118308 	1 
794 	27.761499999999224	0.15683333333331764    	5.259701183554925    	9.19	B	560.2273017439757  	1 
795 	27.73983333333256 	0.17116666666664954    	1.0682860345339327   	5.56	B	435.63219629379086 	1 
796 	27.742499999999225	0.18783333333331453    	1.0957503715637937   	9.17	B	341.8006668283104  	1 
797 	27.766833333332553	0.053833333333327946   	5.055717282876259    	5.28	B	991.6927353412841  	3 
798 	27.73083333333256 	0.03583333333332975    	1.8485426551821968   	9.47	B	280.05487395448995 	1 
799 	27.717499999999227	0.02283333333333105    	3.57806643088219     	5.28	B	557.8833404776375  	2 
800 	27.70683333333256 	-0.012833333333332052  	2.162711059704521    	9.48	B	239.29520565467274 	1 
801 	27.78316666666589 	0.4021666666666264     	8.319434376642684    	4.71	A	261.6524354023395  	1 
802 	27.79049999999922 	0.21483333333331184    	9.00089955048828     	5.37	A	379.16719711677507 	1 
803 	27.712499999999228	-0.12049999999998795   	21.088171825275893   	4.37	A	860.0832413462781  	2 
804 	27.739499999999225	-0.12683333333332064   	0.681788616621925    	4.38	A	7.529476986587685  	1 
805 	27.721499999999228	0.29183333333330413    	7.151807890099673    	9.56	A	158.44976509118024 	1 
806 	27.68749999999923 	0.29649999999997034    	45.0714541336284     	9.55	A	1255.346182585234  	3 
807 	27.6651666666659  	0.11383333333332195    	4.081713233632314    	5.39	B	1404.311183493786  	1 
808 	27.6651666666659  	0.12683333333332064    	2.110904057577858    	9.32	B	550.7126342233547  	1 
809 	27.617166666665902	-0.8674999999999132    	5.294377652769609    	4.82	A	319.60510366580905 	2 
810 	27.60049999999924 	-0.2954999999999704    	25.54930851232773    	9.58	A	575.8219227262769  	1 
811 	27.615166666665903	0.10849999999998913    	1.231327458595763    	4.68	A	114.89840802639878 	1 
812 	27.591499999999243	0.022499999999997747   	12.677364698472358   	9.8 	A	1086.790016779618  	2 
813 	27.549499999999245	0.3374999999999662     	47.65473306441078    	9.46	A	1221.0894704431018 	2 
814 	27.551166666665914	-0.9404999999999059    	2.0228546225434147   	4.8 	A	417.17201955642605 	1 
815 	27.537499999999245	-0.9741666666665691    	0.4667116461372785   	4.81	A	8.029870904172688  	1 
816 	27.53616666666591 	-1.0068333333332324    	0.20509281639511107  	4.8 	A	6.631435325560608  	1 
817 	27.514166666665915	-1.0004999999998998    	6.724392987737804    	4.8 	A	288.01587049532105 	3 
818 	27.444499999999252	0.10216666666665644    	46.206792632452824   	5.38	A	2191.5734499739583 	4 
819 	27.488499999999252	-0.04383333333332895   	0.33325619574166915  	5.35	A	74.51820341537011  	1 
820 	27.45816666666592 	-0.15283333333331806   	14.710482897279842   	5.0 	A	355.7493751877687  	1 
821 	27.43383333333259 	0.44549999999995543    	24.483566899716358   	9.8 	A	437.1903314735871  	1 
822 	27.43583333333259 	-0.8311666666665835    	5.707987009357077    	4.86	A	289.8911798086435  	1 
823 	27.419166666665923	-0.2988333333333034    	31.241747780886048   	9.04	A	1245.947090903939  	2 
824 	27.407166666665926	-0.17549999999998245   	5.950836789394052    	5.08	A	300.5732600971387  	1 
825 	27.355833333332598	-0.15183333333331817   	23.095686611794193   	8.0 	A	1660.6051844821181 	1 
826 	27.358833333332598	-0.36616666666663006   	37.151346377841406   	5.79	A	1069.773541437355  	8 
827 	27.346499999999267	-0.09049999999999095   	17.56180846782601    	9.76	A	319.291812562706   	1 
828 	27.342499999999266	0.002833333333333049   	31.16246357333586    	9.57	A	2304.3849734770088 	2 
829 	27.290166666665936	-0.025833333333330745  	47.684482668400996   	9.65	A	1153.4619278677926 	1 
830 	27.34416666666593 	0.18883333333331445    	8.999664689007302    	9.97	A	673.3937608538075  	1 
831 	27.283499999999272	0.39883333333329346    	2.7106821136653823   	4.69	A	57.75800724423675  	1 
832 	27.24416666666594 	-0.2714999999999728    	4.658625216949805    	4.1 	A	86.70403978019614  	1 
833 	27.25016666666594 	0.10849999999998915    	5.343823192965313    	9.86	A	424.17203673348274 	1 
834 	27.22083333333261 	0.04316666666666234    	5.501464640334089    	8.75	A	302.3738137239193  	1 
835 	27.169833333332615	0.12583333333332075    	24.15191759471045    	9.32	B	864.5560541550134  	1 
836 	27.14683333333262 	0.14483333333331883    	1.8969842677475037   	5.16	B	118.73381082339341 	1 
837 	27.104166666665957	0.13716666666665295    	4.503197332985405    	5.16	B	266.34839880051084 	1 
838 	27.078833333332625	0.18216666666664844    	5.241263896066262    	5.16	B	378.1577098706932  	2 
839 	27.07616666666596 	0.11716666666665494    	2.2411493446799597   	8.79	B	42.84947783165641  	1 
840 	27.041166666665962	0.17649999999998234    	1.4617142433664851   	5.16	B	42.80616660581784  	1 
841 	27.04916666666596 	0.19583333333331374    	0.33704138533851136  	5.16	B	31.874102623744033 	1 
842 	27.028499999999298	0.28016666666663864    	9.511055563803874    	5.16	B	984.485172483072   	4 
843 	27.016166666665963	0.20449999999997953    	30.18269346833767    	9.74	B	4212.984407844909  	1 
844 	27.018499999999296	0.14149999999998583    	3.7226282053261794   	5.18	A	111.74738622988012 	1 
845 	26.95216666666597 	0.18516666666664813    	6.7642583913124765   	5.16	B	700.2287898238512  	2 
846 	26.94283333333264 	0.15116666666665154    	4.055310786158559    	5.16	B	172.27114826067424 	2 
847 	26.904166666665976	0.18749999999998124    	2.809879784720531    	5.16	B	206.52140573498517 	1 
848 	26.90583333333264 	0.21016666666664563    	4.670816845479958    	5.16	B	329.0551770545529  	1 
849 	26.88949999999931 	0.16716666666664992    	0.965163967105737    	5.16	B	39.342708363229946 	1 
850 	26.85216666666598 	0.18116666666664855    	1.5590417022342906   	5.16	B	339.8342074806687  	1 
851 	26.82449999999932 	0.23549999999997645    	16.7602068882627     	6.12	B	1194.0440275122298 	2 
852 	26.82683333333265 	0.18216666666664844    	0.5010561771342575   	5.16	B	86.95778877591296  	1 
853 	27.178833333332616	-0.10483333333332284   	1.7549169985848854   	3.02	A	71.92884936724087  	1 
854 	27.098166666665957	-0.5584999999999442    	13.842595375778009   	4.8 	A	840.0809706183348  	3 
855 	27.117166666665955	-0.3151666666666351    	3.501776582106777    	9.44	A	393.23406765659064 	1 
856 	27.069499999999294	0.010833333333332248   	6.261563372459757    	5.25	A	553.4454677132035  	1 
857 	27.059833333332627	-0.3771666666666289    	0.12700915009659997  	4.13	A	1.326594600320921  	1 
858 	27.05216666666596 	-0.5581666666666107    	2.202077323944403    	9.76	A	118.66312156668977 	1 
859 	27.036499999999293	0.05983333333332735    	18.074650550164368   	9.28	A	753.4542944373757  	1 
860 	27.0154999999993  	-0.6201666666666046    	1.9414368170461802   	4.79	A	75.82207361857917  	1 
861 	27.01783333333263 	-0.16649999999998333   	1.3082945768191439   	5.59	A	149.83506059037538 	1 
862 	27.001166666665966	-0.29716666666663694   	3.049282849114342    	3.99	A	288.3806468536422  	1 
863 	26.94183333333264 	-0.30183333333330314   	7.312477197390128    	4.04	A	428.127964252927   	1 
864 	26.905166666665973	-0.30849999999996913   	3.5001779498877275   	4.04	A	192.0329252922068  	1 
865 	27.006833333332633	0.46116666666662054    	0.37068555350246496  	9.25	A	25.84070357280298  	1 
866 	26.996166666665967	0.452833333333288      	12.36785848725236    	9.29	A	814.9619001299734  	1 
867 	26.951499999999303	0.43983333333328933    	20.571944884938418   	9.27	A	1377.3366037508333 	2 
868 	26.92783333333264 	0.023499999999997648   	14.196388891500362   	5.34	A	267.04576133413184 	1 
869 	26.912166666665975	0.42549999999995747    	20.91608297276748    	9.3 	A	727.8178548421857  	1 
870 	26.80683333333265 	0.05849999999999415    	1.8701937072191965   	5.99	A	41.167931386547814 	1 
871 	26.768499999999325	-0.025166666666664145  	59.71873695481741    	9.2 	B	4854.257961257449  	1 
872 	26.71283333333266 	-0.08916666666665773   	7.6560227197217525   	9.56	A	350.50281557969043 	1 
873 	26.689166666665997	0.03616666666666306    	6.582414159166065    	5.23	B	1109.066269641758  	1 
874 	26.65783333333267 	-0.07549999999999243   	7.1324867517828565   	3.72	B	764.7036775951291  	1 
875 	26.667499999999333	-0.09449999999999054   	7.05797207794445     	9.4 	B	463.30337626905697 	1 
876 	26.665499999999334	-0.004166666666666249  	2.8840710225518817   	6.05	B	398.1384885499766  	1 
877 	26.67849999999933 	0.06549999999999344    	1.366489375777027    	9.2 	B	148.19217718145407 	1 
878 	26.653166666666003	0.007499999999999257   	7.809800362506915    	8.92	B	1377.02542227868   	1 
879 	26.744833333332657	0.05049999999999495    	6.252526145312101    	9.44	A	50.61761489307277  	1 
880 	26.738166666665993	0.21416666666664522    	2.4626715053023527   	6.11	B	168.39885782906754 	1 
881 	26.73583333333266 	0.22683333333331063    	0.5673368424221428   	6.11	B	46.75562761737506  	1 
882 	26.69249999999933 	0.26883333333330645    	8.883880284673344    	6.05	B	459.69516644508775 	1 
883 	26.662166666666   	0.2711666666666396     	13.534417983589805   	8.91	B	764.7851199421492  	1 
884 	26.654499999999334	0.23949999999997607    	5.507998941221037    	9.81	B	344.8631930114331  	1 
885 	26.631833333332672	0.25749999999997425    	2.2026968548527686   	6.05	B	245.63414886470514 	1 
886 	26.602833333332672	0.2544999999999745     	4.119170690657766    	8.91	B	438.44267539832373 	1 
887 	26.57116666666601 	0.26649999999997337    	1.3171491790543621   	8.93	A	89.3586342147057   	1 
888 	26.514166666666014	0.2878333333333045     	16.876036565514518   	5.4 	B	1013.2722551298743 	3 
889 	26.504833333332684	0.24283333333330906    	1.9670121571478119   	5.4 	B	177.0603272748122  	1 
890 	26.49349999999935 	0.32449999999996754    	26.453878476446313   	5.53	A	1511.7636989455737 	1 
891 	26.498166666666016	0.23583333333330975    	9.38829452701233     	9.56	B	555.4858327672562  	1 
892 	26.472499999999354	0.23183333333331016    	1.4476842960928404   	9.56	A	20.22254137404772  	1 
893 	26.68349999999933 	-0.7074999999999292    	7.301305969523505    	3.54	A	201.03422848541828 	2 
894 	26.672166666666   	0.6751666666665992     	10.424701955947404   	3.1 	A	302.7733645790314  	3 
895 	26.541499999999346	0.7271666666665939     	18.895022912367523   	3.09	A	1268.3289613291493 	7 
896 	26.568833333332677	0.6908333333332642     	4.864730886265712    	3.07	A	151.13143088134618 	2 
897 	26.544166666666012	-0.03216666666666345   	1.7859699995908933   	9.53	B	48.77168675688013  	1 
898 	26.525833333332677	-0.04516666666666215   	6.622504553166993    	5.4 	B	350.83182765575475 	1 
899 	26.518166666666012	-0.4698333333332863    	1.3314798649526498   	3.85	A	71.98193769992736  	1 
900 	26.507499999999347	-0.40549999999995945   	7.932192067600155    	8.84	B	399.00539804106194 	1 
901 	26.51683333333268 	-0.39949999999996      	0.4462876032211001   	4.01	B	25.597756936071573 	1 
902 	26.50583333333268 	-0.44583333333328873   	1.921948992077256    	4.07	A	111.93023711973252 	1 
903 	26.480499999999353	-0.5334999999999466    	1.7105442725887454   	4.08	A	59.22223790654566  	1 
904 	26.436166666666022	0.25049999999997496    	59.26243294867592    	9.24	A	2468.9701637319504 	3 
905 	26.438499999999358	0.18916666666664772    	2.433795002530009    	9.16	B	223.25899612448978 	1 
906 	26.401833333332693	0.33949999999996605    	8.232366554320318    	8.79	A	398.2036692228826  	1 
907 	26.375499999999363	0.35249999999996473    	9.556455771126236    	6.22	A	628.9963978433368  	1 
908 	26.38416666666603 	-0.6251666666666041    	2.443816780255526    	3.82	A	77.0440314914734   	1 
909 	26.350833333332698	0.8344999999999165     	1.6303241077084267   	3.05	A	20.463153986252333 	3 
910 	26.322166666666035	0.8164999999999183     	1.0421731936104466   	3.05	A	8.749946191249201  	1 
911 	26.16649999999938 	0.8751666666665792     	12.128191174016157   	3.03	A	215.26106919653785 	5 
912 	26.3408333333327  	0.979499999999902      	7.7814242073851245   	2.88	A	305.2315346539917  	4 
913 	26.344166666666034	0.13616666666665303    	11.757480851732826   	6.04	A	1427.1642353174761 	1 
914 	26.28949999999937 	0.13783333333331954    	1.482646902603846    	6.08	B	522.5275657059733  	1 
915 	26.284833333332706	0.14816666666665185    	0.6004655674500725   	8.86	B	178.4347914765261  	1 
916 	26.31449999999937 	-0.35816666666663083   	10.55146873550163    	5.47	B	836.4425366691834  	2 
917 	26.290833333332706	-0.359499999999964     	3.6608982467496163   	9.49	B	143.46204690322114 	1 
918 	26.330166666666035	-0.04749999999999525   	5.3193895724916      	6.04	A	805.1163316801841  	1 
919 	26.308833333332704	0.4091666666666257     	0.341561420460299    	1.2 	A	11.23740902723155  	1 
920 	26.304166666666035	-0.013166666666665352  	10.635897071573995   	9.53	A	1003.4148057249657 	1 
921 	26.28749999999937 	-0.05449999999999455   	14.97039249837175    	8.84	A	1992.3135429376352 	2 
922 	26.26116666666604 	-0.07149999999999285   	4.394934839829005    	5.4 	B	879.8526188831091  	1 
923 	26.250499999999374	-0.029833333333330353  	3.8600981748507994   	5.43	A	387.40581974340057 	1 
924 	26.241499999999373	-0.09649999999999036   	1.2357313938649555   	9.53	B	196.81540929652868 	1 
925 	26.253833333332707	0.3591666666666307     	3.6928086239453606   	5.98	A	414.2267464227087  	2 
926 	26.22583333333271 	0.09783333333332354    	14.181583807971048   	9.71	A	1277.8314688009382 	2 
927 	26.221166666666043	0.2904999999999709     	6.091702606837369    	4.2 	A	76.80827739611439  	1 
928 	26.206833333332714	-0.17883333333331544   	18.59644916311124    	9.17	A	1978.729098496554  	1 
929 	26.191166666666046	-0.14483333333331883   	7.606783534135489    	5.57	A	283.44297850238405 	1 
930 	26.177166666666047	0.14049999999998594    	4.194792042966902    	5.32	B	1493.0652050977842 	1 
931 	26.161499999999382	0.15449999999998454    	0.879735108348801    	6.0 	B	334.2669793110076  	1 
932 	26.168833333332717	-0.07549999999999245   	5.51041940754621     	5.72	A	287.9846724685226  	1 
933 	26.155833333332716	-0.446166666666622     	3.8689630359237888   	3.79	A	128.5264811724665  	1 
934 	26.133166666666053	-0.45849999999995417   	1.314734063841864    	9.98	A	32.599642885090965 	1 
935 	26.147166666666052	0.03549999999999645    	1.8653232943718923   	3.71	A	91.90688597868491  	1 
936 	26.132499999999386	-0.2768333333333056    	47.41166703308286    	9.36	A	2052.988318362904  	1 
937 	26.063499999999394	0.9374999999999062     	14.850532556654958   	2.98	A	698.8113294323358  	5 
938 	26.07849999999939 	0.28616666666663804    	15.535694086888507   	8.49	A	732.2961677526249  	1 
939 	26.040499999999398	0.8248333333332508     	6.53722724496104     	2.9 	A	157.993786232621   	1 
940 	25.958833333332738	0.8414999999999159     	4.4990657459973304   	2.88	A	76.77090388181674  	2 
941 	25.912833333332742	0.8731666666665794     	3.6348081032085426   	2.83	A	64.94602536161244  	1 
942 	26.059499999999392	-0.12649999999998732   	2.067952520769103    	9.41	A	53.66057488943578  	1 
943 	26.042499999999393	0.15583333333331775    	15.23583835183641    	9.74	A	381.52053667769303 	1 
944 	26.019166666666063	-0.20249999999997972   	14.04723631592333    	9.77	A	591.1253550810802  	1 
945 	25.989833333332736	-0.11949999999998803   	27.087778570967405   	9.21	A	918.8660615806297  	2 
946 	25.981833333332734	-0.05616666666666104   	7.598282853341771    	4.98	A	711.4885564179416  	3 
947 	25.965499999999402	-0.00649999999999934   	12.596922129029213   	4.94	A	325.773143433509   	2 
948 	25.956166666666068	1.0218333333332312     	1.3873255491389889   	3.07	A	34.02445220491888  	1 
949 	25.931833333332737	0.9848333333332349     	1.8933057653249852   	2.99	A	51.16429113320404  	2 
950 	25.939499999999406	-0.18816666666664783   	25.75966579804902    	9.89	A	330.6319213240579  	1 
951 	25.91383333333274 	-0.23283333333331005   	7.923017349687757    	5.15	B	882.1735150646392  	1 
952 	25.905499999999407	-0.15016666666665163   	6.236926335242386    	9.26	A	316.6643311532807  	1 
953 	25.89949999999941 	-0.2548333333333078    	3.459858910051507    	9.18	A	129.0395957412317  	1 
954 	25.896166666666076	-0.16483333333331684   	1.0502980171238019   	5.15	B	322.9542757864652  	1 
955 	25.88949999999941 	-0.13649999999998635   	7.841015782136516    	9.18	B	537.0659065716058  	1 
956 	25.876833333332744	-0.18183333333331514   	3.6257910857343694   	9.9 	B	821.0701592004465  	1 
957 	25.86116666666608 	-0.20916666666664574   	4.505706869444123    	9.89	B	820.1223844751495  	1 
958 	25.824166666666084	-0.17883333333331544   	6.7497357185930476   	5.15	B	1034.346299991402  	1 
959 	25.84583333333275 	-0.20149999999997986   	0.3635646982351622   	5.15	B	77.36789637689697  	1 
960 	25.803166666666087	-0.16216666666665044   	2.340279427898933    	5.15	B	168.20874327581976 	1 
961 	25.95016666666607 	-0.3981666666666268    	10.698508173268314   	9.17	A	728.585696529376   	1 
962 	25.912833333332742	0.4901666666666176     	2.0538945148464576   	2.96	A	42.387817074097654 	1 
963 	25.88116666666608 	-0.09516666666665716   	32.808942994825365   	9.64	A	1618.3398696755605 	1 
964 	25.88883333333274 	-0.562833333333277     	20.28016774939854    	9.04	A	820.29916420411    	1 
965 	25.848499999999415	-0.4814999999999518    	0.3357655663531257   	3.8 	B	44.25691077941943  	1 
966 	25.835499999999417	-0.47149999999995285   	1.5928924653169825   	9.45	B	172.41522776441397 	1 
967 	25.83383333333275 	-0.4554999999999544    	2.3353333243920873   	9.46	B	212.68903497545978 	1 
968 	25.890499999999413	0.06549999999999345    	1.9685795017732106   	6.53	A	204.7631583437584  	1 
969 	25.875499999999413	0.05483333333332785    	1.40773116270127     	8.76	A	104.71937862118115 	1 
970 	25.888833333332745	-0.30483333333330287   	3.8607284722926356   	9.77	A	161.10825011951744 	1 
971 	25.879833333332748	0.7138333333332619     	0.12324111384512981  	3.04	A	1.5931614028020273 	1 
972 	25.836833333332752	0.7228333333332609     	3.9146110055168544   	3.08	A	101.61243394124561 	3 
973 	25.81349999999942 	0.908499999999909      	16.91845853847752    	3.19	A	872.3449427399753  	8 
974 	25.80849999999942 	0.7484999999999251     	0.16898820594659486  	3.16	A	4.950609395151207  	1 
975 	25.755166666666092	0.8018333333332531     	0.17462304267030604  	3.19	A	4.579108625022432  	1 
976 	25.79049999999942 	0.619499999999938      	21.780127166745583   	2.99	A	390.50932980631103 	5 
977 	25.870499999999414	0.9524999999999048     	1.1959751584042602   	2.84	A	11.401854968765585 	1 
978 	25.856499999999414	-0.3644999999999635    	1.395325191816001    	5.64	A	165.6856614632884  	1 
979 	25.84583333333275 	-0.39083333333329423   	0.22689682360786267  	5.65	B	176.59612411597115 	1 
980 	25.84216666666608 	-0.386166666666628     	0.13788259412755158  	9.31	B	74.51935450972458  	1 
981 	25.767499999999423	0.9791666666665687     	0.31312087598524224  	3.06	A	5.415010235267349  	1 
982 	25.750833333332757	1.044166666666562      	1.5106372631481115   	2.88	A	38.774766618497864 	1 
983 	25.736833333332758	0.9914999999999008     	4.153643834514018    	2.92	A	152.15660568100378 	2 
984 	25.64183333333277 	1.0158333333332317     	2.895093370346902    	2.91	A	74.74129611797018  	2 
985 	25.747499999999423	0.02816666666666385    	5.069138482698199    	5.16	A	153.05933750698782 	1 
986 	25.614833333332772	-0.30749999999996924   	0.7874593841551099   	0.98	B	39.11579039578864  	2 
987 	25.692166666666097	-0.26349999999997364   	1.2309104170402447   	8.96	A	12.568984983275817 	1 
988 	25.64383333333277 	-0.38183333333329517   	0.1145458062126329   	0.99	B	8.869277558866814  	1 
989 	25.619499999999437	-0.36649999999996336   	1.1970124585653135   	5.01	B	43.081794468465105 	1 
990 	25.62349999999944 	-0.38549999999996143   	0.32640863983876245  	9.92	B	17.117039511711624 	1 
991 	25.722499999999428	-0.17149999999998283   	3.628016539372031    	5.12	B	828.2637366000374  	2 
992 	25.71749999999943 	-0.14483333333331883   	0.8315822155586075   	8.99	B	172.10647575781104 	1 
993 	25.6941666666661  	-0.15783333333331753   	0.8491007769091883   	9.88	B	263.71124139869823 	1 
994 	25.6831666666661  	-0.13816666666665284   	4.977542867663756    	5.12	B	1565.209626395934  	3 
995 	25.66483333333277 	-0.15683333333331764   	0.2737870907315855   	5.1 	B	89.31040360886078  	1 
996 	25.666499999999434	-0.16316666666665033   	0.5443580950531673   	8.99	B	151.30754568034195 	1 
997 	25.647499999999436	-0.16483333333331684   	7.202486755150702    	8.99	B	532.1550894204969  	1 
998 	25.64283333333277 	-0.11116666666665555   	1.70480934196553     	9.88	B	373.51576307141704 	1 
999 	25.588499999999442	-0.09583333333332375   	3.394666490495816    	5.12	B	294.48783559201746 	2 
1000	25.590833333332775	-0.07249999999999275   	3.3166990052812118   	9.85	B	282.91473516192383 	1 
1001	25.56816666666611 	-0.09649999999999034   	1.921058334742088    	9.85	B	235.64879804650857 	1 
1002	25.55016666666611 	-0.08883333333332444   	0.4608809167201774   	3.78	B	55.47340651978331  	1 
1003	25.72083333333276 	0.23949999999997604    	1.2618731192891133   	5.87	B	270.8408820197379  	1 
1004	25.68749999999943 	0.5308333333332802     	14.258881395479243   	3.05	A	268.0829487160816  	5 
1005	25.69949999999943 	0.38516666666662813    	4.394219950129693    	3.56	B	116.54895675219699 	1 
1006	25.66649999999943 	0.35583333333329775    	0.11710484638670501  	3.56	B	2.436598878834659  	1 
1007	25.6621666666661  	0.34016666666663264    	0.2178648155719977   	8.97	B	5.380184880439964  	1 
1008	25.608833333332772	0.22916666666664373    	7.777928174181697    	6.03	B	2714.523867951112  	2 
1009	25.612499999999436	0.29683333333330364    	15.580767175717673   	9.04	A	1064.8558055080466 	1 
1010	25.589833333332773	0.24549999999997543    	0.8404980018949092   	9.52	B	141.3822402104939  	1 
1011	25.585833333332772	0.21949999999997805    	2.3675915780658676   	9.47	B	175.79468364217476 	1 
1012	25.61049999999944 	0.023499999999997648   	1.0449443659710214   	4.95	A	379.29752422380204 	1 
1013	25.573833333332775	-0.539499999999946     	10.406929546746998   	3.72	A	409.5800548054131  	1 
1014	25.56649999999944 	-0.45916666666662076   	3.59719244820308     	3.79	A	112.98027346866404 	1 
1015	25.563499999999443	-0.019499999999998047  	7.1959346612218      	5.1 	A	136.5712646821177  	1 
1016	25.54916666666611 	0.9841666666665682     	1.4267886377180699   	2.94	A	23.545478713037884 	1 
1017	25.516166666666113	0.13949999999998605    	6.2828585670423225   	5.76	A	343.3618217484586  	1 
1018	25.508833333332785	0.09949999999999004    	17.736735826683322   	9.77	A	1330.4623055869422 	2 
1019	25.427833333332792	-0.6574999999999342    	7.1860107130729665   	3.87	A	234.54277178646234 	4 
1020	25.39816666666613 	-0.6401666666666026    	17.895209790075743   	3.85	A	462.12095691704195 	6 
1021	25.461499999999454	0.15549999999998443    	0.6154938881631595   	2.78	A	42.48866117287163  	1 
1022	25.42383333333279 	-0.47016666666661966   	0.5041267681106563   	3.65	B	67.0971932760227   	1 
1023	25.41049999999946 	-0.4518333333332881    	0.7951517152404876   	4.71	B	115.43660052603168 	1 
1024	25.39449999999946 	-0.3614999999999638    	6.064615785560489    	3.47	A	348.0548677761587  	2 
1025	25.244166666666143	-0.44749999999995516   	20.211686395869222   	3.64	A	1109.3617755285843 	2 
1026	25.142499999999487	-0.4711666666666195    	5.491917026699576    	3.56	B	448.92772255873194 	3 
1027	25.13583333333282 	-0.39283333333329395   	6.220997714360477    	3.54	B	401.5138286735312  	2 
1028	25.096166666666157	-0.4411666666666225    	0.503657785900426    	3.46	B	39.182239862510194 	1 
1029	25.100166666666155	-0.4708333333332862    	0.04350799837267267  	3.55	B	5.05665609475971   	1 
1030	25.091499999999492	-0.4614999999999538    	0.016744423563120753 	0.41	B	1.9000404693035786 	1 
1031	25.033499999999496	-0.459499999999954     	7.978767617544304    	3.63	B	425.4041319497491  	1 
1032	25.411166666666126	0.4104999999999589     	3.169087262460144    	9.73	A	154.34421360075999 	1 
1033	25.384166666666125	-0.3034999999999696    	13.417012571194991   	8.77	A	674.4542247714891  	1 
1034	25.344499999999464	-0.06316666666666035   	2.7041904558325665   	5.58	B	186.54029481673675 	1 
1035	25.32816666666613 	-0.042166666666662446  	9.765966761962595    	9.53	B	718.697922176986   	1 
1036	25.347166666666133	-0.5154999999999484    	3.9528980711619104   	3.7 	A	85.58668877407614  	2 
1037	25.356499999999464	-0.34449999999996556   	0.8228972479951933   	3.58	A	106.39994713752714 	1 
1038	25.241166666666143	-0.21583333333331173   	9.549994930422388    	3.84	B	1216.7071204398799 	4 
1039	25.24583333333281 	-0.2348333333333098    	8.956617258634797    	9.79	B	831.2040885458612  	1 
1040	25.15983333333282 	-0.29783333333330353   	23.07896628346898    	3.88	A	2529.2769615977745 	4 
1041	25.299833333332803	0.7168333333332616     	1.4710076639180985   	3.01	A	20.801795419280516 	1 
1042	25.268499999999474	-0.6624999999999337    	23.693035035956846   	9.43	A	1172.516483890166  	2 
1043	25.23716666666614 	0.4531666666666213     	2.3870204291023214   	2.89	A	72.92956637839539  	1 
1044	25.185833333332813	0.5088333333332824     	2.3205755039477722   	3.0 	A	58.284780035456755 	1 
1045	25.254499999999474	-0.16616666666665006   	0.7334413740257592   	3.82	A	52.047244528902375 	1 
1046	25.200499999999483	0.21183333333331214    	30.480412833424207   	9.59	B	1518.7699986019672 	1 
1047	25.18116666666615 	0.18849999999998113    	2.0721947752657854   	5.35	A	72.12089288153557  	1 
1048	25.148833333332817	0.7604999999999239     	5.819372467378251    	2.92	A	162.49292066730698 	4 
1049	25.179833333332816	0.16583333333331676    	3.6824671976227075   	9.51	A	221.00577625782893 	1 
1050	25.13483333333282 	-0.014833333333331852  	29.19694608248172    	9.8 	A	1051.6903686555618 	1 
1051	25.119499999999487	-0.012166666666665452  	22.730742903730373   	9.71	A	322.11418261721616 	2 
1052	25.077499999999493	0.040833333333329246   	16.913452845034087   	5.68	B	605.5968380835784  	2 
1053	25.069833333332827	0.06949999999999304    	4.653476505627782    	9.4 	B	74.95182091819694  	1 
1054	25.04116666666616 	0.05083333333332824    	18.41715939849297    	5.72	A	310.7345871469988  	2 
1055	25.029166666666164	-0.0034999999999996492 	15.363221135506206   	5.67	A	303.72152765053727 	2 
1056	25.120499999999485	0.3051666666666361     	6.377798096110028    	3.37	A	142.39048742835047 	1 
1057	25.086833333332823	-0.10249999999998974   	14.391715165721358   	5.03	A	396.34096680990075 	2 
1058	25.075833333332824	0.20216666666664643    	0.4956784916670557   	2.73	B	32.082568225580914 	1 
1059	25.074833333332826	0.18349999999998162    	1.3501108146582619   	3.46	B	51.340448494963425 	1 
1060	25.078166666666156	-0.22683333333331063   	1.3610593874988473   	3.08	A	25.211816409617548 	1 
1061	24.92283333333284 	-0.16016666666665064   	29.55152953209707    	3.12	A	1744.8420739153926 	7 
1062	24.962833333332835	-0.11583333333332174   	7.4637970345237274   	4.59	A	101.30545588549249 	1 
1063	24.813833333332852	-0.10783333333332254   	4.543061491013292    	3.2 	A	201.65021427517817 	1 
1064	25.031499999999497	-0.6331666666666034    	0.14968494867231988  	3.57	B	7.309680476760027  	1 
1065	25.004833333332833	-0.6348333333332699    	1.8463291391627525   	2.59	B	122.60764568873095 	1 
1066	24.990833333332834	-0.6834999999999316    	1.7543766174360949   	3.57	B	93.09945511230055  	1 
1067	25.017166666666164	0.6141666666666052     	3.389643914478051    	9.41	A	94.66400534686468  	1 
1068	24.983833333332836	-0.9324999999999067    	2.9632509087897096   	2.87	A	61.202658401290954 	2 
1069	24.931166666666176	0.17383333333331594    	16.32920394469808    	9.78	A	414.0742138932697  	1 
1070	24.889166666666178	0.8884999999999111     	1.043643649588525    	2.8 	A	31.418525760082666 	1 
1071	24.80149999999952 	-0.3421666666666324    	87.81454114725264    	9.99	A	3385.352651941153  	1 
1072	24.789166666666187	0.6341666666666032     	3.144782535770658    	2.81	A	287.2172624396539  	2 
1073	24.77316666666619 	0.11649999999998835    	6.554875424408378    	5.8 	A	1989.473794333486  	1 
1074	24.762499999999523	0.16449999999998355    	2.5624435832720813   	5.77	A	386.83830861961064 	1 
1075	24.705166666666198	-0.42616666666662406   	8.09274004238767     	3.78	A	211.81888602804972 	1 
1076	24.626833333332872	0.15449999999998454    	15.298006543186995   	3.38	B	898.8187326051194  	2 
1077	24.64183333333287 	0.10883333333332244    	4.2369329928216      	5.78	A	140.68672384367272 	1 
1078	24.6821666666662  	0.39449999999996055    	1.735932428670555    	9.3 	B	45.58726352114037  	1 
1079	24.659166666666202	0.37749999999996225    	18.47447617158469    	9.34	B	923.1196705072367  	3 
1080	24.65983333333287 	0.40949999999995906    	2.7724520786630777   	2.98	B	288.05652558283896 	1 
1081	24.66749999999953 	0.692833333333264      	1.0310549082513831   	2.76	A	19.446904222556107 	1 
1082	24.656499999999536	0.6708333333332662     	1.4033588061045956   	2.76	A	19.072619750205092 	1 
1083	24.637833333332868	-0.3271666666666339    	0.20902982731397582  	2.2 	B	32.84281783711563  	1 
1084	24.617833333332868	-0.32349999999996765   	0.5949814520410346   	2.2 	B	102.33769971024172 	2 
1085	24.582166666666208	-0.3541666666666312    	0.8054856276667861   	2.2 	A	46.88283460321939  	1 
1086	24.56249999999954 	-0.31883333333330144   	0.467204598353808    	2.2 	B	19.20473929135607  	1 
1087	24.56249999999954 	-0.30549999999996946   	0.141209804972294    	2.2 	B	9.643978660478592  	1 
1088	24.551499999999542	-0.36283333333329704   	0.39578061347223004  	2.2 	B	14.845792985706856 	1 
1089	24.6401666666662  	-0.10883333333332246   	11.73660188639266    	9.21	A	2679.289618016121  	1 
1090	24.584499999999544	-0.4891666666666177    	4.828368386709602    	3.78	B	305.52625655833657 	2 
1091	24.554499999999546	-0.48016666666661856   	0.9245534388605213   	3.21	B	113.98553727997937 	1 
1092	24.523166666666217	-0.5608333333332771    	6.17235327736316     	3.83	B	447.3688189396843  	1 
1093	24.544166666666214	-0.496166666666617     	1.566414784109816    	3.78	B	154.7573632140468  	2 
1094	24.475833333332886	-0.5184999999999481    	4.207151207693301    	3.81	B	408.8611966757272  	1 
1095	24.493833333332883	-0.5024999999999497    	1.4140502547657758   	3.86	B	125.36777839115733 	1 
1096	24.46816666666622 	-0.47349999999995257   	4.7730593199546005   	3.85	B	166.8199566491407  	1 
1097	24.42783333333289 	-0.526166666666614     	2.846635653674002    	3.76	B	289.9807332623149  	2 
1098	24.446499999999556	-0.5004999999999499    	0.4845601555384222   	2.96	B	22.816805466557142 	1 
1099	24.41749999999956 	-0.42683333333329054   	5.0636929758548      	3.83	A	210.98515026329912 	1 
1100	24.367499999999563	-0.43549999999995637   	14.411650500757055   	2.95	A	535.421116985269   	2 
1101	24.285833333332906	-0.6144999999999384    	5.416233139818796    	3.67	A	154.18671689048932 	2 
1102	24.296499999999572	-0.6391666666666027    	0.7750195838130545   	3.83	A	9.578706295296074  	1 
1103	24.62283333333287 	-0.8358333333332497    	2.9291306811374724   	3.18	A	75.3113816947441   	1 
1104	24.589833333332873	-0.22916666666664373   	2.987668106999857    	3.05	A	53.7807389033456   	1 
1105	24.573833333332875	-0.07549999999999245   	3.236700236341595    	3.46	A	152.30599796470995 	1 
1106	24.56416666666621 	-0.7498333333332583    	6.223210698991755    	3.21	A	538.0016018683567  	2 
1107	24.490499999999553	-0.6938333333332639    	11.901920833363107   	3.19	A	908.114785263764   	1 
1108	24.447499999999557	-0.739499999999926     	0.4184745570922554   	3.14	A	18.852927599827154 	1 
1109	24.56216666666621 	0.5881666666666079     	19.697927293250334   	9.53	A	2725.2615371794154 	1 
1110	24.529499999999548	0.5488333333332784     	74.78359348123384    	9.5 	A	5757.689423657145  	3 
1111	24.555166666666214	0.4954999999999504     	31.12304581859812    	9.64	A	2188.3648413145365 	1 
1112	24.532166666666214	-0.17916666666664874   	7.101469631324262    	2.94	A	383.53587746163305 	3 
1113	24.52283333333288 	0.3591666666666308     	2.799650731764037    	5.82	B	440.21362151054075 	1 
1114	24.490166666666216	0.36216666666663044    	12.080229222193964   	5.82	B	1997.576268070239  	1 
1115	24.449166666666223	0.4241666666666243     	22.006391452281257   	9.16	B	2357.211959786249  	1 
1116	24.43083333333289 	0.39949999999996005    	40.598134384565185   	9.71	B	3173.017777564933  	1 
1117	24.47616666666622 	-0.040166666666662645  	2.2290519681641268   	5.84	B	311.1999683354391  	1 
1118	24.446166666666223	-0.038833333333329445  	0.32108029900892837  	3.08	B	42.06355519945037  	1 
1119	24.404166666666224	0.49949999999995004    	11.055214213987936   	9.74	B	652.323107625409   	1 
1120	24.401166666666228	0.5361666666666131     	1.1205589659273518   	5.42	B	196.23365281490305 	1 
1121	24.39149999999956 	0.5488333333332784     	7.788232812873955    	5.42	B	866.8509343819209  	1 
1122	24.43383333333289 	-0.23149999999997684   	2.692318966672058    	3.69	B	538.6352645116241  	1 
1123	24.42416666666622 	-0.25283333333330804   	0.20235430579121366  	9.9 	B	30.745823232704637 	1 
1124	24.38049999999956 	-0.20949999999997904   	12.423203769633938   	3.5 	A	1047.5462266031839 	3 
1125	24.365166666666227	-0.16616666666665003   	7.878949819884502    	3.57	B	886.6895033199334  	2 
1126	24.325499999999565	-0.12349999999998765   	12.470004499544071   	9.16	B	1119.8992970560591 	1 
1127	24.43649999999956 	-0.36149999999996385   	0.4002036584075571   	2.2 	A	16.154589748774708 	1 
1128	24.39249999999956 	0.44816666666662186    	3.302640451047211    	5.51	B	554.814061673664   	2 
1129	24.404499999999558	-0.7631666666665903    	0.043261065338278226 	3.63	A	3.904710180272313  	1 
1130	24.374833333332894	0.3264999999999673     	11.652181257141015   	9.14	A	581.6029581885589  	1 
1131	24.33416666666623 	0.15416666666665124    	8.44280386303779     	9.23	B	2120.8884471942324 	1 
1132	24.323499999999566	0.10949999999998905    	11.340204564800155   	5.95	B	1907.1041904225328 	3 
1133	24.332166666666232	0.04316666666666234    	0.4157293584436746   	9.11	B	47.30967825237988  	1 
1134	24.297166666666236	0.20683333333331264    	6.8036434402932455   	5.95	B	608.7564692685637  	1 
1135	24.299833333332902	0.14983333333331833    	1.2785289804143876   	5.95	B	245.8686412525364  	1 
1136	24.29449999999957 	0.2651666666666401     	2.6911358799985323   	5.99	B	492.0988229150495  	1 
1137	24.296833333332902	0.13783333333331954    	0.4816950797812407   	5.95	B	23.94151056465782  	1 
1138	24.26116666666624 	0.10283333333332305    	7.197902489753633    	5.4 	A	421.9965880756203  	1 
1139	24.262499999999573	0.21249999999997873    	32.728452661370795   	9.22	A	2030.7855423665521 	3 
1140	24.27749999999957 	0.2501666666666416     	1.4859498760558874   	9.26	B	268.9521679629528  	1 
1141	24.270833333332906	0.19383333333331393    	1.4827422140098598   	9.25	B	77.89154956849936  	1 
1142	24.35116666666623 	-0.7141666666665952    	1.147735145032007    	3.7 	A	26.10341666498944  	1 
1143	24.277833333332907	-0.9324999999999067    	12.316674116362469   	3.24	A	243.25071610617718 	5 
1144	24.261833333332905	0.6538333333332679     	0.4879015818627547   	0.77	A	8.735789769484011  	1 
1145	24.255499999999575	0.004166666666666249   	12.86659476581027    	4.97	A	573.8988208944534  	2 
1146	24.23383333333291 	-0.06616666666666005   	5.45835964403852     	3.39	A	228.59153902547015 	1 
1147	24.24683333333291 	-0.7944999999999206    	2.6321639783103032   	2.96	A	56.75909924615251  	2 
1148	24.21383333333291 	0.4318333333332901     	5.137531016557183    	9.65	A	87.23411010736169  	1 
1149	24.208166666666248	0.04883333333332845    	9.18936494687121     	9.36	A	381.5911258792538  	1 
1150	24.19249999999958 	-0.034833333333329844  	59.09277252654589    	9.8 	A	3188.1130756154485 	1 
1151	24.156499999999586	0.07749999999999224    	7.652163836401788    	3.41	A	758.123243602417   	3 
1152	24.143499999999587	0.12816666666665383    	11.057556694869005   	9.26	A	914.4391475156982  	1 
1153	24.13183333333292 	-0.630499999999937     	27.301958185918288   	4.83	A	1070.9834058930178 	1 
1154	24.159499999999582	-0.7818333333332551    	0.9137309539392624   	2.98	B	12.213931383459785 	1 
1155	24.11083333333292 	-0.7818333333332551    	4.471136867402293    	3.57	B	91.90151135637163  	1 
1156	24.151166666666253	0.39449999999996055    	7.233157532372273    	5.21	A	1522.3851851913005 	1 
1157	24.107166666666256	-0.16783333333331657   	19.564409575669483   	4.69	A	602.7251931627303  	1 
1158	24.05016666666626 	-0.21549999999997846   	7.283059995313021    	4.66	A	327.2035082306902  	1 
1159	24.087833333332924	0.3541666666666312     	33.41832844740835    	5.15	A	707.5484956285255  	1 
1160	24.109166666666255	0.015499999999998446   	1.4925996269449353   	9.77	A	127.45711030731219 	1 
1161	24.089833333332923	-0.022166666666664454  	16.333565213220673   	3.54	A	1234.840778846992  	1 
1162	24.087833333332924	-0.10216666666665644   	6.306383317443803    	4.68	A	270.56869706559814 	1 
1163	23.993166666666266	0.14716666666665196    	8.540583980006764    	4.63	B	1242.6161871097365 	6 
1164	24.012499999999598	0.4908333333332842     	54.695643405595185   	5.21	A	3302.1716994892176 	1 
1165	23.9804999999996  	0.38683333333329467    	7.271902133381851    	4.89	A	212.03719292831573 	2 
1166	23.972499999999602	-0.29083333333330424   	2.099833140227572    	4.33	A	87.72038975134757  	1 
1167	23.933833333332938	-0.28649999999997133   	7.072005816012652    	4.32	A	309.0589441333851  	1 
1168	23.856499999999613	-0.16983333333331635   	9.143403295797798    	4.68	B	933.5003417968198  	1 
1169	23.889166666666277	-0.18016666666664866   	0.04160868168318823  	3.56	B	4.324701224907196  	1 
1170	23.84616666666628 	-0.3044999999999696    	6.09202574499628     	3.56	A	435.6376780646713  	1 
1171	23.853499999999617	0.07049999999999294    	3.4608579976495673   	3.49	B	215.85425892391982 	1 
1172	23.884166666666278	0.06016666666666065    	0.09193376067823672  	2.77	B	3.286087981261175  	1 
1173	23.838166666666282	0.11149999999998884    	2.7322625621537515   	4.6 	A	87.10268468827638  	1 
1174	23.84616666666628 	0.5418333333332791     	4.5587086555532315   	9.97	B	125.600951372049   	1 
1175	23.82083333333295 	0.5044999999999495     	0.4449869139157078   	9.98	B	8.74585057414278   	1 
1176	23.84483333333295 	-0.5564999999999444    	1.9499978797817765   	3.88	A	34.303056548741    	1 
1177	23.84316666666628 	0.48416666666661823    	13.68066240373722    	9.83	A	274.2929013073799  	1 
1178	23.82016666666628 	-0.6524999999999347    	8.308785655651587    	3.77	A	203.86770243935354 	3 
1179	23.783166666666286	-0.7951666666665872    	12.073085402157847   	4.64	A	239.96687127397186 	3 
1180	23.80049999999962 	0.20383333333331294    	16.91601910464101    	4.64	A	1803.2009122038896 	3 
1181	23.72149999999963 	0.25749999999997425    	6.273819146649243    	4.6 	B	496.4378879730362  	1 
1182	23.716833333332964	0.27449999999997254    	3.0269040999078483   	9.3 	B	189.99059076989224 	1 
1183	23.68849999999963 	0.26916666666663974    	5.354948146061232    	4.6 	B	284.7274805590549  	1 
1184	23.72383333333296 	-0.15716666666665094   	7.565139503293054    	4.68	A	305.39395443924843 	1 
1185	23.733166666666293	-0.011499999999998848  	3.5422756102224358   	4.69	A	338.76251012174896 	1 
1186	23.72583333333296 	-0.826166666666584     	1.7606458707060852   	3.95	A	36.06777502785832  	1 
1187	23.6931666666663  	-0.48916666666661773   	6.3050087211830945   	3.98	A	160.31612267225333 	1 
1188	23.69649999999963 	-0.7958333333332537    	1.97747603967322     	3.89	A	41.82703589166725  	1 
1189	23.41949999999966 	-0.10616666666665604   	26.05518488781996    	5.34	B	2491.6383449480254 	1 
1190	23.646833333332967	0.1954999999999804     	20.95193364059631    	4.92	A	863.7968484582946  	1 
1191	23.6551666666663  	-0.14283333333331902   	5.417153730892414    	3.2 	A	399.21643953506316 	2 
1192	23.57516666666631 	-0.16516666666665014   	2.309130496098158    	4.93	A	45.428341798700224 	1 
1193	23.55983333333298 	0.3311666666666336     	6.324907346435069    	4.98	A	184.7923898039138  	1 
1194	23.52583333333298 	-0.7641666666665903    	9.384214576061549    	4.26	A	278.4328714883998  	1 
1195	23.508833333332984	-0.7311666666665936    	0.08220049626491492  	3.86	A	0.8199255354460782 	1 
1196	23.477833333332985	-0.5354999999999465    	11.737124826501848   	4.48	B	1075.2673155444504 	1 
1197	23.49049999999965 	-0.46383333333328697   	1.164499270572912    	3.96	B	111.23245197970782 	1 
1198	23.469166666666318	-0.4561666666666211    	1.6643595197170804   	3.9 	B	171.7838818533295  	1 
1199	23.477166666666317	-0.49483333333328383   	0.5493790599832451   	4.46	B	55.64195972747105  	1 
1200	23.443499999999656	-0.5254999999999475    	17.136676490255002   	3.92	B	972.7273930304237  	3 
1201	23.47616666666632 	0.11549999999998845    	28.206369231128967   	4.87	A	2654.9026932928195 	2 
1202	23.50383333333298 	-0.2484999999999751    	0.7938338895129131   	3.71	A	44.60041466117718  	1 
1203	23.45616666666632 	-0.039166666666662756  	17.1637767722372     	4.64	A	1580.7326382797692 	2 
1204	23.384833333332995	-0.7888333333332544    	8.762074382570823    	3.92	A	191.95502630211584 	2 
1205	23.441166666666323	0.4351666666666231     	1.0312630228725823   	5.73	A	150.672746294405   	1 
1206	23.365499999999663	-0.289499999999971     	22.94155182200752    	5.52	B	2923.266097811217  	3 
1207	23.36416666666633 	-0.26249999999997375   	0.8779857785075443   	9.82	B	49.73782188633026  	1 
1208	23.295166666666336	-0.24116666666664252   	8.188285215194036    	4.59	B	1147.0298268359222 	1 
1209	23.293833333333   	-0.20249999999997972   	9.202283436565272    	4.59	A	681.5239710959561  	2 
1210	23.295833333333004	-0.31849999999996814   	4.028182807683629    	4.59	B	777.2286635867705  	1 
1211	23.279833333333002	-0.2784999999999721    	0.3032238492470422   	3.91	B	91.80921247293958  	1 
1212	23.271499999999673	-0.26283333333330705   	0.659597999133892    	4.59	B	209.60197792634023 	1 
1213	23.256499999999672	-0.24383333333330892   	0.12263490148728498  	3.91	B	17.117085285764396 	1 
1214	23.386499999999664	-0.33849999999996616   	14.562716371578503   	9.8 	A	514.624441743782   	1 
1215	23.37416666666633 	0.19716666666664695    	10.111955228000335   	4.45	A	801.3501180605047  	1 
1216	23.381833333332995	0.2874999999999713     	1.2906728415484807   	4.59	A	71.53540998641988  	1 
1217	23.378833333332995	0.09883333333332345    	4.191120116896013    	4.84	A	96.81005757304703  	1 
1218	23.331499999999668	-0.40749999999995923   	9.861033766651206    	3.86	A	169.44560750234405 	1 
1219	23.326166666666335	0.05216666666666145    	0.3102816114774308   	4.7 	B	190.74353325036716 	1 
1220	23.31849999999967 	0.03449999999999655    	0.6874440217907479   	4.74	B	122.79137308862452 	1 
1221	23.29716666666634 	0.05449999999999455    	0.3970037404132683   	3.54	B	289.4270062999575  	1 
1222	23.27349999999967 	0.07883333333332546    	6.020203293452515    	4.56	A	601.7919513557622  	1 
1223	23.25883333333301 	0.20083333333331324    	40.21256188667879    	9.46	A	2903.0462603245014 	1 
1224	23.223166666666344	0.00016666666666665178 	12.950909828202766   	4.51	A	2328.199088802473  	3 
1225	23.22749999999968 	0.16549999999998344    	1.9951948125152756   	4.59	A	236.87831335828335 	1 
1226	23.337499999999665	-0.060833333333327244  	17.209970365783313   	5.25	A	2998.5984500802547 	3 
1227	23.324833333333004	-0.6904999999999308    	1.33521624130029     	4.04	A	14.234962758963896 	1 
1228	23.29416666666634 	-0.696166666666597     	5.4800826128636935   	3.9 	A	118.65765723642062 	1 
1229	23.305833333333005	-0.7308333333332602    	0.4811713679745886   	3.97	A	5.010138444341816  	1 
1230	23.14116666666635 	-0.359499999999964     	53.95019134578663    	4.51	A	4497.747071273469  	8 
1231	23.250833333333006	-0.062166666666660444  	8.089155751363815    	5.18	A	454.24399625863936 	1 
1232	23.238499999999675	-0.4838333333332849    	18.283714115549905   	3.88	A	471.75050593345304 	7 
1233	23.19549999999968 	-0.639499999999936     	18.524745305898275   	4.01	A	805.8311549872598  	1 
1234	23.222166666666343	-0.7264999999999273    	2.571381403601748    	4.29	A	58.19638734035542  	2 
1235	23.22483333333301 	-0.17383333333331596   	0.8119005049866254   	5.26	B	89.04330058555942  	1 
1236	23.20749999999968 	-0.17083333333331624   	0.21270825188982023  	4.6 	B	21.66555539972398  	1 
1237	23.21783333333301 	0.10283333333332305    	3.8433234215465824   	9.62	A	275.4182649004298  	1 
1238	23.121499999999685	-0.5191666666666147    	16.972973301771873   	3.64	A	1057.866245544179  	1 
1239	23.11783333333302 	0.13683333333331965    	7.269524936268842    	3.98	A	506.1054101364569  	3 
1240	23.093166666666356	0.16116666666665055    	22.315309714650045   	9.79	A	1471.51052266422   	2 
1241	23.04083333333303 	0.29216666666663743    	17.32409287562941    	4.49	B	2416.271209805005  	3 
1242	23.06716666666636 	0.05083333333332825    	16.64029192587062    	5.16	A	2372.4060749778764 	1 
1243	23.06116666666636 	0.07583333333332574    	86.04660439398944    	9.81	A	6181.298214658998  	3 
1244	23.06216666666636 	0.20849999999997915    	8.755865744782733    	9.65	B	388.3691874309715  	1 
1245	22.92283333333304 	0.16749999999998325    	103.70551560102803   	9.67	A	5928.607692823555  	2 
1246	23.13349999999969 	0.7024999999999297     	0.741035669071535    	2.61	A	30.712554342203624 	1 
1247	23.102833333333024	-0.07116666666665955   	3.479194206309068    	4.25	B	825.0245881452986  	1 
1248	23.083833333333025	-0.07983333333332535   	2.216485700823289    	9.7 	B	362.1033836025371  	1 
1249	23.098499999999692	-0.8098333333332524    	1.4516972989040282   	3.7 	A	72.31752010703954  	2 
1250	23.077166666666358	-0.20916666666664574   	6.953280459106881    	4.76	A	146.8221440817534  	1 
1251	23.015499999999697	-0.17749999999998223   	10.992301574894407   	4.51	A	671.8061274617619  	1 
1252	23.008166666666366	-0.4001666666666266    	0.4927383074080684   	4.6 	A	27.89321855998276  	1 
1253	22.958166666666372	0.03616666666666305    	13.583141509423209   	4.62	A	1201.5805180282703 	1 
1254	22.956833333333037	0.23583333333330975    	35.865327183384316   	9.58	A	2192.1015983256466 	1 
1255	22.95316666666637 	-0.11116666666665556   	3.898842850322415    	4.07	A	413.6166677842461  	2 
1256	22.95416666666637 	-0.16083333333331726   	17.773615400770968   	4.05	A	1436.7468938721756 	5 
1257	22.829499999999715	-0.4408333333332892    	72.78492924553908    	4.54	A	7121.763871706495  	9 
1258	22.90183333333304 	-0.4338333333332899    	2.4284708552666534   	4.49	A	256.2268976971198  	1 
1259	22.936166666666374	-0.2514999999999748    	2.184321739779485    	4.45	A	256.5391979241644  	1 
1260	22.879499999999712	-0.09749999999999023   	11.248891485807203   	4.86	A	394.9314637705457  	1 
1261	22.883166666666376	0.3974999999999602     	2.7193531331356082   	9.34	B	118.51020974240576 	1 
1262	22.87149999999971 	0.4188333333332914     	5.360865833597768    	5.97	B	780.3921329376693  	1 
1263	22.844833333333046	0.40649999999995934    	1.118477488020834    	9.35	B	104.52133284756354 	1 
1264	22.821499999999716	0.3918333333332941     	0.9722902479477501   	5.97	B	85.46772025376185  	1 
1265	22.80649999999972 	0.40183333333329313    	8.221341204351395    	9.4 	B	1038.2791776986296 	1 
1266	22.79049999999972 	0.36849999999996313    	8.423156662234831    	5.96	B	1180.4661322441475 	1 
1267	22.799499999999718	0.4141666666666252     	0.3750781773114692   	5.18	B	36.91941482852554  	1 
1268	22.763499999999723	0.37883333333329544    	0.40877437413072265  	5.96	B	64.10147141944334  	1 
1269	22.822499999999717	-0.5614999999999438    	2.778220192277222    	4.1 	A	58.008291439567934 	1 
1270	22.71649999999973 	-0.07449999999999254   	203.4385551865539    	9.66	A	15699.94585866088  	1 
1271	22.775833333333058	-0.11616666666665505   	5.563866111089385    	4.05	A	210.97371542204883 	1 
1272	22.729499999999728	0.12716666666665394    	25.46929336850948    	4.62	A	1401.4742496432516 	2 
1273	22.644499999999738	0.12316666666665435    	16.699820153737246   	4.54	A	858.0263623359994  	2 
1274	22.701166666666396	0.40183333333329313    	38.63246834533397    	6.06	A	1866.87771814328   	5 
1275	22.693166666666396	-0.45616666666662103   	20.871287539331814   	4.57	A	3174.981428765949  	1 
1276	22.599833333333073	-0.5734999999999426    	19.26113765440896    	4.35	A	906.6539310760412  	4 
1277	22.60383333333307 	-0.6164999999999383    	0.136357723324385    	4.38	A	3.060176417973123  	1 
1278	22.58549999999974 	-0.20449999999997953   	59.2098021662763     	4.58	A	7177.146614614689  	8 
1279	22.57749999999974 	-0.007166666666665947  	26.581754195409452   	4.28	A	2224.618012728579  	1 
1280	22.498499999999748	-0.041499999999995846  	55.99452660384386    	9.75	A	3320.1631151965776 	2 
1281	22.56183333333308 	-0.7754999999999224    	4.2215719621933445   	3.74	A	70.16781263989245  	2 
1282	22.54683333333308 	-0.5264999999999473    	16.96973834600503    	4.56	A	1546.9455258684893 	1 
1283	22.504499999999748	-0.5621666666666104    	2.877263838611011    	4.5 	A	160.7949750995363  	2 
1284	22.549499999999746	-0.6398333333332694    	3.589075209663478    	4.3 	A	307.2678935825681  	1 
1285	22.48749999999975 	0.3221666666666344     	12.355996948927565   	3.76	A	657.4731516569378  	1 
1286	22.414166666666425	0.31816666666663485    	17.392541909250486   	4.88	A	1398.8319965325509 	3 
1287	22.391166666666425	0.2984999999999701     	0.9522561694831089   	4.83	A	47.80134199401141  	1 
1288	22.377833333333093	0.36816666666662984    	10.312363573405818   	4.88	B	1058.9667180637307 	2 
1289	22.37749999999976 	0.446166666666622      	3.5188154793296067   	3.81	B	588.9223243089998  	1 
1290	22.306166666666435	0.4521666666666214     	5.3386552636687385   	3.81	B	318.9265652032499  	1 
1291	22.318166666666432	0.4338333333332899     	0.9598842026004452   	3.76	A	26.28321393375061  	1 
1292	22.463499999999755	-0.7411666666665926    	0.24584197602807245  	3.42	B	15.009654955305713 	1 
1293	22.46516666666642 	-0.7848333333332549    	0.7474098427348145   	4.22	B	13.066574004806455 	1 
1294	22.450166666666423	-0.7534999999999247    	2.2033062589242456   	4.25	B	126.75927623881368 	2 
1295	22.41083333333309 	-0.7514999999999249    	0.1429239345783751   	4.23	B	1.996579900855744  	1 
1296	22.39149999999976 	-0.7394999999999261    	3.7316244648155132   	4.22	A	84.07612297117642  	3 
1297	22.454499999999754	0.5048333333332828     	5.312457129867712    	3.87	A	101.55523725797956 	1 
1298	22.453499999999753	-0.01916666666666475   	0.5694457392810797   	9.46	B	127.70478816096609 	1 
1299	22.445499999999754	-0.014166666666665252  	0.18889737773057091  	6.02	B	46.92620098460553  	1 
1300	22.418166666666423	-0.014499999999998549  	15.546008865956205   	6.02	B	2910.1701220164673 	2 
1301	22.383166666666426	-0.04916666666666175   	11.919912983416234   	9.47	B	732.3234146976209  	1 
1302	22.310833333333104	-0.6284999999999371    	16.39704977828913    	3.43	A	588.2840023030507  	3 
1303	22.274833333333106	-0.6831666666665983    	2.5424276092360896   	3.45	A	65.6201806097018   	1 
1304	22.15016666666645 	-0.6858333333332647    	10.766772398885443   	3.36	A	319.9284756685087  	4 
1305	22.113833333333123	-0.7151666666665951    	0.17531164050165166  	3.55	A	3.1740109236339356 	1 
1306	22.25349999999977 	0.03116666666666355    	18.462773948170444   	5.03	A	1344.1955390395983 	3 
1307	22.180499999999782	0.28683333333330463    	7.569683081956753    	3.53	A	536.7927910201332  	1 
1308	22.191166666666447	-0.08049999999999195   	2.8871275131263823   	3.64	A	122.35985779884726 	1 
1309	22.130166666666454	-0.10249999999998974   	8.665588757635067    	3.99	A	398.646255624675   	2 
1310	22.145499999999785	-0.8181666666665848    	8.165193783072205    	4.25	B	235.14267527485373 	2 
1311	22.11649999999979 	-0.7804999999999219    	9.87586428911971     	4.35	B	322.2816403109967  	1 
1312	22.07816666666646 	-0.8348333333332498    	2.711949657210864    	4.25	B	153.28464845620798 	1 
1313	22.077833333333125	-0.7271666666665939    	2.115432242907944    	3.57	A	44.58765168675754  	1 
1314	22.061833333333126	-0.8541666666665811    	1.0007803401384545   	4.25	B	39.39047116024409  	2 
1315	22.04483333333313 	-0.7101666666665956    	24.56691662950555    	4.42	A	530.1804367240603  	1 
1316	22.089166666666458	-0.5024999999999497    	9.830718907807553    	3.53	A	309.0612874112413  	3 
1317	22.05616666666646 	0.1898333333333143     	10.362770960027694   	3.44	A	782.2365857584151  	3 
1318	22.053833333333127	-0.5548333333332778    	11.956169506572      	3.61	A	645.4690150307243  	3 
1319	22.009166666666466	0.35749999999996424    	15.427908367379008   	3.41	A	289.29683574714056 	4 
1320	22.02083333333313 	-0.663833333333267     	0.48874076900789165  	3.57	A	13.618999280100942 	1 
1321	21.956166666666473	0.13283333333332004    	6.7267777156703605   	3.39	A	458.5333828610048  	1 
1322	21.958499999999805	-0.09583333333332374   	1.9197439274988914   	4.24	A	79.15016968593757  	1 
1323	21.930166666666473	0.24883333333330843    	6.409382874515035    	4.53	B	531.8058997096831  	1 
1324	21.88216666666648 	0.20583333333331275    	8.997011393434272    	9.74	B	1375.1140199923723 	1 
1325	21.904833333333144	-0.3378333333332995    	1.4778217051355524   	4.79	A	166.02648766290687 	1 
1326	21.875499999999814	-0.5918333333332741    	11.119196757460351   	3.65	A	283.1133883488154  	1 
1327	21.862499999999812	0.6318333333332702     	1.4115590461218144   	2.25	A	35.406516324819535 	1 
1328	21.85116666666648 	-0.24049999999997596   	16.061373099299097   	4.68	A	1266.3073038238997 	1 
1329	21.86416666666648 	0.15416666666665124    	1.4075101729171275   	4.45	A	143.47620867209426 	1 
1330	21.84416666666648 	-0.06716666666665995   	12.556480321603543   	6.2 	A	1083.8135008845768 	1 
1331	21.81683333333315 	0.14583333333331874    	34.2862950780541     	9.72	A	1476.21119944086   	2 
1332	21.762499999999825	-0.5134999999999487    	4.905412711910348    	3.6 	A	81.81526044371103  	1 
1333	21.736833333333163	-0.32383333333330094   	2.5382034490141425   	4.41	A	204.75348281071567 	1 
1334	21.658499999999833	0.11716666666665496    	11.160906321663695   	3.49	A	463.4248518430967  	1 
1335	21.601833333333172	0.10516666666665614    	11.643409828999951   	9.35	A	1668.22222215143   	1 
1336	21.595499999999838	0.11583333333332174    	1.3609961150761194   	9.37	A	301.16165520809966 	1 
1337	21.59116666666651 	-0.15283333333331806   	8.10819048161327     	6.22	A	543.3193781204013  	1 
1338	21.559166666666513	-0.04083333333332924   	48.002078831209054   	9.54	A	2523.7921479911815 	2 
1339	21.550499999999847	-0.07716666666665895   	2.3498714445993367   	9.31	B	181.88088453139932 	1 
1340	21.547166666666513	-0.09083333333332425   	0.8670262665169505   	6.23	B	79.25796851610531  	1 
1341	21.545833333333178	-0.10583333333332273   	0.3366293259701256   	4.46	B	49.53840380634553  	1 
1342	21.496166666666518	-0.13349999999998663   	9.581793062868217    	4.45	A	699.9122389336032  	1 
1343	21.549499999999846	-0.6284999999999371    	18.212990723656734   	4.48	A	236.5295726651279  	1 
1344	21.537166666666515	0.03449999999999655    	7.850015277339776    	4.2 	A	306.8215570496526  	2 
1345	21.516166666666518	0.24549999999997546    	9.084440556324628    	4.67	B	456.76395459457984 	1 
1346	21.494499999999853	0.23149999999997684    	5.869049066656141    	4.67	B	291.44822049237297 	1 
1347	21.463833333333188	0.19383333333331396    	20.908497944860542   	9.58	A	410.5478319096666  	1 
1348	21.386833333333197	0.4131666666666253     	6.157644480015604    	3.21	A	127.36005711415471 	1 
1349	21.47849999999985 	-0.030166666666663646  	9.587541955123173    	9.23	A	237.13128769885668 	1 
1350	21.41549999999986 	-0.07916666666665875   	9.198851058248666    	4.55	A	387.39484522808897 	1 
1351	21.411166666666524	0.03216666666666345    	16.18571841744458    	4.56	B	856.7136016003114  	2 
1352	21.377833333333196	0.024166666666664248   	2.3958765070397066   	9.95	B	68.81743050343177  	1 
1353	21.3648333333332  	0.019499999999998054   	23.667957088716797   	9.92	B	800.185788431502   	2 
1354	21.227166666666545	-0.007499999999999243  	21.38578773551739    	4.54	B	1003.0752561672022 	2 
1355	21.39216666666653 	-0.5461666666666121    	16.983632190215516   	3.66	A	640.2640455606344  	5 
1356	21.364499999999865	-0.6121666666666055    	9.253288912413797    	3.66	A	298.4698778154266  	1 
1357	21.354499999999867	0.22216666666664445    	43.57437958540155    	9.5 	A	1232.6511435178509 	1 
1358	21.307166666666536	-0.14183333333331916   	5.505133049766098    	4.18	A	590.0313132880032  	1 
1359	21.326833333333198	-0.21483333333331184   	2.9115609169832632   	4.24	A	45.17957539457937  	1 
1360	21.299833333333204	0.09883333333332345    	16.412911555955223   	9.55	A	552.2965568770471  	1 
1361	21.287833333333204	0.12749999999998723    	0.7748054919211512   	9.55	B	29.672846397497846 	1 
1362	21.266499999999873	0.18916666666664772    	2.425808719019173    	2.08	B	170.86034160656112 	2 
1363	21.255499999999873	0.13183333333332015    	3.46347315512164     	9.55	B	178.6830306228487  	2 
1364	21.225166666666542	0.14449999999998553    	11.410816426102025   	5.96	B	666.5652221369006  	1 
1365	21.218166666666544	-0.14449999999998553   	24.082342779721788   	4.17	A	2095.327993083442  	4 
1366	21.16516666666655 	-0.20183333333331316   	22.270712455153777   	5.24	A	694.511472066412   	2 
1367	21.097166666666556	0.14949999999998503    	5.8665652060612725   	3.68	A	260.21843554332514 	1 
1368	21.146499999999886	-1.0164999999998985    	1.272020842779161    	3.81	A	36.80131884401619  	1 
1369	21.079833333333227	0.25749999999997425    	50.621941193792836   	9.45	A	2103.307760097736  	1 
1370	21.033499999999894	-0.16916666666664973   	19.666174271259738   	5.12	A	421.4831143699568  	2 
1371	21.016499999999898	-0.34516666666663215   	2.052391843883918    	4.24	A	43.71756552189738  	1 
1372	20.985499999999902	0.13716666666665295    	5.571276931678585    	3.88	A	203.59806241972464 	1 
1373	20.905833333333245	-0.17283333333331605   	8.623148910398797    	4.08	A	658.3172487307761  	2 
1374	20.83083333333325 	-0.22716666666664392   	2.7369544150388516   	2.29	A	42.2612751200713   	2 
1375	20.770833333333254	0.519499999999948      	11.53620961124839    	2.29	A	507.3506680319005  	6 
1376	20.782833333333254	0.41749999999995824    	1.3488098681203817   	2.28	A	19.9108815019135   	1 
1377	20.71883333333326 	-0.36216666666663044   	23.815478790013213   	4.05	A	1785.8353066693799 	6 
1378	20.694166666666597	-0.6681666666665999    	1.574124072231562    	1.77	A	84.59220729107281  	1 
1379	20.69949999999993 	-0.08383333333332495   	2.6256429350503914   	5.67	A	97.8904648001036   	1 
1380	20.606833333333274	-0.6778333333332655    	3.4716514559153584   	3.95	A	73.91476213016622  	1 
1381	20.507166666666617	-0.01649999999999835   	41.59119393558198    	9.4 	A	1099.2254161109167 	1 
1382	20.508166666666614	-0.7108333333332622    	6.861338148833062    	4.0 	A	174.5003908670791  	2 
1383	20.396499999999957	-0.15483333333331784   	12.512302672603035   	4.4 	B	864.0050436227717  	1 
1384	20.40916666666663 	0.19183333333331415    	23.263563109697994   	6.21	A	1093.9307854149959 	1 
1385	20.361833333333298	-0.7018333333332631    	10.580397009696785   	4.12	A	406.5056780584303  	4 
1386	20.290833333333303	-0.8571666666665808    	4.3992763149885885   	4.25	A	122.10283136854949 	2 
1387	20.249499999999973	-0.8341666666665831    	0.9130225796680964   	3.11	A	25.617978830533435 	1 
1388	20.24116666666664 	0.07349999999999265    	14.793512359083142   	4.46	A	1670.6776779037377 	1 
1389	20.244499999999974	-0.6714999999999328    	4.092386083707697    	2.14	A	362.99212709597396 	1 
1390	20.182833333333317	-0.7258333333332607    	4.519398268302052    	2.96	A	306.8360750261715  	2 
1391	20.185499999999983	-0.9944999999999005    	5.138890185637899    	3.08	A	111.53184466151033 	2 
1392	20.15883333333332 	0.019499999999998047   	4.833511195222958    	9.16	A	182.38620182902372 	1 
1393	20.066833333333324	-0.8508333333332482    	12.149229234265404   	3.01	A	436.12143436353927 	2 
1394	20.096166666666655	-0.801833333333253     	2.2233463451213327   	3.03	A	39.8734592508323   	1 
1395	20.03116666666666 	-0.7068333333332626    	7.296161214843301    	3.01	A	214.5437275062368  	3 
1396	20.00183333333333 	-0.6344999999999366    	10.73225343379998    	4.25	A	287.5887132652269  	1 
1397	19.972166666666666	-0.5931666666666073    	1.3039856720310115   	2.08	A	30.126777480212155 	1 
1398	20.022499999999997	-0.9884999999999011    	9.393412404282195    	3.05	A	155.59444368249711 	5 
1399	19.969500000000004	-0.10549999999998944   	8.370155613976806    	4.28	A	231.64752246686808 	1 
1400	19.91250000000001 	-0.20449999999997953   	16.11467362371179    	4.23	A	665.2887820691299  	1 
1401	19.928166666666673	-0.25883333333330744   	36.521110695494855   	4.39	A	1886.2337128794002 	6 
1402	19.93683333333334 	-0.037166666666662906  	40.31622413556214    	9.57	A	3229.9192417810877 	1 
1403	19.935500000000008	-0.003833333333332911  	48.49698629895561    	9.16	A	3547.5722057999915 	1 
1404	19.886500000000012	-0.5111666666666156    	21.338665468382118   	3.21	B	723.4666440596834  	2 
1405	19.864833333333348	-0.3701666666666297    	10.311434178888767   	4.44	B	156.5186892263968  	1 
1406	19.90450000000001 	-0.5811666666666085    	7.7075907934828845   	2.04	A	278.0550079092337  	3 
1407	19.834500000000016	-0.3358333333332998    	37.375427277405095   	4.45	A	1204.1007421841512 	1 
1408	19.772500000000022	-0.6284999999999372    	0.13603623686881636  	2.08	A	5.6440925319484565 	1 
1409	19.732500000000027	-0.6498333333332683    	4.0862838893999935   	2.01	A	227.50477040195852 	1 
1410	19.893166666666676	-0.8364999999999163    	11.696688549574667   	3.17	A	903.5134162720934  	6 
1411	19.84383333333335 	-0.7754999999999224    	13.342183728488369   	3.17	A	771.1859938942939  	6 
1412	19.860500000000012	-0.8054999999999194    	1.5272502036789377   	3.25	A	62.4133884317607   	1 
1413	19.865833333333345	-0.8964999999999103    	0.5435949167235435   	3.22	A	30.473348561630882 	1 
1414	19.84083333333335 	-0.9114999999999088    	1.648571899469515    	3.21	A	115.23097323405273 	2 
1415	19.815500000000018	-0.7758333333332557    	3.0475912781205157   	3.33	A	171.0093998117069  	1 
1416	19.818166666666684	-0.513833333333282     	3.0285268578265447   	2.08	A	118.7729432968604  	1 
1417	19.791166666666687	-0.7198333333332613    	9.146470698445201    	3.94	A	277.6488719381312  	1 
1418	19.787500000000023	0.3478333333332985     	1.0427061048631763   	5.05	B	187.9971527671377  	1 
1419	19.771833333333355	0.33449999999996655    	0.06326520329519228  	2.57	B	11.259829813241032 	1 
1420	19.732500000000027	0.32683333333330067    	0.5718459011629041   	2.57	B	36.42397511254322  	1 
1421	19.766833333333356	-0.12349999999998765   	30.264277540791902   	9.44	A	5655.44658465448   	1 
1422	19.742500000000028	-0.18116666666664852   	2.2672902882527404   	4.27	A	246.16350404203448 	1 
1423	19.713500000000028	-0.17116666666664954   	3.7937182076687015   	4.3 	A	461.03436091797477 	1 
1424	19.702833333333363	0.17616666666664904    	1.0334102304490147   	1.99	A	17.486543570253396 	1 
1425	19.62483333333337 	-0.7498333333332583    	16.72211611469832    	3.37	B	1651.405704636036  	2 
1426	19.62483333333337 	-0.6661666666666       	5.3632404008470544   	3.92	B	346.05571054547187 	2 
1427	19.575166666666707	-0.7351666666665931    	6.9728337429746805   	3.37	B	398.43117090038544 	2 
1428	19.61583333333337 	-0.6698333333332663    	0.04497362447232842  	3.37	B	2.7684709134341374 	1 
1429	19.53583333333338 	-0.7511666666665915    	0.8581975601470521   	4.02	B	38.632986895848916 	1 
1430	19.653833333333367	-0.503833333333283     	8.360863181739488    	4.09	A	348.3462704000815  	1 
1431	19.61550000000004 	0.15916666666665075    	1.3605138380078343   	1.88	A	27.839586769245024 	1 
1432	19.53583333333338 	-0.4624999999999537    	12.339968031067873   	4.19	A	1177.13338432811   	1 
1433	19.54116666666671 	-0.577166666666609     	2.0392186703344457   	3.48	A	67.31585503261134  	1 
1434	19.540500000000044	0.10549999999998945    	5.287773452338733    	2.23	A	658.5521263612699  	1 
1435	19.489500000000053	-0.05283333333332804   	8.20410581535425     	2.27	B	747.4732308442241  	3 
1436	19.403166666666728	-0.18416666666664822   	6.222218600671161    	2.93	A	241.2603078367961  	1 
1437	19.376500000000064	-0.03549999999999642   	4.491678171101899    	2.27	B	605.2153712864949  	3 
1438	19.16316666666675 	-0.05749999999999422   	17.397100806785765   	3.57	B	1383.9103485854441 	1 
1439	19.054500000000097	-0.05116666666666153   	5.714441730635424    	3.51	A	404.74245557525    	1 
1440	19.0185000000001  	-0.06849999999999312   	5.463764917690041    	4.19	A	500.56593069389606 	1 
1441	19.414500000000057	-0.6821666666665984    	0.14976442335714266  	1.86	A	9.9231218106007    	1 
1442	19.28716666666674 	0.08083333333332525    	9.628520183671176    	2.22	A	1150.6753481930582 	6 
1443	19.281833333333406	-0.38749999999996126   	4.982928706723894    	3.3 	B	366.1840256940058  	1 
1444	19.288833333333404	-0.35983333333329737   	3.4623833355327776   	4.41	B	240.8493587102044  	1 
1445	19.254500000000075	0.589499999999941      	1.6525806410214638   	2.2 	A	31.797691272249384 	1 
1446	19.228166666666745	-0.6634999999999336    	8.182794401586401    	4.24	A	664.9509538634553  	1 
1447	19.10616666666676 	0.11583333333332174    	11.323194606232205   	3.43	A	1073.6459350679074 	3 
1448	19.11150000000009 	0.45683333333328763    	1.6730455162104458   	1.7 	A	46.10326185751671  	2 
1449	19.103166666666755	-0.9334999999999066    	1.267329044048269    	4.25	A	40.052897421738955 	1 
1450	19.079166666666758	-0.9301666666665735    	0.2370777673198574   	1.62	A	13.31779414740201  	1 
1451	19.08650000000009 	-0.29083333333330424   	7.20731716834615     	4.27	A	1111.315336242767  	1 
1452	19.03683333333343 	-0.43949999999995604   	1.3293209363748317   	3.91	A	122.94625640361676 	1 
1453	19.0085000000001  	-1.0118333333332319    	6.601089867324558    	3.08	A	317.15165278617985 	1 
1454	18.915833333333442	-0.2601666666666407    	25.78875945242602    	4.28	A	1578.7711212011952 	6 
1455	18.972500000000103	-0.40483333333329286   	1.7476957921855902   	2.24	A	34.71438384556488  	1 
1456	18.94783333333344 	0.04383333333332895    	5.927324954771171    	3.55	A	493.8524740490957  	2 
1457	18.91350000000011 	-0.629499999999937     	17.04355557456837    	4.27	A	2710.9883276144    	2 
1458	18.92850000000011 	-0.03183333333333015   	0.8387388769112873   	3.37	A	159.526007596565   	1 
1459	18.849500000000113	-0.08683333333332466   	25.507787506307235   	3.42	A	1209.793778023534  	5 
1460	18.887500000000113	0.06883333333332645    	18.68753839907022    	3.55	A	1250.9165335751966 	3 
1461	18.86516666666678 	-0.40983333333329236   	18.103754429532756   	4.2 	A	921.1727879123356  	1 
1462	18.881833333333443	-0.47316666666661933   	1.8105448914699898   	4.36	A	526.8217538887199  	1 
1463	18.78750000000012 	-0.28616666666663804   	24.896636000386643   	4.39	A	2623.9310801246597 	2 
1464	18.832500000000117	-0.8831666666665783    	3.2031740160425843   	4.2 	A	45.83120015266525  	1 
1465	18.81150000000012 	-0.5148333333332819    	11.701239648903996   	4.42	A	828.5124687166119  	1 
1466	18.699833333333462	-0.36883333333329643   	21.05303862624053    	4.4 	A	1660.5923964741307 	3 
1467	18.49350000000015 	-0.20083333333331324   	76.47614217513117    	3.64	A	6515.9859902046155 	10
1468	18.68750000000013 	-0.6098333333332724    	9.581141073281454    	3.32	A	431.9947718297815  	1 
1469	18.651500000000134	-0.7514999999999249    	10.649212508227784   	4.42	A	551.8589928808744  	1 
1470	18.571833333333476	-0.4354999999999564    	9.962547680873664    	3.43	A	405.8939808024565  	1 
1471	18.56916666666681 	-0.01816666666666485   	1.3315620270400428   	3.65	A	78.03807184303572  	1 
1472	18.522166666666813	-0.5978333333332736    	12.90148670784916    	3.64	A	366.98846732713196 	2 
1473	18.57316666666681 	-0.3004999999999699    	0.14305154558480046  	3.49	A	7.300938447814486  	1 
1474	18.562500000000146	-0.29183333333330413   	0.8818076541956431   	3.49	A	41.42081053270198  	1 
1475	18.525166666666813	0.08983333333332434    	41.16785228935693    	9.43	A	1968.1833268779124 	3 
1476	18.448500000000156	-0.4884999999999511    	6.361931508873338    	3.44	A	139.56562732170067 	1 
1477	18.404833333333492	-0.2958333333333037    	17.394421710117278   	4.48	B	1593.099413345712  	3 
1478	18.3218333333335  	-0.246166666666642     	21.62776093492863    	4.46	B	2986.3324543228823 	3 
1479	18.355500000000166	-0.3038333333333029    	0.5671640972680189   	3.77	B	75.05141078641104  	1 
1480	18.426166666666823	0.07083333333332625    	29.272640126661134   	9.4 	A	657.6244357514432  	1 
1481	18.424166666666824	-0.8338333333332499    	2.767029590742701    	3.77	A	59.89045192533559  	2 
1482	18.383833333333495	-0.8384999999999161    	36.59875635917473    	3.58	A	1594.3740198081746 	12
1483	18.366833333333496	-0.3921666666666275    	12.450534911004677   	3.38	A	832.3661462623612  	2 
1484	18.30050000000017 	-0.08716666666665795   	2.013697125669149    	3.77	A	161.8264745912518  	1 
1485	18.17216666666685 	-0.5108333333332822    	36.11708757126145    	3.47	A	774.3111536804607  	5 
1486	18.23283333333351 	0.6521666666666014     	3.0564147044551375   	3.06	A	229.47537755118657 	1 
1487	18.14483333333352 	-0.41716666666662494   	65.15456010182628    	3.43	A	4306.362301243873  	9 
1488	18.03383333333353 	-0.44649999999995527   	25.29108397357078    	3.74	A	1032.9853149173118 	4 
1489	17.93483333333354 	-0.2871666666666379    	3.021756959057856    	2.18	A	62.275218602369925 	1 
1490	17.89650000000021 	-0.5078333333332825    	16.133881975736614   	3.81	A	571.4938171925967  	3 
1491	17.918166666666874	-0.619499999999938     	3.0632566553975202   	3.27	A	138.9460437298477  	2 
1492	18.13383333333352 	0.32716666666663397    	8.464090318485043    	2.09	A	205.89113800341474 	9 
1493	18.10050000000019 	0.6554999999999345     	7.210752904223649    	2.12	A	150.19989960153936 	6 
1494	18.049500000000197	0.16483333333331684    	0.7029471733685251   	2.05	A	27.883153626064598 	1 
1495	17.984500000000203	-0.8101666666665855    	0.3426406190551253   	2.82	A	10.269998943183472 	1 
1496	17.957500000000206	0.08449999999999155    	6.956977526268816    	2.1 	A	273.9919800589285  	2 
1497	17.75850000000022 	-0.6944999999999305    	10.904897116476796   	3.33	A	870.8726048779553  	1 
1498	17.67850000000023 	0.2398333333333093     	11.875946048438909   	2.19	A	475.3866108686451  	7 
1499	17.6711666666669  	0.292833333333304      	0.8396049414667637   	2.21	A	15.091685791004489 	1 
1500	17.767833333333556	-0.13816666666665284   	15.69366980449057    	3.82	A	546.5080184913761  	1 
1501	17.786833333333554	0.29549999999997045    	1.3366810381636363   	1.65	A	32.44726600948238  	1 
1502	17.795166666666887	0.6114999999999388     	1.6697877479835013   	2.26	A	41.34839967821454  	1 
1503	17.769500000000225	-0.5648333333332769    	0.3468834794020095   	0.56	A	10.450283287263277 	2 
1504	17.781833333333555	0.48183333333328515    	1.102083191720018    	2.13	A	26.925270809040562 	2 
1505	17.646833333333568	0.3588333333332974     	3.234141514323495    	2.31	A	66.86699198123242  	3 
1506	17.619500000000237	-0.20483333333331286   	2.7838091028479424   	2.01	A	45.73413825577913  	1 
1507	17.59950000000024 	-0.07383333333332595   	1.0163225132077065   	1.35	A	24.073405496512095 	2 
1508	17.523166666666913	0.22249999999997774    	3.762104598917229    	2.21	A	88.86120174059488  	1 
1509	17.47116666666692 	-0.21583333333331173   	24.549691533192554   	3.89	A	1582.4920599113752 	2 
1510	17.370500000000263	0.7308333333332602     	2.578349703080583    	1.85	A	73.39008127856572  	5 
1511	17.268500000000273	-0.33816666666663286   	2.504107093213703    	3.46	A	80.16518153630237  	1 
1512	17.275833333333605	-0.2768333333333056    	6.5849506678049865   	3.52	A	331.68259455719647 	1 
1513	17.282500000000272	-0.8541666666665811    	9.17376436510403     	3.58	A	1177.4289670128812 	1 
1514	17.267833333333606	0.596166666666607      	0.2092649141153785   	2.17	A	16.825516592177145 	1 
1515	17.20850000000028 	0.8368333333332496     	11.06968363281311    	2.17	A	681.169872428583   	5 
1516	17.211166666666948	0.2938333333333039     	3.059348139745957    	1.95	A	130.44372721033898 	4 
1517	17.178166666666947	-0.20649999999997937   	38.813629862149874   	3.44	A	1826.0691929723102 	4 
1518	16.988833333333634	-0.22283333333331107   	0.08033750012578325  	3.37	B	42.47412899613138  	1 
1519	16.975500000000302	-0.21983333333331134   	0.25899660514595524  	4.11	B	144.40070076175547 	1 
1520	17.168833333333616	-0.30049999999996996   	16.860912649085822   	4.0 	A	472.6405270197222  	1 
1521	17.082166666666957	0.44349999999995565    	20.501735839558563   	2.23	A	792.5787367023577  	8 
1522	17.02983333333363 	0.33516666666663314    	6.980703781093486    	2.19	A	239.66622845330616 	7 
1523	16.9965000000003  	0.41683333333329164    	0.2371465837796256   	2.36	A	6.296964661120605  	1 
1524	16.916166666666975	-0.08516666666665813   	13.911937023055017   	3.36	A	506.59592376266477 	4 
1525	16.813166666666987	-0.10483333333332284   	4.623803577226763    	3.83	A	95.29602524199707  	1 
1526	16.995833333333632	0.021499999999997847   	0.7489243700842602   	2.63	A	63.26731520674759  	1 
1527	16.92550000000031 	0.24249999999997573    	4.935037649529198    	2.29	A	531.6755527286514  	7 
1528	16.893833333333642	0.34849999999996517    	5.365255045691671    	2.35	A	313.4283255004459  	4 
1529	16.883833333333644	0.13683333333331965    	1.3411431621292844   	2.29	A	91.6880022366654   	1 
1530	16.798833333333654	-0.23949999999997607   	1.6146648126259042   	2.43	A	135.2807405487015  	1 
1531	16.793833333333655	0.11949999999998803    	1.1277072266085215   	1.6 	A	138.81228972669172 	2 
1532	16.630166666667005	-0.06349999999999366   	30.66783445821823    	4.29	B	1714.5664285527034 	4 
1533	16.583833333333676	-0.08249999999999175   	7.08336439036172     	3.48	B	715.4373811088107  	2 
1534	16.44183333333369 	-0.007499999999999257  	17.769268743730613   	4.19	B	625.6349021902881  	2 
1535	16.703166666666995	0.23683333333330964    	1.8210282119714185   	2.42	A	37.62490265498861  	2 
1536	16.70450000000033 	-0.39549999999996044   	1.007938764887531    	2.9 	A	16.377301949741245 	1 
1537	16.677833333333666	-0.3418333333332991    	3.781834066731358    	2.9 	A	107.96002176221081 	3 
1538	16.655833333333668	0.10716666666665595    	0.8297435211202989   	1.59	A	41.100887385357005 	2 
1539	16.652166666667   	-0.3038333333333029    	0.6040231739879529   	2.9 	A	47.52100355801911  	1 
1540	16.61050000000034 	-0.23283333333331002   	2.8814922668614735   	2.9 	B	485.77425599576037 	1 
1541	16.58750000000034 	-0.23249999999997673   	1.250944773045202    	4.15	B	142.51373491854696 	1 
1542	16.631500000000337	-0.42216666666662445   	0.2524828253191867   	2.9 	A	29.80063112349209  	1 
1543	16.597833333333675	-0.31849999999996814   	0.7204442287292689   	2.9 	A	59.71978581904342  	1 
1544	16.525166666667015	0.19649999999998036    	0.10225260469616966  	1.59	A	4.209119956678889  	1 
1545	16.538166666667014	-0.31916666666663474   	3.6173074905932636   	2.9 	A	362.12468512288206 	2 
1546	16.481500000000352	-0.18583333333331475   	19.814468137099663   	6.26	A	811.6242875695226  	1 
1547	16.496500000000353	-0.24316666666664233   	2.3357549825938344   	3.16	A	126.29264390295457 	1 
1548	16.473833333333687	0.17449999999998256    	1.3929212357549814   	1.91	A	16.191743886922197 	1 
1549	16.440500000000355	-0.3781666666666288    	7.522323304619272    	3.74	A	693.811761915014   	2 
1550	16.456833333333687	-0.12383333333332094   	10.688606411421555   	9.75	A	939.5269935762609  	1 
1551	16.306833333333703	-0.49616666666661696   	9.838139289999097    	3.88	A	639.6779808016871  	1 
1552	16.327500000000366	-0.5191666666666147    	2.9737605448515696   	3.3 	A	309.9426789445841  	2 
1553	16.361166666667028	0.49283333333328405    	0.9473280485579445   	1.97	A	13.05134307400498  	3 
1554	16.361500000000362	-0.07849999999999215   	2.1209647180246924   	3.74	A	263.9037363300414  	1 
1555	16.297500000000372	-0.3754999999999624    	8.739202251298773    	3.83	A	510.49395398654775 	1 
1556	16.246500000000374	0.429499999999957      	0.12800907370024525  	2.49	A	3.467224093863509  	1 
1557	16.23083333333371 	0.4101666666666256     	1.3949638749404762   	2.59	A	126.11857145990015 	1 
1558	16.213500000000376	0.43783333333328955    	1.560168177452668    	2.58	A	149.68353191896068 	2 
1559	16.08116666666706 	0.40549999999995945    	3.6409066996460537   	1.91	A	89.02976563006129  	1 
1560	16.02783333333373 	0.5078333333332825     	2.436093198807516    	2.5 	A	35.216801900822006 	1 
1561	15.942500000000404	-0.5668333333332767    	9.360337670999604    	1.99	A	449.9833378743114  	6 
1562	15.999833333333733	0.28883333333330447    	0.6577654985831192   	1.82	A	18.70466405305161  	1 
1563	15.956833333333737	-0.37783333333329555   	13.723361094548999   	3.55	A	347.243402288738   	2 
1564	15.951500000000404	-0.40683333333329263   	0.29505959470101434  	3.47	A	3.0693035924760617 	1 
1565	15.965500000000404	0.2658333333333068     	0.6863690099931246   	2.03	A	26.01975073513696  	1 
1566	15.907833333333743	-0.14749999999998525   	8.236516567277652    	2.5 	A	210.7092481074173  	5 
1567	15.904833333333743	0.027499999999997245   	4.617883341057814    	2.42	A	126.61352801384399 	1 
1568	15.908833333333742	0.15416666666665124    	1.2397485597808806   	2.15	A	17.654272482684476 	1 
1569	15.909166666667076	0.2904999999999709     	0.45399741596173576  	1.94	A	41.04016302772999  	2 
1570	15.903166666667078	0.25883333333330744    	0.23793628413259899  	1.91	A	7.770167810628071  	1 
1571	15.875833333333746	-0.782833333333255     	0.3527493413615262   	1.9 	A	10.098017291750976 	1 
1572	15.867166666667082	-0.7711666666665895    	0.4410665283386875   	1.92	A	12.125296749345631 	2 
1573	15.850833333333748	-0.32183333333330116   	8.413843560013259    	4.06	A	322.3162426676662  	1 
1574	15.775833333333756	-0.5818333333332751    	2.9157110450182877   	1.79	A	290.44317718493863 	2 
1575	15.786166666667087	-0.41049999999995895   	4.583892917657425    	3.89	A	132.8691184255863  	2 
1576	15.761833333333758	-0.28083333333330524   	1.651868343954859    	4.25	A	54.5615531377598   	2 
1577	15.715500000000427	-0.5968333333332737    	3.4247081447449363   	1.82	A	268.0927739004173  	2 
1578	15.631833333333772	-0.37749999999996225   	8.05068504879956     	3.45	A	134.02670902405194 	1 
1579	15.550166666667112	-0.45416666666662125   	0.6764661650622068   	1.66	B	197.10569632848663 	2 
1580	15.535833333333779	-0.40549999999995945   	2.732483565476446    	3.36	B	699.4240228987096  	1 
1581	15.501833333333783	-0.42283333333329104   	4.2463970769749695   	3.43	A	367.7428777481206  	1 
1582	15.529166666667113	0.27949999999997205    	3.20923720916664     	3.89	A	347.73062147231803 	2 
1583	15.496166666667119	-0.21883333333331145   	15.642208698828714   	4.42	A	266.5122685339298  	2 
1584	15.420166666667125	0.19416666666664723    	11.317862088759082   	3.89	A	911.0860863001207  	2 
1585	15.429166666667125	-0.09549999999999044   	23.099937500502406   	2.96	A	790.6943672419114  	1 
1586	15.329166666667135	-0.15316666666665135   	3.6108067280842335   	2.99	A	285.9011539673935  	1 
1587	15.271500000000474	-0.12583333333332075   	5.0570800329039765   	2.98	B	810.7675669673415  	3 
1588	15.261833333333808	-0.15683333333331764   	0.9567210756211907   	1.79	B	116.55100924039418 	2 
1589	15.186833333333816	-0.13249999999998674   	1.4580188380618064   	4.41	B	157.52491522529772 	1 
1590	15.392500000000462	-0.23416666666664326   	8.154148720971582    	2.97	A	289.38342056057473 	1 
1591	15.288833333333804	0.22649999999997733    	0.861842530960928    	2.18	A	19.752589774395638 	1 
1592	15.278500000000474	-0.012499999999998748  	3.2690538284984934   	3.02	A	140.90066502516436 	1 
1593	15.256166666667141	0.09349999999999065    	1.8331631884307675   	3.01	A	52.87518593221053  	3 
1594	15.258833333333808	0.16416666666665025    	0.695125894344713    	3.03	A	34.70725857673226  	1 
1595	15.221500000000479	-0.4268333333332906    	4.041516355535342    	2.2 	A	435.4095011432751  	4 
1596	15.19750000000048 	-0.07249999999999275   	1.190140259113146    	3.0 	A	68.49476518409895  	1 
1597	15.155166666667151	-0.4801666666666186    	0.5265491520702161   	2.13	A	75.09642368123058  	1 
1598	15.043833333333831	0.0754999999999924     	11.274980106261177   	2.83	A	913.5478068388069  	2 
1599	14.991500000000501	-0.01349999999999868   	34.83720734858854    	2.61	A	1915.2706746124188 	5 
1600	14.89316666666718 	-0.16849999999998316   	9.946701905776024    	3.53	B	1211.9464437650236 	2 
1601	14.894833333333844	-0.14249999999998578   	0.08455128643226771  	2.91	B	5.443243819055144  	1 
1602	14.824833333333853	0.07849999999999213    	1.6000943826643288   	2.8 	A	76.06063611855741  	1 
1603	14.796500000000522	-0.18583333333331475   	6.478657536421433    	9.81	B	576.432076665511   	1 
1604	14.774833333333858	-0.17083333333331627   	2.4320812926190394   	4.24	B	217.8293689600533  	1 
1605	14.726166666667195	-0.20516666666664618   	4.856860865070096    	4.24	B	347.109302515094   	4 
1606	14.706833333333863	-0.15449999999998457   	3.877627939353153    	3.53	B	438.17016158494727 	2 
1607	14.680833333333867	-0.04349999999999565   	1.263582043321954    	3.53	B	99.3317578441739   	1 
1608	14.64783333333387 	-0.11616666666665507   	12.73999425321304    	3.53	B	857.1128960126389  	3 
1609	14.654500000000535	-0.0001666666666666483 	7.369770569094735    	3.53	B	568.7034226482247  	3 
1610	14.679500000000534	-0.07049999999999296   	0.42892621430521605  	3.53	B	24.481345319407257 	1 
1611	14.662500000000534	-0.19016666666664767   	1.520009907921336    	3.53	B	85.72451846844578  	1 
1612	15.077833333333826	-0.25949999999997403   	2.9976286735471875   	2.9 	A	66.83633383320765  	2 
1613	15.0235000000005  	-0.16549999999998344   	4.384729310106595    	4.45	A	173.2924245965696  	1 
1614	14.882833333333846	0.26449999999997353    	4.529668099377141    	3.42	A	51.2278906196191   	1 
1615	14.853166666667184	-0.9944999999999006    	4.5717638710838475   	2.36	A	675.33405561372    	1 
1616	14.781500000000522	-0.4844999999999515    	7.216901813304995    	2.31	A	601.7208483274244  	2 
1617	14.636166666667203	-0.5681666666666099    	1.354202936767283    	1.86	B	418.1792664334887  	4 
1618	14.604166666667206	-0.6011666666666066    	1.2864663389829671   	3.38	B	267.80644016470546 	3 
1619	14.547166666667213	-0.6148333333332718    	1.7891432974073307   	3.38	B	241.7412898392913  	2 
1620	14.572833333333877	-0.7808333333332552    	12.611332526536984   	2.25	B	864.5741642999598  	1 
1621	14.285833333333905	-0.652833333333268     	3.676246561292915    	1.1 	B	301.12289245412387 	1 
1622	14.382166666667228	-0.45583333333328774   	8.832273615885125    	3.34	A	264.1919481880226  	1 
1623	14.184166666667249	-0.5301666666666136    	24.764775401569437   	2.15	B	2819.0171909473065 	27
1624	14.172500000000584	-0.616166666666605     	0.9771117933916442   	2.04	A	43.31195945736795  	1 
1625	14.151500000000585	-0.59949999999994      	0.4235512703947923   	2.04	B	21.86910984788041  	1 
1626	13.980833333333935	-0.4354999999999564    	6.471450379654465    	2.24	B	463.15068902791353 	3 
1627	13.991166666667269	-0.386166666666628     	3.5181013816355873   	2.3 	A	229.66054101351895 	3 
1628	13.90050000000061 	-0.5154999999999484    	14.243922977694721   	2.46	B	1332.025230311385  	5 
1629	13.921500000000607	-0.47583333333328576   	0.11627000511675702  	2.44	A	10.184354492458306 	1 
1630	14.618500000000537	0.3338333333332999     	2.01759387970367     	2.7 	A	208.82755675973533 	1 
1631	14.55716666666721 	-0.28383333333330496   	2.224908880176137    	2.05	B	238.78653025622677 	1 
1632	14.544166666667213	-0.39516666666662714   	4.987306302740188    	3.42	B	374.2349693503856  	2 
1633	14.538166666667212	-0.3208333333333012    	1.6366445739359596   	2.64	B	102.21506219038275 	1 
1634	14.496166666667218	-0.27283333333330606   	8.219453632355762    	4.54	B	1256.5164549637489 	1 
1635	14.471833333333887	-0.24216666666664244   	5.257297007492435    	3.42	B	594.5722714631012  	2 
1636	14.47116666666722 	-0.08216666666665845   	18.995609114238015   	3.58	A	2201.826980206579  	3 
1637	14.49250000000055 	-0.14316666666665234   	17.147564694692264   	3.62	A	2496.1849742507984 	8 
1638	14.453833333333888	0.726166666666594      	0.9570504821296739   	2.73	A	37.87897414469964  	1 
1639	14.188500000000582	-0.23283333333331008   	33.575180008269065   	3.53	A	3320.8438582941367 	10
1640	14.184833333333914	-0.15283333333331806   	7.562091467544271    	3.53	A	586.6405992431102  	2 
1641	14.342166666667234	0.6248333333332708     	0.7419868403494622   	2.74	A	77.86717674103384  	1 
1642	14.265500000000573	0.25549999999997447    	6.148466885160907    	3.16	A	141.3105764939901  	3 
1643	14.220500000000579	0.10783333333332254    	3.5470616305059064   	3.92	A	40.4796262371582   	1 
1644	14.196500000000581	-0.349499999999965     	8.044384206703137    	3.65	B	230.20191564851572 	4 
1645	14.152500000000586	-0.3474999999999652    	0.3462326676692696   	4.02	B	10.847965175124472 	1 
1646	14.13183333333392 	-0.3831666666666283    	0.03272733403851257  	2.25	B	2.077142499672386  	1 
1647	14.119833333333922	-0.3871666666666279    	0.12832727705695618  	3.52	B	7.544088671645408  	1 
1648	14.11750000000059 	-0.372833333333296     	0.2501670560011956   	2.25	B	7.62751086176022   	1 
1649	14.157833333333917	0.5808333333332752     	6.314975055153571    	2.89	A	132.4820890327295  	1 
1650	14.15816666666725 	0.28149999999997183    	0.6856085190660711   	3.6 	A	42.705563204693554 	1 
1651	14.105833333333925	-0.07449999999999254   	2.700985687652027    	3.43	B	295.2670931875223  	2 
1652	14.101833333333925	-0.029166666666663746  	2.7068165998395797   	3.05	B	328.46425353658117 	2 
1653	14.115166666667257	0.7484999999999251     	1.6782849358308058   	2.9 	A	111.84448324495403 	1 
1654	14.09250000000059 	0.3114999999999688     	6.036919357133852    	4.02	A	106.20502774972003 	1 
1655	14.094166666667258	0.7824999999999217     	0.3708450545681041   	2.55	A	15.163822071034875 	1 
1656	14.081833333333924	-0.6124999999999388    	1.2838529313687388   	2.05	A	27.55696207453912  	2 
1657	14.060833333333928	-0.23216666666664343   	4.647658918760025    	3.37	A	302.3609026671633  	2 
1658	14.053166666667263	-0.21049999999997895   	0.33050829276732824  	3.67	A	34.46141838287544  	1 
1659	14.010500000000599	-0.17749999999998226   	7.827822679838514    	3.66	A	1031.7193806514674 	4 
1660	14.032166666667264	-0.23016666666664365   	0.06253864674870306  	3.62	A	3.982896898613728  	1 
1661	13.952500000000606	-0.06516666666666014   	2.9898227912416266   	3.64	A	263.21850738320944 	2 
1662	13.937166666667274	-0.3108333333333022    	0.7808528821703957   	2.28	A	41.73120190764243  	1 
1663	13.86716666666728 	-0.29716666666663694   	11.51354129949192    	3.67	A	1230.2457869325426 	2 
1664	13.85816666666728 	-0.25916666666664073   	0.014350865110029688 	2.0 	A	0.6732137476026899 	1 
1665	13.849166666667282	-0.26449999999997353   	0.5849855261805431   	2.01	A	39.15269708410525  	1 
1666	13.878833333333946	-0.5908333333332741    	2.893895766961004    	2.07	A	220.4761232839396  	3 
1667	13.861166666667282	-0.659499999999934     	4.894561904338325    	2.07	A	215.76071846547813 	2 
1668	13.787166666667288	-0.23583333333330972   	3.9399369384137155   	3.45	A	247.04336167265444 	1 
1669	13.737500000000628	-0.20649999999997934   	1.5018720796641531   	1.92	A	104.91274700100762 	2 
1670	13.739500000000627	-0.39083333333329423   	9.648935673607136    	3.69	A	246.1818160136681  	1 
1671	13.674833333333966	-0.596166666666607     	13.167386833887313   	4.1 	A	719.107260234921   	1 
1672	13.620833333333973	-0.40583333333329275   	0.32248095698221924  	2.39	A	11.728593045373959 	1 
1673	13.607166666667306	-0.26349999999997364   	1.3206249721225634   	2.11	A	120.06781133096462 	1 
1674	13.501833333333984	-0.31949999999996803   	6.841982202899078    	2.14	B	735.4974963402925  	4 
1675	13.464500000000655	-0.2808333333333053    	0.5527402762859498   	2.14	B	117.29231531643373 	2 
1676	13.456833333333988	-0.29483333333330386   	0.5179481742987138   	3.68	B	96.0034672065872   	1 
1677	13.550500000000646	0.02383333333333093    	2.6286672072557926   	3.63	A	147.9760973986074  	1 
1678	13.53783333333398 	-0.0818333333333251    	7.295646756636934    	2.31	B	281.5672449155895  	2 
1679	13.456833333333988	-0.03416666666666324   	12.860111136338784   	6.83	B	601.4526084697854  	1 
1680	13.452500000000656	0.0024999999999998357  	0.925789014500115    	9.47	B	26.83418481538461  	1 
1681	13.357833333333998	-0.031499999999996864  	3.9089347645165193   	4.07	B	256.4077197780747  	2 
1682	13.335833333334   	0.004833333333332912   	2.85040509793488     	4.07	B	135.6667938955488  	1 
1683	13.336833333334   	-0.04316666666666236   	1.3427852497155857   	4.07	B	247.1444739151485  	1 
1684	13.322166666667336	-0.08916666666665773   	1.0024634766143914   	4.07	B	175.46241339933383 	1 
1685	13.290833333334005	0.01783333333333159    	3.561885048619255    	4.07	B	272.1404088388008  	2 
1686	13.246166666667342	-0.08083333333332521   	21.968975876766393   	4.07	B	2862.0198575817117 	5 
1687	13.245833333334009	0.04549999999999543    	1.9639986345526919   	4.07	B	197.54102500070465 	1 
1688	13.24483333333401 	0.024499999999997635   	0.26855704994311713  	4.07	B	25.115590538873114 	1 
1689	13.223833333334012	0.03183333333333016    	3.24174710390627     	4.07	B	494.4161642365327  	1 
1690	13.198833333334013	-0.1354999999999864    	9.392208143313358    	4.07	B	649.3320950554627  	1 
1691	13.186166666667349	-0.057166666666660926  	0.3537776586933339   	4.07	B	12.17298830859989  	1 
1692	13.121833333334022	-0.09083333333332422   	11.84958924957783    	4.07	A	1086.5930177083662 	2 
1693	13.09550000000069 	-0.2651666666666401    	12.864947949884689   	4.07	B	559.8201341280554  	2 
1694	13.04783333333403 	-0.3238333333333009    	29.126385687985252   	4.07	B	1533.9539405439546 	4 
1695	13.06716666666736 	-0.17249999999998272   	3.589357481703207    	4.07	B	419.36160643249536 	2 
1696	13.064833333334027	-0.152833333333318     	1.2155149984899332   	4.07	B	103.24492836611623 	1 
1697	13.022833333334031	-0.2174999999999782    	0.45806077203241485  	4.07	B	36.09424932669774  	1 
1698	12.899833333334044	-0.4478333333332885    	24.246384513236002   	4.07	B	1366.8520920333842 	2 
1699	12.979500000000703	-0.14383333333331894   	1.4493110106533567   	4.07	B	154.01450089026315 	1 
1700	12.948833333334038	-0.2521666666666414    	7.059854640675848    	4.07	B	1146.27087202149   	1 
1701	12.846500000000717	-0.3391666666666327    	32.85534798270691    	4.07	B	3935.168245144535  	7 
1702	12.909833333334042	-0.24983333333330832   	0.1327466361215038   	2.31	B	24.34822664794028  	1 
1703	12.736500000000728	-0.3614999999999638    	4.8393824692186325   	2.31	A	192.9128920117342  	1 
1704	12.750500000000725	-0.4214999999999578    	0.47431996712291674  	4.07	A	26.45797383375853  	1 
1705	13.53183333333398 	-0.2421666666666425    	1.6381016876710512   	3.53	B	227.00644564765855 	1 
1706	13.479500000000652	-0.20783333333331255   	0.8842914403284755   	2.14	B	163.60554047852938 	2 
1707	13.403500000000658	-0.270499999999973     	0.432208077770066    	2.18	B	63.490250627683274 	1 
1708	13.394166666667326	-0.22783333333331057   	0.26830036238201344  	2.18	B	48.96837023185     	1 
1709	13.374500000000662	-0.24949999999997508   	1.3148384460777114   	3.66	B	231.99505544908956 	1 
1710	13.35016666666733 	-0.30149999999996985   	0.6345118272235087   	3.77	B	115.58713704257475 	1 
1711	13.330166666667333	-0.24449999999997557   	8.444744248924737    	3.98	A	244.40876009866747 	1 
1712	13.337166666667333	-0.3081666666666359    	0.11600037469995034  	3.71	B	23.031219906152586 	1 
1713	13.318500000000668	-0.28483333333330485   	0.40189766295610424  	3.81	B	115.04142743242674 	1 
1714	13.299166666667336	-0.32683333333330067   	5.115923995275894    	3.7 	B	1819.9477975585291 	4 
1715	13.270833333334005	-0.30083333333330325   	2.5278486195250185   	3.75	A	124.7254346880248  	1 
1716	13.260500000000674	-0.40583333333329275   	6.0387356080376      	3.66	A	612.2277113961873  	2 
1717	13.214500000000678	-0.4448333333332889    	4.86483538696389     	3.75	A	172.6446633331658  	2 
1718	13.158500000000684	-0.38749999999996126   	29.160482213017584   	3.68	A	1341.012476796333  	2 
1719	13.469833333333987	0.17616666666664904    	1.2597818970098003   	2.09	B	66.86352170723639  	2 
1720	13.341833333334   	0.15683333333331764    	24.763699509765935   	2.1 	A	675.5945796589746  	20
1721	13.40850000000066 	0.11883333333332144    	3.7111860067261024   	2.57	A	89.21606936771009  	1 
1722	13.41150000000066 	-0.42083333333329126   	2.1467002868891325   	2.09	A	60.193094123901645 	4 
1723	13.354500000000664	-0.3614999999999638    	2.737793331412949    	3.64	A	183.24559231089592 	1 
1724	13.091833333334023	0.09149999999999085    	1.4758840912671245   	3.41	B	83.35455218251082  	1 
1725	13.009833333334033	0.03949999999999605    	8.218768554547935    	3.48	A	252.17167492870084 	1 
1726	12.989500000000703	0.3568333333332976     	1.681770625580512    	3.16	A	86.28314930342745  	1 
1727	12.940166666667373	0.7001666666665967     	55.4977729954554     	3.52	A	2061.515538082343  	1 
1728	12.90883333333404 	-0.013833333333331952  	3.0811337852975718   	4.7 	A	416.27211055471776 	1 
1729	12.836166666667385	0.38749999999996126    	8.838677242668258    	2.24	A	351.27348833101917 	6 
1730	12.76516666666739 	0.6748333333332658     	3.4808555491009376   	2.19	A	47.53672237868849  	3 
1731	12.761833333334058	-0.21049999999997893   	2.27645716057426     	3.49	A	583.2563667156779  	2 
1732	12.752500000000726	0.013833333333331949   	2.834573237084047    	3.32	A	165.47517854999046 	1 
1733	12.744500000000727	-0.11483333333332184   	0.9940156503276443   	4.79	A	35.37567977660993  	1 
1734	12.736500000000728	-0.10216666666665644   	2.8093718859426033   	4.58	A	483.442709103183   	2 
1735	12.720166666667394	0.6074999999999393     	1.8783276387934036   	2.19	A	51.96233056626361  	1 
1736	12.694833333334065	0.35149999999996484    	1.395683817904318    	2.17	A	58.602322537878386 	2 
1737	12.692833333334063	-0.1298333333333203    	0.08225465047287729  	3.46	A	13.658757185098457 	1 
1738	12.682500000000731	-0.09549999999999043   	11.386491114044237   	4.42	B	575.6865295342911  	1 
1739	12.675833333334065	-0.17816666666664882   	19.720328249066732   	3.51	B	1186.6542855738705 	4 
1740	12.594833333334073	-0.1904999999999809    	6.02430904888339     	2.4 	A	143.80608710882981 	1 
1741	12.59650000000074 	-0.04249999999999571   	5.823310290610235    	2.4 	A	141.86552574311293 	1 
1742	12.598500000000739	-0.3608333333332972    	11.306534439847397   	3.55	A	283.0180143594809  	1 
1743	12.55516666666741 	-0.3504999999999649    	18.123214067236436   	3.55	B	942.2625619172612  	4 
1744	12.52683333333408 	-0.07249999999999274   	6.8854548182661235   	4.42	B	209.618972322523   	2 
1745	12.525500000000747	-0.2951666666666371    	6.452833327272472    	3.55	B	437.2623429305745  	4 
1746	12.491166666667416	-0.06749999999999323   	2.116031418603392    	4.39	B	37.05128652041787  	1 
1747	12.498833333334083	-0.17749999999998223   	15.235050763497547   	3.55	B	969.5054021555497  	5 
1748	12.498166666667416	-0.22183333333331112   	3.581305434676076    	3.55	B	373.8122007934747  	2 
1749	12.440500000000755	-0.05783333333332752   	6.86846484260091     	2.4 	B	209.45596503964774 	1 
1750	12.445833333334088	-0.19383333333331393   	5.8142894688029525   	3.55	B	111.63502732600472 	1 
1751	12.408833333334092	-0.1034999999999896    	0.22948336396566565  	3.55	B	12.603188534164529 	1 
1752	12.340166666667432	-0.1464999999999853    	23.05671074523951    	9.68	B	659.2967011975225  	2 
1753	12.243500000000775	-0.14283333333331905   	26.045295141438093   	4.31	B	1193.446176143701  	1 
1754	12.198166666667445	-0.15916666666665075   	2.195194973962881    	2.4 	B	79.10762845814735  	1 
1755	12.662166666667401	0.7821666666665884     	1.2541789638838547   	2.2 	A	24.860738272236624 	1 
1756	12.621500000000738	0.5148333333332819     	9.798360306386417    	2.27	A	261.21060006958334 	1 
1757	12.581833333334076	0.26416666666664024    	10.66157892961805    	3.53	A	311.9229429746394  	3 
1758	12.496166666667417	0.4464999999999553     	3.117355081141057    	3.35	A	40.67408962370398  	1 
1759	12.40850000000076 	0.5131666666666154     	12.617501029287698   	2.25	A	415.8740904716211  	5 
1760	12.3168333333341  	0.3221666666666344     	0.5980574516689535   	2.34	A	23.706784052699057 	1 
1761	12.291166666667438	0.3148333333333018     	2.746447850772936    	3.14	A	105.37937090784763 	1 
1762	12.301833333334104	0.24349999999997562    	2.368498789665481    	3.41	A	158.42165925032114 	1 
1763	12.23783333333411 	0.3424999999999657     	2.5700937248448184   	2.4 	A	49.972955262467735 	1 
1764	12.006500000000798	-0.6954999999999304    	8.062162992561529    	3.62	B	270.323689182524   	1 
1765	11.931166666667472	-0.6368333333332696    	3.4194107191985728   	3.97	B	281.7230281366041  	1 
1766	11.914833333334142	-0.6171666666666049    	1.710998139005678    	3.4 	B	174.27749160420495 	1 
1767	12.150500000000784	0.4491666666666217     	0.15398749034101666  	2.2 	B	2.0629314416642583 	1 
1768	12.131500000000786	0.459499999999954      	0.21722065126828521  	2.2 	B	6.533555990916741  	1 
1769	12.12683333333412 	0.469499999999953      	0.25367650590964536  	3.04	B	6.666910811988895  	1 
1770	12.109833333334121	-0.05883333333332745   	6.744456783324066    	3.35	A	584.8045570469482  	1 
1771	12.119166666667454	-0.031166666666663553  	14.121676717265517   	9.9 	A	1807.3601116428958 	1 
1772	12.125166666667454	-0.4104999999999589    	1.759704934573463    	4.09	A	44.133350494815865 	1 
1773	12.090500000000791	0.11783333333332155    	1.63655175700815     	3.15	A	48.290846681966904 	1 
1774	11.930500000000807	-0.47916666666661867   	3.8005866230955876   	3.39	A	103.79779856979738 	1 
1775	11.905166666667476	-0.12916666666665375   	1.5483132290180541   	3.75	A	436.53056881803565 	1 
1776	11.83983333333415 	-0.382833333333295     	2.074442523513938    	4.21	A	86.7869258064806   	1 
1777	11.840166666667484	-0.09849999999999015   	0.9828790168459955   	1.99	B	113.61972467854456 	2 
1778	11.821833333334151	-0.11883333333332145   	1.9666568209276285   	4.39	B	185.26666452631846 	1 
1779	11.838500000000815	0.10516666666665615    	1.7989752883264056   	2.25	A	46.21395996400281  	1 
1780	11.763166666667491	-0.4221666666666244    	3.0874890117573406   	4.94	B	212.42806329553483 	1 
1781	11.710166666667496	-0.4701666666666196    	10.479667800101616   	3.3 	B	849.424198533001   	3 
1782	11.704166666667495	-0.29716666666663694   	20.335807698364192   	4.37	A	455.5110319533653  	3 
1783	11.606166666667507	-0.33449999999996655   	8.697451482512445    	4.43	B	732.3264511126404  	3 
1784	11.625500000000839	-0.3421666666666324    	0.4481513202881253   	2.82	B	21.3040057058533   	1 
1785	11.556166666667512	-0.3318333333333002    	14.251757981425616   	4.43	B	835.1122846672398  	6 
1786	11.533166666667514	-0.3574999999999643    	1.546475123506757    	4.46	A	39.80101321832691  	1 
1787	11.492500000000852	-0.28416666666663826   	4.00752889707784     	3.53	B	193.00511424923846 	2 
1788	11.44083333333419 	-0.30649999999996935   	6.4246145747407635   	3.53	B	243.4130210701949  	1 
1789	11.417833333334192	-0.2981666666666368    	10.856131302976246   	4.49	B	282.3414694281307  	1 
1790	11.63683333333417 	0.03349999999999665    	16.36887428481567    	9.7 	A	558.3568381679753  	1 
1791	11.573833333334177	-0.13083333333332026   	47.025326364525796   	9.3 	A	2077.048939721578  	2 
1792	11.533166666667514	-0.12216666666665445   	15.264787120014642   	9.28	A	889.2559918218458  	1 
1793	11.599166666667507	0.2551666666666411     	5.0155307448483715   	3.32	A	185.39856171325337 	1 
1794	11.54983333333418 	0.2651666666666401     	7.891196760168814    	3.35	A	376.47380630329206 	4 
1795	11.564833333334178	0.00616666666666605    	13.786690551811938   	3.61	A	461.1088458770484  	1 
1796	11.521166666667515	-0.47783333333328554   	11.121899306285522   	3.25	A	521.9931793496443  	2 
1797	11.359166666667532	-0.10816666666665584   	8.067265374958641    	3.3 	B	233.28920543375162 	1 
1798	11.316833333334204	-0.08849999999999111   	0.39659969586766103  	3.3 	B	29.34696138132937  	1 
1799	11.304833333334203	-0.06049999999999392   	2.9357960758233457   	3.3 	B	410.95488630600863 	2 
1800	11.303833333334204	-0.04049999999999593   	0.05823675831513982  	3.3 	B	6.258922921886573  	1 
1801	11.22550000000088 	-0.05883333333332744   	1.1732126690955065   	3.3 	B	180.7946921994082  	1 
1802	11.232833333334211	-0.10149999999998982   	0.37442479325385114  	5.12	B	114.38488608467338 	1 
1803	11.217833333334212	-0.10416666666665622   	0.19461397715439127  	3.3 	B	51.2063675543416   	1 
1804	11.196833333334215	-0.09849999999999012   	1.0923282825467011   	4.4 	B	403.6832938734025  	1 
1805	11.187833333334217	-0.11283333333332202   	0.2546936708592507   	3.3 	B	72.14492590353079  	1 
1806	11.130166666667556	-0.12749999999998723   	10.003453295398067   	3.3 	B	1899.5595397301759 	6 
1807	10.993500000000902	-0.17183333333331613   	26.451283061567683   	3.3 	B	1123.0396873733741 	2 
1808	11.052500000000895	-0.03516666666666313   	1.0666910035697128   	3.3 	B	103.80389894124694 	1 
1809	11.031500000000898	-0.03549999999999642   	0.912621604989153    	3.3 	B	54.35873207728703  	1 
1810	10.975833333334236	-0.09649999999999032   	13.783313779712996   	3.3 	B	1658.0790141214732 	3 
1811	10.958166666667573	-0.23183333333331013   	4.634613918066886    	3.3 	B	178.69210475926374 	1 
1812	10.939166666667575	-0.2831666666666383    	0.03101550937090787  	0.34	B	1.557408459381579  	1 
1813	10.932166666667575	-0.03283333333333005   	0.6407162105216363   	9.34	B	32.42376053925689  	1 
1814	11.333166666667534	-0.5341666666666133    	34.39690316934317    	3.59	A	1031.680845489566  	5 
1815	11.327833333334201	-0.19149999999998085   	4.674041566101494    	3.4 	A	114.88377780282718 	1 
1816	11.271833333334206	0.22183333333331112    	3.9595854253791125   	3.44	A	136.15923644304942 	2 
1817	11.285500000000871	0.3231666666666343     	4.054401411775265    	3.51	A	72.5010236388444   	1 
1818	11.245166666667544	-0.30649999999996935   	0.025659989897952633 	0.41	B	1.485404514179333  	1 
1819	11.236166666667543	-0.32516666666663413   	0.408195208415117    	3.58	B	25.278960465847376 	1 
1820	11.24083333333421 	0.06449999999999355    	6.538582961710997    	3.35	A	463.62092823704563 	2 
1821	11.105833333334223	0.13583333333331973    	4.0865814600034716   	1.37	A	198.45005520733582 	1 
1822	11.219500000000878	-0.5308333333332802    	5.572206200964029    	3.69	A	408.1305296332189  	2 
1823	11.121833333334221	-0.5748333333332758    	6.475024029376455    	3.75	B	696.2371240368695  	1 
1824	11.110166666667556	-0.4954999999999505    	0.6926554166084873   	4.14	A	37.04099857198669  	1 
1825	11.082500000000891	-0.53383333333328      	7.911485549565969    	3.75	B	1728.5807978320227 	2 
1826	11.078500000000892	-0.4784999999999522    	0.1870541343387935   	3.75	B	14.337375809014082 	1 
1827	11.061500000000894	-0.4848333333332849    	1.2422679150744302   	3.75	B	124.59819275894473 	1 
1828	10.978166666667569	-0.5591666666666107    	9.77821917520655     	3.75	B	915.8074883497728  	2 
1829	11.031166666667565	-0.41549999999995846   	0.4502626236246785   	3.75	B	67.37258451861683  	1 
1830	11.026166666667564	-0.6168333333332716    	3.9295647152699216   	3.75	B	281.76768858507484 	2 
1831	11.009166666667566	-0.39016666666662764   	2.7125229302717155   	3.75	B	368.1926790283472  	2 
1832	11.003833333334233	-0.423833333333291     	1.7177566687753327   	3.75	B	201.0410981993568  	1 
1833	10.975500000000903	-0.49083333333328427   	4.184681804342678    	3.75	B	397.1548869134494  	1 
1834	10.959500000000904	0.14883333333331844    	7.584448835992534    	3.33	A	890.1644423962892  	1 
1835	10.70450000000093 	-0.3254999999999675    	24.257964026599634   	3.83	A	1128.566822934084  	1 
1836	10.74283333333426 	-0.22983333333331035   	2.2871298651102085   	3.7 	B	394.284351369921   	2 
1837	10.743500000000926	-0.12483333333332086   	34.31482504466506    	3.7 	B	3173.47290040786   	6 
1838	10.754166666667592	-0.15149999999998487   	0.2687470262892871   	3.7 	B	16.845191488856308 	1 
1839	10.755833333334259	-0.18883333333331448   	0.2039751141584236   	4.98	B	80.15347611904748  	1 
1840	10.753166666667592	-0.19783333333331357   	0.22982504317152827  	3.7 	B	89.36524646157548  	1 
1841	10.714166666667596	-0.23216666666664348   	0.351888925766868    	2.46	B	32.60238512783048  	1 
1842	10.739166666667595	0.0064999999999993535  	9.851431941269883    	3.7 	A	543.734745282336   	1 
1843	10.649166666667604	-0.013166666666665355  	30.974774829526417   	5.25	A	1089.5303962237983 	1 
1844	10.663500000000935	0.09049999999999095    	8.038303704540361    	2.5 	B	1021.329849898474  	1 
1845	10.641166666667603	0.15116666666665154    	0.36350305382331105  	1.99	B	20.457493560397737 	1 
1846	10.686833333334265	-0.4148333333332918    	0.7621246681226452   	4.11	A	23.1496405502774   	1 
1847	10.663500000000933	0.26249999999997375    	1.4027997722158      	3.6 	A	40.08270825559106  	1 
1848	10.393833333334294	-0.20183333333331316   	6.253975558995747    	1.81	B	479.79402210655314 	9 
1849	10.448166666667623	-0.18449999999998154   	1.9773739860683148   	4.61	B	104.41774001311845 	1 
1850	10.29950000000097 	0.39649999999996033    	11.174213631801655   	4.03	A	253.63565670213714 	2 
1851	10.275166666667639	0.18549999999998143    	6.050560978120752    	2.7 	A	147.4839586202025  	1 
1852	10.215166666667646	-0.32416666666663424   	0.34514710595500786  	1.3 	A	137.4988838591041  	1 
1853	10.131166666667655	-0.7704999999999229    	6.034695619507657    	3.63	A	452.8148917141465  	1 
1854	9.950833333334339 	-0.3668333333332966    	3.2349662727568482   	2.12	B	580.5394058720796  	1 
1855	9.984833333334334 	-0.2668333333333066    	2.2005559156259085   	2.12	B	292.3599220248737  	1 
1856	9.901166666667677 	-0.342833333333299     	3.131174155313534    	3.48	B	440.2606374630057  	1 
1857	9.986166666667668 	-0.17049999999998294   	7.068755053986363    	4.43	A	529.9568775922913  	1 
1858	9.914833333334343 	-0.021166666666664558  	5.529420169568721    	2.56	A	338.3932257616849  	1 
1859	9.878500000001013 	-0.11116666666665555   	24.00003589074605    	4.48	A	2238.4440342770336 	2 
1860	9.87316666666768  	-0.007499999999999257  	0.48450521609444436  	5.34	B	14.959440301591309 	1 
1861	9.85183333333435  	-0.034166666666663265  	4.085859083484909    	2.57	B	440.91803882056496 	3 
1862	9.788833333334354 	-0.7051666666665961    	5.174310774285642    	3.34	A	244.68810048175422 	1 
1863	9.421166666667725 	-0.7024999999999297    	17.641153754553507   	2.77	A	383.17346004440486 	1 
1864	9.461833333334388 	0.13883333333331946    	2.604125745446199    	3.92	A	51.17810630778969  	1 
1865	9.440166666667722 	0.25349999999997463    	0.4521726966937195   	2.67	A	16.262984831614595 	1 
1866	9.391833333334395 	0.17516666666664915    	7.710224691695551    	4.04	A	184.9115274979067  	1 
1867	9.327833333334402 	0.03283333333333005    	1.918175442250487    	3.91	A	110.82891525808809 	1 
1868	9.284166666667739 	-0.14683333333331866   	47.143590584812216   	4.46	A	1656.4286841289018 	5 
1869	9.323166666667735 	-0.31749999999996825   	6.2311053400441665   	4.64	A	146.44186122525994 	1 
1870	9.22050000000108  	0.16883333333331643    	5.657824128984151    	2.62	A	229.7903290122545  	4 
1871	9.145500000001087 	0.054499999999994546   	4.304271557177392    	3.9 	A	217.88911979659346 	1 
1872	9.122166666667756 	0.15649999999998435    	9.915980155906206    	3.79	A	273.1004821152699  	1 
1873	9.119166666667756 	-0.30183333333330314   	12.341672605840884   	4.38	A	158.6593310980308  	1 
1874	9.028500000001099 	-0.3098333333333024    	16.683692109984516   	4.38	A	386.8153088745981  	3 
1875	8.812166666667787 	-0.3021666666666364    	1.3375104030893041   	4.34	B	70.0260757257715   	1 
1876	8.763833333334459 	-0.429499999999957     	10.313965644417074   	4.42	A	561.0887420156947  	1 
1877	8.727166666667795 	-0.39449999999996055   	31.534406272775875   	4.28	B	1780.391743321704  	3 
1878	8.87816666666778  	-0.08583333333332474   	3.5762375078937807   	4.31	A	33.99480446488255  	1 
1879	8.843500000001116 	-0.02616666666666405   	0.10332102998824937  	0.32	A	5.879161896090449  	1 
1880	8.63383333333447  	-0.08749999999999124   	2.3683818233455587   	3.38	A	231.91749990834015 	1 
1881	8.469833333334487 	-0.6284999999999371    	15.78238350857843    	2.88	A	393.4554749822433  	1 
1882	8.570833333334477 	-0.06149999999999385   	13.375446502104195   	4.12	A	533.6873730405755  	2 
1883	8.580833333334475 	-0.27216666666663947   	11.754033394853941   	4.52	A	973.3475678805689  	1 
1884	8.587500000001143 	-1.073833333333226     	0.3366530928981451   	2.63	A	10.90213005192129  	1 
1885	8.471500000001152 	-0.9791666666665686    	8.668111416335304    	2.56	A	173.95971640814048 	5 
1886	8.46716666666782  	-0.9231666666665742    	1.9163465361852678   	2.66	A	23.65300555855939  	1 
1887	8.452166666667821 	-1.0284999999998972    	1.9187413706468839   	2.66	A	49.26936034124176  	1 
1888	8.383833333334495 	-0.25016666666664167   	6.894841854520114    	4.46	A	1730.4407348005852 	2 
1889	8.372500000001162 	-0.18016666666664863   	8.12326937220268     	4.55	A	268.1775696076284  	1 
1890	8.20450000000118  	0.19083333333331423    	16.04041066878591    	3.03	A	2102.628604537325  	5 
1891	8.23783333333451  	0.40383333333329297    	4.176487209901639    	3.19	A	132.26678021287867 	2 
1892	8.199833333334514 	-0.29249999999997073   	0.7769944219301805   	3.5 	A	39.61727707588614  	1 
1893	8.167166666667852 	-0.00516666666666615   	1.052599401730303    	2.1 	A	96.76353970679715  	1 
1894	8.094500000001192 	0.29749999999997023    	4.3918911025704785   	3.12	A	202.53478839640448 	1 
1895	8.0195000000012   	-0.27849999999997216   	1.087385858141359    	4.77	A	116.72615239399751 	1 
1896	7.9955000000012015	-0.26816666666663985   	6.552737544894267    	4.79	A	738.8950365614791  	1 
1897	8.020166666667865 	-0.00716666666666595   	7.067196069416818    	4.46	A	326.8582846639121  	1 
1898	7.978500000001204 	-0.5771666666666089    	91.58542918639118    	9.33	A	3773.4508370315016 	1 
1899	7.799833333334554 	-0.28549999999997144   	13.04257253691624    	4.79	A	229.4979212647282  	2 
1900	7.636166666667904 	-0.19383333333331393   	32.936826704918815   	8.93	A	6527.636999086798  	1 
1901	7.376500000001263 	0.08549999999999144    	2.9718933754537873   	2.87	B	211.83267479255866 	3 
1902	7.327500000001268 	0.011499999999998851   	11.721587219309257   	3.37	B	847.0565781501045  	3 
1903	7.332500000001268 	-0.5688333333332765    	9.819401758042938    	3.5 	A	905.2122094735928  	2 
1904	7.275166666667941 	-0.5304999999999469    	8.079495615439072    	3.14	A	1017.6920167796079 	1 
1905	7.2351666666679435	-0.10249999999998974   	3.0022526170555026   	5.26	B	968.4243316128687  	1 
1906	7.233166666667944 	-0.12216666666665443   	0.0831808634302098   	3.2 	B	21.168551285897095 	1 
1907	7.123500000001288 	-0.09883333333332343   	6.270797341844942    	3.2 	B	308.2439679585173  	1 
1908	7.154166666667952 	-0.16649999999998333   	1.3411072985050612   	3.8 	B	55.6654893145496   	1 
1909	6.925833333334642 	-0.25183333333330815   	3.181857667472533    	3.71	A	498.97057527336545 	1 
1910	6.710833333334663 	-0.3368333333332997    	3.139630822274731    	1.8 	B	288.8992654041678  	1 
1911	6.762833333334658 	-0.33883333333329946   	0.5093812493701056   	1.8 	B	54.68260581656889  	1 
1912	6.70950000000133  	-0.3751666666666291    	1.1857781376617766   	1.8 	A	61.67693207606156  	2 
1913	6.611166666668007 	-0.2981666666666368    	4.124331001134207    	1.59	A	259.7724517781506  	5 
1914	6.545166666668013 	-0.2878333333333045    	1.0856525240992791   	2.13	A	76.82878288826599  	2 
1915	6.446166666668023 	-0.24283333333330906   	0.31049969047289533  	3.38	A	17.650196782532642 	1 
1916	6.3528333333347   	-0.26783333333330656   	0.23816835860618374  	1.53	B	8.918494575680636  	1 
1917	6.24883333333471  	-0.28416666666663826   	15.366843757555385   	2.96	B	657.2946967659465  	4 
1918	6.215833333334712 	-0.6118333333332721    	6.891368349467199    	3.5 	A	2186.443459442044  	3 
1919	6.168166666668051 	-0.34116666666663253   	5.152000577537152    	3.71	B	331.10898284300714 	1 
1920	6.137500000001387 	-0.36149999999996385   	0.682180219238253    	2.05	B	52.80159023091583  	1 
1921	6.2078333333347135	-0.16149999999998382   	2.431019274446689    	2.63	A	230.26107043550135 	1 
1922	6.009500000001399 	-0.2871666666666379    	10.462359749695935   	3.22	A	400.09813319052677 	1 
1923	5.851166666668082 	-0.2391666666666427    	6.467750347549645    	2.32	A	400.46664159775304 	2 
1924	5.868500000001415 	-0.15049999999998492   	3.7592502998474324   	3.38	A	209.59679252972836 	2 
1925	5.827833333334751 	-0.5044999999999495    	1.2528407050966885   	3.44	A	226.04973560761746 	1 
1926	5.804833333334753 	-0.038833333333329445  	0.7780876600034209   	1.6 	A	14.842895155272378 	1 
1927	5.693500000001431 	-0.30716666666663595   	1.0355232802587746   	1.98	B	72.69282462415661  	1 
1928	5.64483333333477  	-0.30216666666663644   	2.4957062355484494   	2.95	B	185.46829633566    	1 
1929	5.688166666668098 	-0.13383333333331995   	0.6217716131820581   	3.27	A	69.63872174541936  	1 
1930	5.654833333334769 	-0.45916666666662076   	1.8474911260030014   	1.74	A	36.64000366470225  	1 
1931	5.493500000001452 	-0.3441666666666322    	0.36557256364986923  	3.07	B	55.61709942309389  	1 
1932	5.485500000001453 	-0.3611666666666305    	4.130618060984703    	9.36	B	483.8405885583231  	1 
1933	5.471500000001454 	-0.3824999999999617    	4.192888685019648    	9.36	B	252.43358238738182 	1 
1934	5.397500000001461 	0.19416666666664725    	5.156051599986968    	2.86	A	154.43977677113975 	3 
1935	5.353833333334799 	0.11383333333332195    	2.975079964743641    	2.73	A	83.05989457115876  	2 
1936	5.348500000001466 	0.027166666666663952   	7.134528297730278    	2.94	A	155.30951877586782 	4 
1937	5.3408333333348   	-0.17616666666664904   	1.3599286780983348   	2.95	A	26.21379036523747  	1 
1938	5.010500000001499 	0.14583333333331874    	0.38471793771546786  	0.76	A	11.885309035206165 	1 
1939	4.920500000001508 	0.13416666666665322    	23.52457023043021    	3.32	A	438.3571673424068  	1 
1940	4.928166666668175 	-0.14383333333331894   	11.482142073711218   	2.69	A	349.9092282139605  	6 
1941	4.841833333334851 	-0.12416666666665425   	1.0467734548066925   	2.51	A	22.37996044343496  	1 
1942	4.922500000001508 	-0.31083333333330226   	1.70413288821532     	1.78	A	31.055410829255546 	1 
1943	4.815500000001519 	0.22983333333331035    	39.72087430629072    	3.51	A	819.967134546395   	4 
1944	4.785500000001522 	0.07583333333332574    	15.022771795398882   	3.47	A	568.4091251243323  	4 
1945	4.719833333334862 	0.003833333333332939   	5.5080288241899185   	2.88	A	111.6219122185565  	2 
1946	4.727833333334862 	-0.4311666666666235    	1.0649311407350075   	1.81	A	61.23996839723517  	1 
1947	4.641166666668203 	0.11583333333332174    	0.47388831070052445  	3.52	A	5.750694693310257  	1 
1948	4.627833333334871 	-0.6688333333332664    	5.237664969867707    	2.53	A	102.46924221320782 	1 
1949	4.625833333334871 	0.10949999999998905    	7.276661932874754    	3.84	A	54.104833598335276 	1 
1950	4.544500000001546 	-0.30049999999996996   	1.3362438580120322   	3.34	A	19.193021809819815 	1 
1951	4.539500000001547 	0.3538333333332979     	8.636685533145734    	3.49	A	141.78339391927415 	1 
1952	4.43783333333489  	-0.4638333333332869    	3.343770186145904    	3.66	A	54.689347870070335 	1 
1953	4.385500000001562 	-0.4551666666666211    	3.7169122692914063   	3.66	A	66.7432955006078   	1 
1954	4.358500000001565 	-0.05349999999999465   	1.2433436410306709   	4.09	B	78.91250511672045  	2 
1955	4.330166666668235 	-0.051166666666661545  	0.8972073170820042   	3.29	B	43.660465759186856 	1 
1956	4.229500000001578 	0.011833333333332155   	17.444225578553155   	3.81	A	300.66713392241485 	1 
1957	4.087500000001592 	0.022166666666664447   	7.783368763146086    	1.91	A	153.8236661757454  	2 
1958	3.686166666668297 	-0.15749999999998424   	4.889039891137626    	2.28	A	75.01107324725122  	1 
1959	3.530500000001649 	0.3204999999999679     	17.90019366952728    	4.67	A	363.7261848055987  	1 
1960	3.4465000000016572	0.011166666666665548   	7.2263851255868286   	2.59	A	236.58781148812108 	2 
1961	3.4335000000016582	-0.5724999999999427    	0.2784568757769411   	0.6 	A	9.55903951790155   	1 
1962	3.401166666668329 	0.8508333333332482     	0.10859846924723685  	0.43	A	2.084413639931752  	2 
1963	3.304166666668336 	-0.40149999999995983   	4.965422729457388    	2.69	A	564.255823550373   	2 
1964	3.172833333335018 	-0.17783333333331552   	3.8398951623344195   	2.05	A	264.19226395488323 	1 
1965	3.0795000000016937	-0.17749999999998223   	56.845427388779044   	7.62	A	4287.680532427     	1 
1966	3.0605000000016958	-0.2234999999999776    	20.13615381246085    	7.62	A	1518.0474145827989 	1 
1967	3.1818333333350166	0.3314999999999668     	74.67917394667563    	9.46	A	3650.6550905661215 	4 
1968	3.129833333335022 	0.3441666666666322     	27.085217043084402   	9.45	A	2093.1351175507057 	2 
1969	3.133166666668355 	0.21716666666664494    	0.3046334494339229   	9.44	A	8.337863059399329  	1 
1970	3.0928333333350255	0.23849999999997615    	12.708668037458587   	7.22	B	1308.0064302342328 	1 
1971	3.109500000001691 	0.25149999999997485    	2.3377738650052238   	7.22	B	176.88085199413925 	1 
1972	3.1345000000016894	0.17016666666664965    	51.64388220607664    	9.46	A	3811.5010042006074 	2 
1973	3.08116666666836  	0.16116666666665053    	8.792738498824816    	8.65	B	2045.127800720386  	1 
1974	3.087500000001693 	0.14783333333331852    	1.2436375359172824   	7.98	B	271.2339111606706  	1 
1975	3.0355000000016967	0.4034999999999596     	92.69558057663086    	7.24	A	5313.132568450582  	2 
1976	3.012500000001699 	-0.16549999999998344   	27.733820807226483   	7.63	A	4951.1942563073035 	1 
1977	2.9745000000017043	-0.19183333333331415   	15.23101897933011    	9.02	B	3808.43606770453   	2 
1978	2.9138333333350435	-0.18416666666664824   	9.083765730585295    	7.66	B	2571.638459239301  	1 
1979	2.844166666668383 	0.3691666666666298     	0.20822053667627205  	0.61	A	9.268123320277043  	1 
1980	2.8615000000017137	-0.3144999999999686    	1.6480449722567652   	1.65	A	59.666834254003724 	1 
1981	2.825166666668384 	-0.4351666666666231    	18.744294740417654   	4.33	A	590.1810553112894  	1 
1982	2.684833333335067 	0.12216666666665445    	32.63253977810773    	4.14	A	1451.1618664045557 	3 
1983	2.6225000000017387	0.23716666666664293    	5.0876647997047515   	3.28	A	511.114367855495   	1 
1984	2.5921666666684087	-0.18183333333331514   	6.470214364011933    	4.68	A	106.85179010562055 	1 
1985	2.5828333333350777	0.07849999999999215    	0.04073451091970756  	0.34	A	0.3931265603616378 	1 
1986	2.5358333333350793	0.19749999999998025    	16.812171424980328   	3.88	A	1655.0701675786966 	1 
1987	2.441833333335089 	0.12483333333332085    	12.089214691457363   	4.24	A	1521.3281290037278 	1 
1988	2.4758333333350886	-0.5034999999999497    	10.799979099203565   	4.39	A	523.0740201791733  	1 
1989	2.440166666668423 	-0.16283333333331704   	16.383876861972144   	4.55	A	1156.2143064834415 	1 
1990	2.3345000000017686	0.014833333333331845   	5.18965780605114     	3.48	A	115.85261714087113 	1 
1991	2.1738333333351183	0.06649999999999334    	15.337555811418772   	5.47	A	626.6543944080008  	1 
1992	2.1485000000017864	0.2824999999999718     	6.874062675077393    	2.61	A	151.55748031083755 	1 
1993	1.9741666666684703	-0.13283333333332006   	59.14814439187431    	8.64	A	1972.990258327777  	1 
1994	1.948166666668473 	-0.21549999999997846   	54.12782584303824    	9.37	B	2927.309084615727  	1 
1995	1.9155000000018094	-0.056833333333327685  	12.23388507216542    	4.38	B	1056.972372377588  	2 
1996	1.9191666666684757	-0.11916666666665476   	17.482523755964756   	9.45	B	1521.242696949776  	1 
1997	1.8641666666684813	-0.15316666666665138   	10.228993918252739   	6.61	B	1292.7632908406433 	1 
1998	1.8918333333351451	-0.07283333333332609   	0.7343832680109347   	9.65	B	44.79266235982065  	1 
1999	1.8475000000018162	-0.16416666666665028   	1.213941402438152    	9.23	B	42.498133782260076 	1 
2000	1.736166666668494 	-0.07583333333332576   	81.1190737090764     	7.85	B	6329.786829010978  	2 
2001	1.664833333335168 	-0.19949999999998005   	207.36383149778806   	9.38	B	17389.23275636882  	1 
2002	1.7145000000018296	-0.05716666666666098   	9.929042326867908    	9.12	B	750.3839411680691  	1 
2003	1.669500000001834 	-0.0718333333333262    	1.4344548360134677   	6.61	B	441.8350186324772  	1 
2004	1.6498333333351693	-0.06049999999999395   	7.304116322453541    	7.85	B	2377.628668161764  	2 
2005	1.4721666666685205	0.0431666666666623     	166.70154231536884   	7.85	B	9705.973906690224  	2 
2006	1.6171666666685058	0.03683333333332961    	1.7999578487371233   	7.85	B	320.1936839810673  	1 
2007	1.6041666666685073	0.01649999999999835    	4.707421627577853    	7.85	B	848.3817078346423  	1 
2008	1.5441666666685132	0.14349999999998564    	4.843725653620405    	8.8 	B	504.7704192594609  	1 
2009	1.504833333335184 	0.1581666666666508     	11.994852361630587   	7.85	B	1316.486143719727  	1 
2010	1.9361666666684745	-0.3258333333333008    	18.565607045360313   	6.51	A	1617.2105804616774 	2 
2011	1.7841666666684892	0.05216666666666145    	20.691921105893616   	8.7 	A	2114.572965598402  	1 
2012	1.7248333333351604	-0.409499999999959     	3.864664112433111    	6.65	B	1614.6968260587162 	2 
2013	1.6945000000018302	-0.3858333333332947    	5.696712475569489    	6.65	B	2482.6903823795205 	2 
2014	1.6855000000018312	-0.3424999999999657    	2.4492005208401055   	6.16	B	413.48803266402984 	1 
