1	39.974499999998	-0.9538333333332379	0.0004355247278648714	3.2900000000000005	A	-0.00020319289139050038	3
2	39.971499999998	-0.9154999999999085	2.8140216068380352e-05	3.24	A	-0.00019706374633095746	1
3	39.90349999999801	-0.9038333333332429	0.0004272055949918284	3.27	A	-0.00020072997000669627	1
4	39.87016666666468	-0.8868333333332447	0.00021632469528111236	3.25	A	-0.00019828206643620805	1
5	39.93316666666467	-0.17316666666664934	0.0006264497386488338	9.21	A	0.0003533101731676613	1
6	39.93449999999801	-0.10949999999998905	0.0031269235468357063	8.14	A	0.0011110993849690757	1
7	39.89849999999801	-0.4404999999999559	0.00018784439654061482	8.35	A	-0.00010969070273930371	1
8	39.80549999999802	-0.24716666666664194	0.006081560106232524	9.145	A	0.0033688894733956086	2
9	39.74083333333136	-0.5024999999999498	0.0033670203787555873	9.33	A	0.0063890106162161255	1
10	39.73383333333136	-0.563833333333277	0.0004981031048478929	7.12	B	0.003720748450384861	1
11	39.71649999999803	-0.5388333333332794	2.043322070045748e-05	4.22	B	0.0013070590973329153	1
12	39.71583333333136	-0.5451666666666122	4.328359687318441e-05	8.5	B	0.005302835728212706	1
13	39.70016666666469	-0.24049999999997593	0.002393570290848961	9.45	A	0.001462536469486583	1
14	39.631166666664704	-0.6438333333332689	0.002390910837604037	9.08	B	0.0008128703396536491	1
15	39.60049999999804	-0.5498333333332783	5.058527236390476e-05	7.28	A	0.0005225313344075661	1
16	39.6421666666647	-0.37316666666662934	0.0030794820683987954	9.28	A	0.007027949106857431	1
17	39.58583333333137	-0.19149999999998085	0.0010028065286237686	9.51	A	0.0030721388666059956	1
18	39.51216666666471	-0.22183333333331115	0.008137383795256352	9.620000000000001	A	0.019100831165443914	2
19	39.451166666664726	-0.9741666666665691	0.00013111275966624534	3.26	A	7.977752730556501e-05	1
20	39.44016666666472	-0.9804999999999019	1.299954432782959e-05	3.28	A	8.07593953257735e-05	1
21	39.392833333331396	-0.9071666666665759	0.00012967202250211343	3.275	A	-5.474453183559554e-05	2
22	39.38849999999806	-0.22183333333331112	0.001165644888958765	3.77	A	0.002802244523599072	1
23	39.3208333333314	-0.22016666666664464	0.00016387314604847538	9.88	B	0.019245855372542496	1
24	39.3088333333314	-0.20316666666664634	3.477713147932844e-05	4.295	B	0.003637053295453086	1
25	39.27816666666474	-0.20149999999997983	8.09801427804111e-05	4.295	B	0.003637053295453086	1
26	39.307499999998065	-0.6031666666666063	0.0010583077727547173	8.93	A	0.0014275037029004949	1
27	39.297499999998074	-0.2714999999999729	0.00025711889259935936	8.63	A	0.0007582197309316843	1
28	39.26916666666474	-0.602833333333273	0.0003454623342129701	3.85	A	0.0014963510905889605	1
29	39.16249999999808	-0.8304999999999169	0.002457807299190344	7.54	B	0.009638022389857568	1
30	39.13849999999809	-0.8804999999999119	2.2018943910174857e-05	0.91	B	0.00014038736536950677	1
31	39.09616666666476	-0.8654999999999133	0.00031393915513942876	4.529490740740741	B	0.0034781154337817327	1
32	39.07949999999809	-0.9701666666665696	0.00013457511228936363	4.529490740740741	B	0.0034781154337817327	1
33	39.0524999999981	-0.8228333333332509	0.0004994572524796677	5.49	A	0.005109635588664982	1
34	39.0394999999981	-0.9701666666665696	0.005079129044555741	8.46	B	0.012133496388455733	1
35	39.04216666666476	-0.8908333333332442	0.00021463966567926882	4.529490740740741	B	0.0034781154337817327	1
36	39.047166666664765	-0.9008333333332432	1.2896239760721146e-05	8.56	B	0.012422035569543643	1
37	39.03583333333143	-0.8508333333332482	0.0005186015681688565	8.69	B	0.012802205436517581	1
38	39.0254999999981	-0.8941666666665772	0.0004064758800027785	8.76	B	0.013009285700735491	1
39	39.0174999999981	-0.8301666666665836	0.00028913801889071493	5.42	B	0.0049801659220393415	1
40	39.0174999999981	-0.8541666666665813	0.00010877475676287558	5.42	B	0.0049801659220393415	1
41	39.0154999999981	-0.8948333333332438	0.00011312084856866357	8.58	B	0.012480150276521865	1
42	38.99016666666477	-0.9254999999999074	0.0009280930475806139	8.55	B	0.012393029074899612	1
43	39.140166666664754	-0.35016666666663165	0.005953160438115717	9.799999999999999	A	0.0038143316257396496	3
44	39.00283333333143	-0.276166666666639	0.019916764370344203	9.71	B	0.19049197444502072	1
45	39.10083333333142	-0.2634999999999736	0.0019274138238388925	9.99	A	0.2016365230066417	1
46	38.87716666666478	-0.6971666666665969	0.004738268163270027	2.59	B	0.013553072191118577	9
47	38.99316666666476	-0.23316666666664332	0.0002727232869731176	7.857777777777777	B	0.12474918258204822	1
48	38.87549999999811	-0.4058333333332927	0.0009786311342196517	2.5374999999999996	B	0.013009192057079441	1
49	38.983166666664765	-0.17749999999998223	0.0004851849586946597	9.67	B	0.18892575725050134	1
50	38.97783333333143	-0.5631666666666103	0.00014153979160693147	2.59	A	0.013553072191118577	1
51	38.94683333333143	-0.3731666666666293	0.0001238898711019062	2.51	A	0.012728747351897877	1
52	38.91349999999811	-0.2904999999999709	0.0005912768039635765	7.93	A	0.12705290461252408	1
53	38.853833333331444	-0.4418333333332891	0.0001449694756670554	2.5374999999999996	B	0.013009192057079441	2
54	38.82149999999812	-0.482833333333285	0.00011906612767412351	3.36	B	0.02280955319820102	1
55	38.83016666666478	-0.3434999999999656	0.014751030961947596	7.699999999999999	B	0.11978975420930224	1
56	38.773166666664785	-0.4151666666666251	0.00047670513911728807	2.62	A	0.013868861339084748	1
57	38.76016666666479	-0.4758333333332857	0.00035173158071364913	4.0	A	0.03232646428316472	1
58	38.71683333333146	-0.547166666666612	0.0013391867872048807	9.1	B	0.1673096567055544	2
59	38.56249999999814	-0.3851666666666281	0.014769493079140505	7.699999999999999	B	0.11978975420930224	1
60	38.580833333331476	-0.3958333333332937	0.00301902775957606	9.15	B	0.1691532753717037	1
61	39.026166666664764	-0.40049999999995994	0.005521322440277033	9.306666666666667	A	0.0034761187759059413	3
62	39.0204999999981	-0.12416666666665424	0.008865921402854011	7.62	A	0.002611949240164912	1
63	38.79616666666478	0.7144999999999285	0.0010815328746481083	2.026666666666667	A	0.0002684043305622985	6
64	38.695499999998134	0.11049999999998891	0.01696686592280705	7.866	A	0.02074044642797455	5
65	38.723166666664795	0.02016666666666464	8.047274010580135e-05	7.91	A	0.020973126821730206	1
66	38.69149999999813	-0.14983333333331836	0.008217515557368667	9.094999999999999	A	0.027727813404832033	2
67	38.65483333333147	0.03483333333332983	0.00038372545354397686	2.24	B	0.0016819235543466	1
68	38.60383333333147	-0.05916666666666076	0.0029482195615166936	5.26	B	0.009274312048038899	1
69	38.664833333331465	0.2211666666666445	5.213858834172242e-06	1.84	A	0.001134869337052744	1
70	38.57049999999814	-0.020166666666664668	0.0004895153088875845	7.84	B	0.020603563540745842	1
71	38.56649999999814	-0.04716666666666196	0.0001898180304035301	5.26	B	0.009274312048038899	1
72	38.56116666666481	-0.032833333333330064	1.7978858579607709e-06	1.1	B	0.00040559779591027296	1
73	38.48216666666482	0.018833333333331426	0.00011192748241108161	1.35	A	0.0006109107297904732	1
74	38.460499999998156	0.07216666666665944	0.00016767173305788226	1.11	A	0.0004130058217694607	2
75	38.46149999999815	0.04549999999999543	0.0012802189988675432	7.79	A	0.02034160099735421	1
76	38.43383333333149	0.14549999999998545	1.1467347137261933e-05	1.14	A	0.0004356321450950336	1
77	38.60583333333147	-0.5884999999999412	0.006729720808649279	8.24	A	0.0020812292569525907	1
78	38.58883333333148	0.3534999999999647	1.088425456465473e-06	1.11	A	-1.3832928728604329e-05	1
79	38.44649999999815	-0.15049999999998495	0.003016828974791587	7.8925	B	0.01873826519955457	1
80	38.424166666664824	-0.17216666666664945	3.2084781668465498e-06	1.125	B	0.00038071960825647623	1
81	38.411833333331494	-0.16316666666665036	0.00040910979716940254	9.81	B	0.028949309860449243	1
82	38.399499999998156	-0.01816666666666486	8.559875349537943e-05	7.8925	B	0.01873826519955457	1
83	38.375166666664825	-0.03449999999999656	0.0002611429311073319	5.115	B	0.00787030342536379	1
84	38.38583333333149	-0.15116666666665154	3.9406105236609935e-05	5.115	B	0.00787030342536379	1
85	38.374499999998164	-0.15483333333331784	0.00014104819233598235	7.8925	B	0.01873826519955457	1
86	38.375166666664825	-0.08949999999999106	9.867048432472308e-05	7.8925	A	0.01873826519955457	1
87	38.316166666664834	-0.05283333333332804	2.887604692490474e-05	1.1225	B	0.0003790294012055006	1
88	38.30816666666484	-0.9878333333332346	0.0001587532293031195	1.0886111111111114	B	0.00015910292679547817	6
89	38.37883333333149	-0.7621666666665905	0.0002942417009887883	8.54	B	0.009791480983522288	1
90	38.358833333331496	-1.0468333333332287	9.221425491753265e-05	1.0766666666666669	A	0.00015563066695824848	3
91	38.3398333333315	-0.8428333333332492	6.829609730776967e-05	1.0886111111111114	B	0.00015910292679547817	4
92	38.32449999999817	-0.7368333333332597	1.0967658814192314e-06	1.11	A	0.00016541641373283756	1
93	38.325499999998165	-0.8198333333332515	1.7449460581122497e-06	1.08	A	0.00015659581606848608	1
94	38.28649999999817	0.8084999999999192	0.00011236975678133364	2.54	A	8.60616485967895e-05	2
95	38.24016666666484	-0.14883333333331844	0.0017313556128519519	9.18	B	0.009794818591779266	1
96	38.17716666666485	-0.21649999999997835	0.0021216276098569415	9.51	B	0.010511678472695402	1
97	38.18783333333152	-0.15183333333331817	0.0003715480567397441	9.36	B	0.01018269491432954	1
98	38.250166666664846	0.70049999999993	0.000176380260747885	2.76	A	0.00012381234203921732	1
99	38.226499999998175	-0.42083333333329126	0.0035544331554279033	9.32	A	0.013440453023303607	1
100	38.19616666666485	-0.42249999999995774	0.0015956945495673887	3.74	B	0.002164339008693768	2
101	38.15683333333152	-0.32883333333330045	0.00022379690541887945	8.02	B	0.00995246867045001	1
102	38.10783333333152	-0.11416666666665524	0.0034124614850278645	8.11	A	0.004922372541521804	3
103	38.07383333333153	0.18716666666664794	0.0006562694660766137	2.635	A	0.00032369670996614083	2
104	38.06616666666486	0.08183333333332515	0.00038229469598498095	7.69	A	0.002459059264201028	1
105	38.040833333331534	0.05783333333332755	0.0004905311275128046	5.215	B	0.0011309019201054106	2
106	38.0134999999982	0.07383333333332595	0.0002656091365233	8.04	B	0.002687994733044234	1
107	37.942833333331535	-0.023833333333330948	0.004411544793730376	7.82	A	0.008462753351571753	1
108	37.92883333333154	-0.12949999999998704	0.010715606227622514	9.856666666666667	A	0.07186895145161344	3
109	37.80483333333155	0.7654999999999235	6.443179933510273e-05	2.28	A	0.0001047220092027592	1
110	37.76816666666488	-0.8501666666665816	1.61858804467435e-06	0.92	B	1.9599069872867485e-05	1
111	37.75283333333155	-0.8411666666665825	3.523651849468054e-07	0.92	B	1.9599069872867485e-05	1
112	37.74716666666489	-0.8521666666665814	4.1111344667900835e-05	4.81	B	0.0005357349249594155	1
113	37.70749999999823	0.27549999999997243	0.0003156205746533763	7.24	B	0.045014702522566334	1
114	37.70683333333156	0.2668333333333066	7.59967580783611e-05	7.26	B	0.04526374604480971	1
115	37.66883333333156	0.24349999999997562	0.003278622674540982	7.3149999999999995	B	0.0459521581603902	2
116	37.62049999999824	0.21449999999997854	0.0009112295879915299	7.25	B	0.045139138406611386	1
117	37.59983333333157	0.2181666666666448	1.5032260431631487e-05	7.8	A	0.05224761342512698	1
118	37.53916666666491	0.12749999999998723	9.967271176683176e-05	2.59	B	0.005760720177795763	1
119	37.54549999999824	-0.024499999999997548	0.007128665463289237	5.55	A	0.026452286530694834	1
120	37.43716666666492	0.08849999999999116	0.002643393433781807	5.55	A	0.026452286530694834	1
121	37.45583333333158	0.16816666666664987	0.0007644753912698534	7.79	A	0.05211373106265201	1
122	37.42016666666492	0.06349999999999364	0.0014147999158586474	7.81	A	0.05238166754175522	1
123	37.36983333333159	0.059499999999994044	0.00047055929067950207	7.845000000000001	B	0.0528522095139111	2
124	37.346833333331595	0.11249999999998873	0.0007311859409529086	7.29	A	0.04563859948432431	1
125	37.33849999999826	0.07016666666665965	0.0010277974087588976	7.29	B	0.04563859948432431	2
126	37.28116666666494	0.10216666666665646	0.0003299101426153328	7.4	B	0.04702628716567971	1
127	37.68049999999823	-0.09983333333332335	0.00017502657782690736	5.45	A	0.00017529544503779842	1
128	37.62216666666491	0.4134999999999586	0.0016618344254219677	7.36	A	0.006605790122197761	1
129	37.58916666666491	0.40683333333329263	0.00027055875531514214	7.2	A	0.006321703684995493	1
130	37.22416666666494	-0.038833333333329445	0.0002655971647202386	5.77	B	0.00042932371229100657	1
131	37.21483333333161	-0.018499999999998146	4.200439595751876e-05	7.46	B	0.0007176470510809867	1
132	37.206499999998286	0.29249999999997073	0.0004889526913440804	8.3	A	0.0005114038501505083	1
133	37.16083333333162	0.07183333333332614	0.0009583227959785432	7.56	B	0.0051465380776454205	1
134	37.16649999999828	0.053833333333327946	0.00017707598256528416	5.78	B	0.0030083424790950924	1
135	37.168166666664945	-0.02049999999999795	0.0019944597713846103	7.523333333333333	A	0.0014394086234677675	3
136	37.14149999999828	-0.2544999999999746	0.0007679075800467115	7.41	A	0.001268041663806842	1
137	37.103166666664954	-0.22749999999997725	7.98618819938444e-05	8.38	A	0.0016217546230125834	1
138	37.08616666666495	-0.18183333333331514	0.0013011423043192158	4.69	B	0.0007457865601718674	1
139	37.106833333331615	-0.14149999999998586	0.0002411771020910909	8.35	B	0.002363969223707067	1
140	37.056833333331625	-0.02849999999999715	0.0017971335043803958	8.385000000000002	A	0.0084889355795136	2
141	37.04183333333163	-0.08283333333332504	0.0016170148063788148	8.39	A	0.0009155758087246743	1
142	37.02316666666496	-0.43849999999995615	0.00036829409352285485	4.99	A	0.00014147471097201034	1
143	36.98016666666497	0.18616666666664805	0.010088906875494028	9.8	A	0.004342246283749655	1
144	36.92883333333164	-0.06483333333332685	0.0007075066649037794	4.8100000000000005	A	0.00021978636457108285	2
145	36.92483333333164	-0.476166666666619	0.001084648566001022	4.84	B	0.007912219660833683	3
146	36.88749999999831	-0.5084999999999491	0.0006724345386151073	4.84	B	0.007912219660833683	1
147	36.878166666664974	-0.36949999999996297	0.000360756650241568	4.84	B	0.007912219660833683	1
148	36.88549999999831	-0.45883333333328735	0.0005991781513376718	8.49	A	0.024345740744094412	1
149	36.936833333331634	-0.5454999999999455	0.0007869067753201861	8.29	A	0.001170561399641819	1
150	36.88949999999831	-0.24449999999997551	0.0033678913977441593	8.51	A	0.037988379507020054	2
151	36.83849999999831	-0.24383333333330892	0.006221919130996823	8.645000000000001	A	0.03920321127071268	4
152	36.82083333333165	-0.19316666666664734	6.280527499125152e-05	8.65	A	0.039248572228759805	1
153	36.800833333331646	-0.18849999999998113	0.0029229771742119953	3.2559999999999993	B	0.005561096614411403	10
154	36.62583333333166	-0.08749999999999122	1.604279826003171e-05	3.21	A	0.005405074851847558	1
155	36.600499999998334	-0.10049999999998993	0.0004051131122903354	3.185	A	0.0053212115021188935	2
156	36.41716666666502	-0.18616666666664802	0.003998354944071074	4.5	B	0.01062225383584331	5
157	36.91049999999831	-0.14516666666665215	0.0020311831264522703	8.569999999999999	A	0.003835552894741354	3
158	36.874166666664976	-0.14249999999998575	0.0002713844025544286	4.77	A	0.001188237051977204	1
159	36.834166666664984	0.0008333333333332554	0.0018854561568704973	5.425000000000001	A	0.003647098474330655	2
160	36.827833333331654	-0.05149999999999484	0.0031138266052340817	9.795	A	0.011889316417904599	2
161	36.81383333333165	-0.05783333333332755	0.0015320107647067485	9.8	B	0.011901457664413046	1
162	36.77749999999833	-0.06849999999999315	0.00026772973644502933	8.29	B	0.008516419894574013	1
163	36.86116666666498	0.28049999999997194	0.00015344767442590607	8.1	A	0.00044303195161006444	1
164	36.84216666666498	0.29549999999997045	0.002753472887599921	8.13	A	0.00044631974702599107	1
165	36.79383333333165	0.35083333333329825	0.0008789496645116153	8.23	A	0.0015654806586192437	1
166	36.77349999999832	0.35083333333329825	0.005922548516890962	9.013333333333334	A	0.0018776684154066937	3
167	36.77516666666499	0.702833333333263	4.701438179883139e-05	1.4	A	2.6706982214354556e-05	1
168	36.69783333333166	0.6248333333332707	0.00010747253489340522	1.44	A	2.642441961271103e-05	1
169	36.70616666666499	-0.49683333333328367	0.0021313305027288324	8.705	A	0.0012842999257345008	2
170	36.706166666665	-0.30016666666663666	0.0006823264599652959	8.93	A	0.0003387433526682078	1
171	36.69283333333166	0.8221666666665844	8.145271499154677e-05	2.73	A	-2.0448885571012942e-05	1
172	36.642499999998336	-0.3044999999999695	0.0005060657805086499	4.91	A	0.00036714998874682567	1
173	36.62616666666501	-0.21349999999997865	0.0008840711359285407	8.89	A	0.0004322600476142639	1
174	36.645499999998336	0.8498333333332483	9.603125082258025e-05	2.7	A	-3.253424370455736e-05	2
175	36.602166666665	0.8804999999999119	8.216924759413811e-05	2.69	A	9.988644748218802e-05	1
176	36.58916666666501	0.051166666666661545	0.003945510302642929	9.88	A	0.0013753960997875722	3
177	36.568833333331675	0.8288333333332505	2.440773476216896e-06	0.92	B	-3.432765386299426e-06	1
178	36.546833333331676	0.8341666666665832	5.3689868121320714e-05	2.64	B	-2.8266778870926844e-05	1
179	36.53583333333168	0.29949999999997	0.005020646045703469	9.18	A	0.0022696311726619622	2
180	36.48049999999835	0.6258333333332707	0.0002475810003221572	9.18	B	0.011388688132501714	1
181	36.47483333333168	0.6118333333332722	0.00030606780486139176	9.1	B	0.011191057383585454	1
182	36.46916666666502	0.7091666666665957	0.00042036968799755674	9.17	A	0.011363889689923669	1
183	36.45949999999835	0.5978333333332735	0.0001781597626060979	4.2	B	0.00238389388052708	1
184	36.439499999998354	0.6174999999999382	0.0017015918157209234	9.22	B	0.01148815218556679	1
185	36.426833333331686	0.5818333333332751	0.0003999779544973553	8.96	B	0.010849365927376576	1
186	36.41383333333169	0.6488333333332684	0.0002583749493603972	9.22	A	0.01148815218556679	1
187	36.44649999999836	0.06649999999999334	0.002705497471011114	9.95	A	0.001326193695822267	1
188	36.40983333333169	-0.2658333333333067	0.001135075689123705	8.97	A	0.0008355995965883535	1
189	36.34849999999837	-0.10349999999998966	0.00017038232073674758	2.02	A	2.633243593584165e-05	3
190	36.29649999999837	0.32416666666663424	0.0002418267867393739	8.21	B	0.0014146383566736398	1
191	36.297499999998365	0.3091666666666358	1.0696881343569762e-05	3.09	B	0.00020039001326856346	1
192	36.198166666665045	0.05816666666666085	0.0010406716497264896	8.55	A	0.000977506746804818	1
193	36.11716666666506	0.539499999999946	0.0016213780261451897	8.96	A	0.004155226989436992	1
194	36.09516666666506	-0.402833333333293	0.00042852146778327074	8.32	A	0.0002699096128858664	1
195	36.08316666666506	0.31716666666663496	0.00027707611575041166	7.79	A	-0.00037131682779285846	1
196	36.02683333333173	-0.20549999999997945	0.00036516658985854335	5.28	A	-0.0001877891266713528	1
197	35.99983333333173	-0.17416666666664923	1.3978343390334643e-05	3.25	A	-7.114908497138155e-05	1
198	36.03283333333172	-0.5208333333332813	0.0002251788828981259	9.95	A	0.0010597320340878518	1
199	36.0034999999984	-0.5241666666666143	0.0034697348398137987	9.934999999999999	A	0.0010565392705468549	2
200	35.85149999999842	-0.24016666666664263	4.567521968939821e-05	1.8333333333333333	B	0.0016657483859312528	1
201	35.82516666666508	-0.21016666666664563	4.544769680177978e-05	1.8333333333333333	B	0.0016657483859312528	2
202	35.79616666666509	-0.17983333333331533	0.00015890810413820566	9.89	B	0.04847514477011296	1
203	35.6531666666651	-0.23083333333331024	0.00037503626956782616	1.805	A	0.001614659469939274	4
204	35.3968333333318	-0.41283333333329203	0.002815681815099239	2.7800000000000002	A	0.003830153006032393	7
205	35.55316666666511	-0.3708333333332962	0.003833667869753915	9.34	A	0.04323348889460164	1
206	35.502833333331786	-0.3108333333333022	4.4689702421324575e-05	4.25	A	0.00895167675993221	1
207	35.87616666666508	0.24316666666664233	0.00012016827445303143	1.87	A	0.0002350264623729767	2
208	35.73383333333176	0.11416666666665524	0.00030364138766570564	1.84	B	0.0009063262270472014	2
209	35.63349999999844	0.13516666666665314	1.6489544752470015e-05	1.84	A	0.0009063262270472014	1
210	35.60116666666511	0.09116666666665754	0.0007342904578482589	4.9399999999999995	B	0.006532851699660054	1
211	35.51516666666512	0.11083333333332224	0.000996454452585084	4.9399999999999995	B	0.006532851699660054	1
212	35.81749999999842	-0.11816666666665485	1.8772682437049114e-05	1.81	A	1.0700624687688018e-05	1
213	35.81683333333175	0.21116666666664552	0.0001979773867014017	6.76	A	0.00033138321439236956	1
214	35.799833333331755	0.19883333333331343	0.00028123861768346845	1.86	A	2.508782449213617e-05	1
215	35.61383333333177	-0.9858333333332348	0.0004658671994124935	2.1466666666666665	A	0.0008704303368446459	3
216	35.493833333331786	-0.053166666666661345	0.0003289445108100299	6.23	A	0.0013507912333128888	1
217	35.472833333331785	0.20116666666664654	0.0002680133020933984	2.97	A	0.000705473079872177	1
218	35.457499999998454	0.24649999999997535	0.0032100158623815447	6.79	A	0.0036872883063785813	1
219	35.429499999998455	0.33083333333330023	0.0002448343564331669	7.89	A	0.004978764152808754	1
220	35.48783333333178	0.4411666666666225	0.00029295214951166213	7.81	A	0.00035951413930238594	1
221	35.47783333333179	-0.05716666666666095	0.00212293130133623	7.51	A	0.0045609952843861995	1
222	35.44683333333179	-0.014166666666665252	0.00011399322141243497	5.92	A	0.002834152158147105	1
223	35.48316666666512	0.15083333333331825	9.170004194699539e-05	9.02	A	0.008148657973931885	1
224	35.40849999999846	0.09783333333332354	0.001555690920084829	4.42	A	0.001956669849729388	1
225	35.432166666665125	0.09783333333332354	3.373052449456292e-05	4.77	A	0.002278818688392323	1
226	35.39983333333179	0.40549999999995945	0.002804001429284803	7.695	A	0.003949530492999786	2
227	35.37249999999846	0.44383333333328895	0.00015944090539019744	5.69	A	0.0021594977489228146	1
228	35.3538333333318	0.39483333333329385	0.002332389635158065	5.6850000000000005	A	0.0021557041655551465	2
229	35.40649999999846	-0.6104999999999389	5.410707213946051e-05	2.24	A	1.5208828280524973e-05	1
230	35.297166666665134	-0.06283333333332705	0.008801381505665076	7.916666666666667	A	0.00373384770053752	3
231	35.36116666666513	-0.13549999999998644	0.002301599642017099	5.67	A	0.0019153052490784197	1
232	35.36049999999846	-0.9988333333332334	0.0005100126481702692	2.33	A	0.0007459216057445493	3
233	35.3568333333318	-0.9284999999999072	0.00010947586049315471	3.83	A	0.0020154818549809757	1
234	35.28149999999847	-0.9868333333332346	0.0007912822432359134	2.3216666666666668	A	0.0007405955134892299	6
235	35.37516666666513	0.07349999999999264	0.0029943306524805725	4.62	A	0.0025698529651217872	1
236	35.37816666666513	0.13249999999998674	0.0005682523081352359	9.31	A	0.010435750482102685	1
237	35.31983333333179	0.22283333333331104	0.001340415251043107	8.96	B	0.00293448579579117	1
238	35.32716666666513	0.24616666666664205	0.00021568013328243887	4.15	B	0.0006295238462862403	1
239	35.291499999998464	0.24083333333330925	0.0005331564088261961	8.24	B	0.002481820775474212	1
240	35.086499999998495	-0.8701666666665796	0.002680120748827275	2.1842105263157894	A	0.003874155605136941	19
241	35.305833333331805	-0.4751666666666191	0.000698883128858535	2.68	A	0.0013570211885251286	1
242	35.201499999998475	0.28683333333330463	0.00046057991815273794	3.09	A	0.001584217645308462	1
243	35.23649999999847	0.38816666666662786	0.0005740790389409736	5.57	B	0.0009633985578688958	1
244	35.24016666666514	0.43816666666662285	0.0002494991396604634	5.57	B	0.0009633985578688958	1
245	35.225499999998476	0.46683333333328664	0.0007599951330907667	8.02	B	0.0019973047649323775	2
246	35.21416666666514	0.39883333333329346	0.0003454536576934632	8.81	B	0.0024101685680665533	1
247	35.000499999998496	-0.2458333333333087	0.0010570347227416845	5.37	A	0.0010640384623022098	1
248	34.991499999998496	-0.2664999999999733	6.418694379151262e-05	2.74	A	0.0002770192066269284	1
249	35.00083333333183	0.33416666666663325	9.283605101367812e-05	2.3	A	0.00015896755695067862	1
250	34.9464999999985	0.14316666666665234	0.0022826013074570667	9.38	A	0.001553155394309099	1
251	34.9364999999985	0.22749999999997725	0.000936607296372625	3.09	A	0.0005568625173341022	1
252	34.732166666665194	0.28883333333330447	0.005104798996124281	3.338888888888889	A	0.0039999922819303575	9
253	34.855833333331844	0.4514999999999548	1.961714386357306e-05	3.22	A	0.0037202057780053813	1
254	34.86016666666518	-0.889499999999911	0.0004948616938994816	2.8	A	0.00028372706439934757	1
255	34.74616666666519	-0.6521666666666014	0.0014323386562240924	2.7231666666666667	B	0.0023990100259313825	5
256	34.75449999999852	-0.5141666666666151	0.00014816084755972484	2.7231666666666667	B	0.0023990100259313825	1
257	34.722833333331856	-0.4984999999999501	1.47332572450548e-05	2.7231666666666667	B	0.0023990100259313825	1
258	34.723833333331854	-0.5091666666666157	3.968296854020007e-05	4.79	B	0.0074225758628667406	1
259	34.73949999999853	-0.8988333333332434	0.0014656027409702685	2.80375	A	0.0010722432459599777	8
260	34.71683333333186	-0.03349999999999665	0.005533762906490135	8.38	A	0.010274322664052687	1
261	34.73583333333186	-0.15049999999998492	0.0013706120951938502	4.583333333333333	B	0.0007903724204076644	3
262	34.73183333333186	-0.07249999999999274	0.0005134373169584241	9.17	B	0.0031637893649018836	1
263	34.7031666666652	-0.762833333333257	0.0002923953565916879	2.8	A	0.00021029826694118076	1
264	34.64483333333187	0.07149999999999285	0.002790424495584008	7.84	A	0.0011117017788801315	1
265	34.63116666666521	-1.0568333333332276	2.322117240388982e-05	0.83	A	9.199424853827221e-06	1
266	34.58016666666521	-0.01016666666666565	0.001023055604709327	9.23	A	0.003817016205797672	1
267	34.55783333333188	-0.10083333333332326	0.0007872858280372807	7.88	A	0.00024856437307639736	1
268	34.53849999999854	0.25149999999997485	0.00028443651572578223	4.5	A	2.8950531686845767e-05	1
269	34.497499999998546	0.2998333333333033	0.000198070064520589	3.4974999999999996	B	0.00629296960941977	1
270	34.35649999999856	0.19049999999998093	0.0008052806761967926	3.4974999999999996	B	0.00629296960941977	3
271	34.44049999999855	0.23116666666664354	1.2255171216156843e-05	3.4974999999999996	B	0.00629296960941977	1
272	34.475166666665224	-1.0008333333332333	2.536861792036116e-05	0.93	A	1.4758514537135218e-05	1
273	34.46749999999855	-0.01616666666666505	0.0015595069291798648	8.45	A	0.004167363609922039	1
274	34.39349999999856	-0.7034999999999296	8.207969785738823e-05	0.8300000000000001	A	3.573960756550085e-05	3
275	34.34949999999857	-0.7034999999999296	2.2354857046742787e-06	0.8	A	3.320271279129126e-05	1
276	34.2788333333319	-0.33616666666663303	0.007486422052910256	8.524999999999999	A	0.00818322959466805	2
277	34.302833333331904	-0.12683333333332064	0.0031968870049128412	9.12	A	0.0018165250247634843	1
278	34.31616666666523	-0.21916666666664475	0.00029567993825929515	3.07	A	0.0002813078920910374	2
279	34.26416666666524	0.16149999999998385	0.001182322016102948	3.4	A	0.00490011643880558	2
280	34.20516666666525	-0.19449999999998055	0.0010277764666497512	5.2	A	0.00024165499076466934	1
281	34.08116666666526	0.02883333333333045	0.001192052494959143	3.45	A	0.0028985836322237848	2
282	33.923166666665274	0.14683333333331863	0.007382075400185715	7.8	B	0.04137585282009915	1
283	33.87249999999861	0.15516666666665113	0.0006940590919826379	3.41	B	0.00790799727444765	1
284	33.73349999999862	0.22216666666664442	0.0005868115146844985	3.41	B	0.00790799727444765	2
285	33.71149999999862	0.25916666666664073	0.00018592890056697776	2.336666666666667	B	0.003713225117183422	3
286	34.02616666666526	-0.352833333333298	4.113770253630739e-05	0.8	A	7.015082791358176e-05	1
287	33.99016666666527	-0.03449999999999655	0.0001390530706545054	3.53	A	-0.00010785914268490884	1
288	33.953166666665275	0.015499999999998449	0.0014084589410941312	6.92	A	0.0034530853015520167	1
289	33.82916666666529	-0.24616666666664203	2.6422921148853536e-05	0.8	A	1.8035866460481532e-05	1
290	33.743833333331956	-0.024166666666664255	0.0012057053976153624	6.9139791666666675	B	0.08714360344350937	5
291	33.69349999999863	-0.03716666666666295	0.000866418733793648	6.9139791666666675	B	0.08714360344350937	1
292	33.72083333333196	-0.030833333333330243	6.002639593603052e-05	6.9139791666666675	B	0.08714360344350937	1
293	33.673166666665296	-0.03549999999999645	0.00018234433482454553	6.9139791666666675	B	0.08714360344350937	1
294	33.66949999999863	-0.04316666666666235	3.252103930766074e-05	6.9139791666666675	B	0.08714360344350937	1
295	33.5881666666653	-0.06483333333332685	0.003010865773513725	6.9139791666666675	B	0.08714360344350937	1
296	33.57616666666531	0.0014999999999998487	0.0018920788949636483	6.55	A	0.07820994511944097	1
297	33.51916666666531	-0.05416666666666125	0.0004397621136229945	6.9139791666666675	B	0.08714360344350937	1
298	33.46083333333198	-0.09549999999999044	0.0006170907657682491	6.9139791666666675	A	0.08714360344350937	2
299	33.737166666665296	0.07983333333332535	0.0013128093569445708	8.41	A	0.0007386530397524998	1
300	33.62683333333197	0.024499999999997548	0.0008741394684358819	9.19	A	0.0032864043154583384	1
301	33.521166666665316	-0.18716666666664794	0.0015634523827397291	8.97	A	0.0011822538468666153	1
302	33.49916666666532	-0.13749999999998624	0.0005347642658760991	6.95	A	0.0009998083346900767	1
303	33.49949999999865	0.07149999999999285	0.00036411726949411107	6.955	A	0.0007317087506280534	2
304	33.46649999999865	0.2761666666666391	0.001960798497899727	8.92	A	0.001503958182149094	1
305	33.43949999999866	0.11549999999998845	0.0003846658738577629	4.76	A	0.0022398639974923187	1
306	33.368833333332	0.14583333333331874	0.004167814324456976	9.21	A	0.008385462172060954	1
307	33.36816666666533	0.18916666666664772	0.0015782516023836284	9.01	A	0.00802522700121929	1
308	33.344833333332005	0.18883333333331442	0.00013543012672627509	4.92	A	0.0023929738308072377	1
309	33.398499999998656	-0.42249999999995774	0.005636301480604001	8.83	A	0.003930795860583613	2
310	33.360833333331996	-0.014166666666665249	0.0001552819954253696	5.9475	B	0.004264040451626309	1
311	33.34683333333199	-0.005166666666666153	2.049089493193709e-05	7.82	B	0.007371670600705105	1
312	33.283833333332005	-0.02549999999999745	0.0014904482494860823	8.08	B	0.007870007317879162	1
313	33.256499999998674	-0.03783333333332955	0.0005316520482523762	5.92	A	0.004224699546388226	1
314	33.342833333331996	-0.539499999999946	0.0006980277035741453	5.2	B	0.0007275177180990894	1
315	33.308499999998666	-0.4991666666666167	0.00038303539896444096	8.64	B	0.002008465482581723	1
316	33.35016666666533	-0.12516666666665413	0.0006865500116293073	8.86	A	0.0012962004002795174	1
317	33.27449999999867	0.052499999999994745	0.0040078489551935645	8.1	A	0.012815475344649807	1
318	33.21216666666535	0.18616666666664802	0.0012703086183786432	7.99	B	0.006129457016205116	1
319	33.16549999999869	0.18349999999998162	0.000947873461981163	6.03	B	0.0034911062736513974	1
320	33.210166666665344	-0.38283333333329506	0.0010971889587996888	8.71	A	0.001097192720115834	1
321	33.089166666665356	-0.01783333333333155	0.000340458141856518	7.21	B	0.002864727150719364	1
322	33.08483333333202	-0.0024999999999997524	0.0001362645317163805	8.31	B	0.0038055267782416457	1
323	33.05916666666536	-0.4791666666666188	6.228180450929158e-05	8.21	A	-0.00025129186008090873	1
324	33.01783333333203	-0.14516666666665215	0.00014965127626189224	8.04	A	3.717919459460487e-05	1
325	32.848166666665385	0.39483333333329385	0.0013667125692066438	8.645	A	0.010513669789046888	2
326	32.86449999999871	0.30183333333330314	2.2565550762095214e-05	0.65	B	5.943620209761372e-05	1
327	32.805499999998716	0.023166666666664348	0.0036189470633731183	5.220000000000001	A	0.008734313808372125	2
328	32.83816666666538	-0.09983333333332334	0.0009980865913664456	7.9	A	0.004057653128365571	1
329	32.73483333333206	0.062166666666660444	0.0012422469871737553	8.51	B	0.004911940592258722	1
330	32.70583333333206	0.08783333333332455	0.0003871993029837882	5.645	B	0.0021613339626903477	2
331	32.697166666665396	0.08749999999999125	5.6331148906372394e-05	8.38	B	0.004763015805377424	1
332	32.72783333333206	-0.06449999999999355	0.004648527185372368	7.803333333333334	A	0.007736936390868333	3
333	32.708833333332066	-0.326166666666634	0.0013072954485980532	5.34	A	0.002388929063972316	1
334	32.650833333332066	-0.25283333333330804	6.545170719533557e-05	8.76	B	0.0031934184904187685	1
335	32.63483333333207	-0.25816666666664084	3.0877431709764416e-05	5.29	B	0.0011645522192214493	1
336	32.6191666666654	-0.2651666666666401	0.00019106429202220285	8.74	B	0.003178853316740591	1
337	32.6271666666654	-0.24516666666664216	5.423869969579691e-05	5.27	A	0.001155763177276217	1
338	32.58383333333207	0.2881666666666378	0.0006016915588914699	4.465	B	0.0003792775991195207	2
339	32.54449999999874	0.3041666666666362	0.0009231595378887054	9.575	B	0.0017441821275480743	2
340	32.540833333332074	-0.13083333333332026	0.0006337186474590989	9.42	A	0.0010031798100465354	1
341	32.41716666666542	-0.16149999999998385	0.0030574389852504225	4.73	A	0.0038739111570549544	1
342	32.27083333333211	0.02649999999999735	0.0018188815755423875	5.824999999999999	B	0.006765921776893528	1
343	32.3288333333321	-0.13583333333331976	0.0013357379933940066	8.05	A	0.0011543964002536493	1
344	32.22749999999878	0.13249999999998674	0.0006062129490160277	5.644814814814815	B	0.011587046769672251	1
345	32.17183333333212	0.13249999999998674	0.0002419209649685855	5.64	A	0.011567288569231796	1
346	32.12783333333212	0.10516666666665614	0.0016945059339868044	5.644814814814815	B	0.011587046769672251	3
347	32.15549999999878	0.18216666666664844	0.00016232759815332603	3.09	B	0.0034720847790567035	1
348	32.15849999999878	0.21516666666664513	0.0009021722713250885	8.35	B	0.025353989904565413	1
349	32.14916666666545	0.10783333333332254	0.00015702651730427615	5.644814814814815	B	0.011587046769672251	1
350	32.14049999999878	-0.3751666666666292	0.00020326994987678807	9.89	B	0.015732145430805228	1
351	32.11616666666545	-0.3908333333332943	0.00017152642848061508	4.225	B	0.002871103151151724	1
352	32.06083333333213	-0.32949999999996704	0.00020324881179710147	9.93	B	0.015859659765918598	1
353	32.06716666666546	-0.41149999999995884	0.0004567899656933269	9.9	B	0.015763975762438598	1
354	32.04183333333213	-0.34083333333329924	0.00024275913689155034	4.225	B	0.002871103151151724	1
355	32.052499999998794	-0.3478333333332986	0.00015310724618224935	9.96	B	0.01595563328226843	1
356	32.13949999999878	0.31916666666663474	0.000776684457793366	8.31	B	0.010925708741850499	1
357	32.147499999998786	0.33849999999996616	0.0001702671707828069	5.795	B	0.0053131790545881095	1
358	32.12516666666545	-0.27783333333330557	0.0008858415801570081	8.72	A	-0.0014366801791769028	1
359	32.10316666666546	-0.10983333333332235	0.0006956032196836834	2.8	A	0.0013061458664560726	1
360	32.02216666666546	0.046166666666662054	0.0006865346829422799	5.75	B	0.03273244688438629	1
361	31.989499999998802	0.010833333333332251	0.0002544710462935199	5.75	B	0.03273244688438629	1
362	31.98416666666547	0.06116666666666054	3.939041701641117e-05	5.75	B	0.03273244688438629	1
363	31.928499999998806	0.05216666666666145	0.000898817697374473	5.75	B	0.03273244688438629	1
364	31.924833333332142	0.07983333333332535	0.0001468188270611689	5.75	B	0.03273244688438629	1
365	31.86616666666548	0.09683333333332364	0.00412533584868594	6.12	A	0.03708050385138928	2
366	32.048166666665466	0.34583333333329874	0.002306268551118114	8.23	A	0.00647278462052515	1
367	32.006166666665465	-0.20616666666664604	0.002077942049482825	5.655	B	0.007565179431686674	2
368	32.027499999998795	-0.22416666666664425	0.00020048485650014467	8.52	B	0.017172487310601503	1
369	32.02016666666547	-0.21649999999997835	4.804523422449339e-06	1.08	B	0.00027593165486187706	1
370	31.9954999999988	-0.45416666666662125	0.0007138201537000442	10.0	B	0.011034298660860309	1
371	31.998166666665465	-0.4788333333332855	0.00015613837995467447	4.121296296296296	B	0.0018741848038757425	1
372	31.975833333332133	-0.5188333333332815	7.255747520576873e-05	4.097222222222222	B	0.0018523530882742448	1
373	31.898166666665475	-0.5464999999999454	0.0010282560900114145	4.1066666666666665	A	0.001860902592291293	3
374	31.910166666665475	0.3274999999999672	0.0009052365205052539	5.87	A	0.0022593907628548314	1
375	31.887499999998813	0.3091666666666357	0.0008896541704292024	8.34	A	0.004560865317101233	1
376	31.830833333332148	-0.4308333333332902	0.0015512134894323255	4.06	A	0.001755911173635411	1
377	31.800499999998816	0.42849999999995714	0.0006243905011986098	8.24	A	-6.856384168653183e-05	1
378	31.698166666665497	-0.03783333333332955	0.0005820206604610663	5.76	A	0.0017970802694401132	1
379	31.627166666665502	-0.42283333333329104	0.0008948742620742474	9.63	A	0.0014064284505625154	1
380	31.630166666665502	0.24649999999997535	0.0003812000492254119	9.62	A	0.0006786123332594171	1
381	31.62083333333217	0.14916666666665174	0.0010528114885567173	8.03	A	0.00271451065120347	1
382	31.60449999999884	0.27583333333330573	0.0007082419656625311	7.1	A	0.0011321546965263683	1
383	31.438499999998854	-0.11383333333332195	0.0008882854739309947	5.05	A	0.004053464685977233	1
384	31.284833333332205	0.08016666666665864	0.00022479224588420658	8.335	B	0.02402190472943108	2
385	31.228499999998878	0.04049999999999595	0.0018455019407334567	7.99	B	0.022074444860767786	2
386	31.270833333332206	0.07416666666665925	0.00012461441818881213	5.93	B	0.012159217264453109	1
387	31.18316666666555	0.05416666666666124	0.0027020532630462626	8.61	B	0.025633182809283242	1
388	31.16316666666555	0.27016666666663963	0.005140430060512312	8.8	A	0.009050577886034406	1
389	31.091499999998888	0.12683333333332064	0.005232297326591928	7.9	A	0.02237218520787407	1
390	31.081833333332227	0.677166666666599	0.002140981435928577	3.0875	A	0.002845181835791785	12
391	30.964833333332237	0.7991666666665868	0.00012371144957139737	3.11	A	0.002886801171914882	1
392	30.95783333333224	0.7378333333332595	1.7050342410400328e-05	3.097638888888889	B	0.0028638988217629144	1
393	30.923166666665576	0.6671666666666	0.00036796262763778235	3.097638888888889	B	0.0028638988217629144	3
394	30.936166666665574	0.6748333333332658	6.593053057900502e-05	9.82	B	0.028781874187670177	1
395	30.853166666665583	0.6041666666666062	0.011077559786571824	9.81	A	0.028723285145988754	4
396	30.79549999999892	0.6308333333332702	0.0003942745998389794	9.94	A	0.029489598770629878	1
397	31.114166666665554	0.23249999999997675	0.00021805053607311945	5.66	B	0.032739980324349494	1
398	31.11183333333222	0.27483333333330584	1.6024846478556087e-05	8.81	A	0.0793226781097511	1
399	31.102166666665557	0.21783333333331156	0.0003868743474435058	5.66	B	0.032739980324349494	1
400	31.079166666665557	0.27349999999997265	0.0009316239592905512	5.833333333333333	B	0.03477596095986281	1
401	31.072499999998893	0.24016666666664266	0.00010428688111751165	6.16	A	0.038779926000937576	1
402	31.05016666666556	0.35649999999996435	0.0007162015511487965	9.9	B	0.10016498743864619	1
403	31.044166666665564	0.2664999999999733	0.00012208201222004998	5.833333333333333	B	0.03477596095986281	1
404	31.04716666666556	0.25649999999997436	8.747989962883897e-05	8.81	B	0.0793226781097511	1
405	31.03783333333223	0.23549999999997645	0.0007564635818346761	8.43	B	0.07262743409681303	1
406	31.017166666665567	0.35649999999996435	0.00018629173176714793	4.44	B	0.020147051284261763	1
407	31.005833333332234	0.36849999999996313	0.0007869717932007295	9.8	B	0.09815167221311684	1
408	30.983833333332235	0.22083333333331126	0.0005497754254590619	8.08	A	0.0667218797664976	1
409	30.95783333333224	0.36716666666662995	0.0014352752577020576	9.87	B	0.09955884669739669	1
410	31.07716666666556	-0.5698333333332762	0.0046348972477798425	5.51	A	0.005410271795292275	1
411	31.04883333333223	-0.4731666666666193	0.00037077436640143164	9.76	A	0.016975224276838133	1
412	31.032499999998898	0.13749999999998624	0.003178075553816776	8.33	A	0.004414283470664756	1
413	31.052499999998897	0.01716666666666495	0.000628418089768762	8.77	A	-0.0006357193810006877	1
414	31.0214999999989	-0.13416666666665325	0.0015067251490161445	4.446666666666666	A	0.006830162273204554	3
415	31.004833333332233	-0.15516666666665116	0.00020716956528425	9.92	B	0.03399266517320551	1
416	30.967499999998903	-0.17116666666664954	0.0009086027098565494	4.43	B	0.00677905760964369	2
417	31.03616666666556	-0.7804999999999219	0.000666611745497216	9.58	A	0.02477591288815741	1
418	31.007833333332233	-0.7948333333332538	0.0005898652309558308	9.594999999999999	B	0.024853559995087465	2
419	30.999166666665566	-0.787166666666588	0.00025955429008581274	4.4275	B	0.005291950667249786	1
420	31.0014999999989	-0.816166666666585	0.00041143334573935436	9.6	B	0.024879469360016157	1
421	30.904499999998908	-0.819499999999918	0.005681449236577922	9.82	A	0.026032844413116558	1
422	30.837499999998915	-0.8951666666665771	0.0008115929511631531	4.343333333333333	A	0.0050926633625891764	3
423	31.009166666665564	0.4901666666666176	0.000867103964261933	4.59	A	0.0027845219221590604	1
424	31.02383333333223	-0.013833333333331949	0.002003927866973273	9.11	A	0.0033556098040232567	1
425	30.965499999998904	-0.29483333333330386	0.0019076987637519035	9.53	A	0.0050940466680572906	1
426	30.83083333333225	0.31149999999996886	0.00367912825560191	8.879999999999999	A	0.015104328187013736	2
427	30.787833333332255	0.34983333333329836	0.010294773841183207	9.47	A	0.017178112390770342	1
428	30.83383333333225	0.25716666666664095	0.0005637365359650317	5.46	A	0.0057103242200813	1
429	30.90049999999891	0.07049999999999294	0.0015001305493742363	8.99	A	0.17622967588984353	1
430	30.870833333332246	0.04349999999999565	0.0003604153710999187	4.49	A	0.04395945920515855	1
431	30.85783333333225	0.19249999999998074	0.00015525824599806016	5.30327617741198	B	0.061326495511924	1
432	30.86083333333225	0.024833333333330848	7.881100977289021e-05	4.49	A	0.04395945920515855	1
433	30.85283333333225	0.13083333333332023	0.0003929736610857741	8.97	B	0.17544643385500774	1
434	30.848833333332248	0.17016666666664962	0.00014012270883454603	5.30327617741198	B	0.061326495511924	1
435	30.826833333332253	0.20049999999997992	0.00021265363195446978	8.84	B	0.17039788072790502	1
436	30.837166666665585	0.16549999999998344	0.0001195470901490075	8.98	B	0.1758378368206342	1
437	30.713166666665597	0.07649999999999235	0.002103214932120231	5.24559670781893	B	0.05999975198882072	1
438	30.817833333332253	0.18249999999998173	6.971946595761298e-05	4.472005208333334	B	0.04360780835313869	1
439	30.777833333332257	0.24683333333330865	0.0017018391538964844	8.51	A	0.15791332540927386	1
440	30.75216666666559	0.14883333333331844	0.00041339084645021523	4.407604166666666	B	0.04236086589717182	1
441	30.710833333332264	0.15049999999998492	5.788192075856874e-05	4.4828125	B	0.04381883304792014	1
442	30.705833333332265	0.09716666666665695	0.0011760097515302467	9.18	B	0.18375747788556618	2
443	30.714166666665598	0.03583333333332975	0.0010833818178454776	9.32	B	0.18940501928374184	1
444	30.713833333332264	0.13283333333332004	3.641487129517825e-05	5.24559670781893	B	0.05999975198882072	1
445	30.671499999998932	0.11516666666665515	0.0014389927784700745	5.24559670781893	B	0.05999975198882072	1
446	30.672499999998934	0.02183333333333115	4.781549975707852e-05	4.4828125	B	0.04381883304792014	1
447	30.660166666665603	0.02916666666666375	0.00020030817465803164	4.4828125	B	0.04381883304792014	1
448	30.561833333332277	0.10483333333332284	0.00224589978521305	9.065	A	0.17918236971061746	2
449	30.905833333332243	-0.04649999999999535	0.0009854470398437544	4.29	A	0.0017759037153762156	1
450	30.88049999999891	-0.14116666666665253	0.0009474905822538852	8.71	A	0.016204730905001862	1
451	30.85783333333225	-0.11716666666665494	0.00014590424372000146	5.63	A	0.001013348891422008	1
452	30.852499999998916	-0.09183333333332415	0.000921347723314609	9.07	A	0.01051366012051643	1
453	30.82183333333225	-0.772833333333256	0.00043523097987155016	4.51	A	0.00021688676339697507	1
454	30.822166666665584	-0.12016666666665464	0.0009192439876901666	9.0	A	0.006742287024078161	1
455	30.783166666665586	-0.7961666666665871	8.923902850478458e-05	4.535	B	0.006785421485351475	1
456	30.762833333332253	-0.8178333333332516	0.001465628278677426	9.79	B	0.031621875934167556	1
457	30.761166666665588	-0.7931666666665873	0.00014172438536329284	4.535	B	0.006785421485351475	1
458	30.783833333332254	-0.10583333333332275	0.0004203498218648297	5.29	A	0.00328703276607377	1
459	30.77116666666559	-0.10583333333332275	1.1313863281055832e-05	5.3	A	0.003299471857197916	1
460	30.708166666665598	0.652833333333268	0.002837425332061573	9.86	B	0.01036294547568038	1
461	30.6761666666656	0.6538333333332679	0.0005608621926177437	4.546666666666666	B	0.002203512986832724	3
462	30.606166666665608	0.6558333333332677	0.001746028325313896	4.7283333333333335	B	0.002383118039076579	1
463	30.584499999998943	0.6641666666666002	5.0263425444391166e-05	9.43	B	0.00947878709776969	1
464	30.730166666665593	-0.08383333333332495	0.00032953504247849196	9.27	B	0.029232676329001433	1
465	30.71583333333226	-0.08216666666665845	0.0005834486277244968	9.27	B	0.029232676329001433	1
466	30.666833333332264	-0.06749999999999325	0.003809891497240693	9.6	A	0.022254422652656324	1
467	30.674833333332266	-0.4414999999999558	0.0011305534526333892	5.32	A	0.001436726115980925	1
468	30.654166666665603	-0.22183333333331112	0.0019463165115752858	9.29	A	0.02995914902419774	1
469	30.589499999998942	-0.22116666666664453	0.004323079951432173	9.036666666666667	B	0.028347487404740374	3
470	30.586833333332276	-0.262833333333307	0.0011773928171230133	4.82875	B	0.008094079907644132	2
471	30.544499999998948	-0.2478333333333085	0.0007997001061779809	9.52	B	0.031460957935053505	1
472	30.510833333332283	-0.2474999999999752	0.0008387118600491312	4.83	A	0.00809827101691121	1
473	30.62783333333227	0.5354999999999465	0.002130847135637883	9.61	B	0.004530842001405993	1
474	30.613166666665602	0.5681666666666099	0.002853129344304305	9.64	A	0.004559174451407801	2
475	30.636499999998936	0.5244999999999476	6.854252612224598e-05	4.72	B	0.001092989877264548	1
476	30.614166666665604	0.20949999999997904	0.0020269173078520247	5.495	A	0.002515606474825894	2
477	30.621499999998935	-0.07049999999999296	0.00030789226012763394	5.08	A	0.002477159564150588	1
478	30.613833333332273	-0.04116666666666255	0.0012078869030884432	9.17	A	0.005282819773289454	1
479	30.60449999999894	0.6108333333332722	0.000311531641211836	9.57	A	0.0006870991059135843	1
480	30.57183333333228	-0.07149999999999283	0.0010968868145348866	9.3	B	0.08856887158799413	1
481	30.509833333332285	-0.06816666666665984	0.0016506182834091793	6.38	B	0.041682769992673695	2
482	30.57183333333228	-0.08549999999999144	0.00020136003453188848	8.7	B	0.07750928304422793	1
483	30.476499999998953	-0.13149999999998685	0.002566405207687068	5.025	B	0.025857548423419984	1
484	30.489833333332285	-0.07649999999999234	0.001561929843613687	9.02	B	0.08331597664409568	1
485	30.48016666666562	-0.16383333333331693	0.0006297263312169115	7.19	B	0.05293866623309173	1
486	30.455499999998956	-0.15616666666665102	0.0003878366523188889	5.025	B	0.025857548423419984	1
487	30.568166666665608	0.5634999999999436	0.002276602096175897	9.43	A	0.0025396712030686464	1
488	30.49049999999895	0.9178333333332415	0.000971479579456044	3.073333333333333	A	0.0006216544050385832	3
489	30.47616666666562	-1.0481666666665617	2.2726449429378674e-05	0.885	A	-3.9093580891982575e-06	2
490	30.49416666666562	-1.0664999999998932	5.5105291239404555e-06	0.9	A	-4.043001758435428e-06	1
491	30.497833333332284	-0.41183333333329214	1.842982300791865e-05	0.87	A	2.1154144237883784e-05	1
492	30.431499999998955	-0.21983333333331134	9.844436639093572e-05	5.86	A	0.0011234056652066236	1
493	30.39749999999896	0.13383333333331995	0.0002856730658026484	5.33	B	0.015540082027280964	1
494	30.398166666665627	0.11283333333332204	0.00032597324000490616	7.96	B	0.0346597179538724	1
495	30.350833333332297	0.07349999999999264	0.0024280851368297866	9.049999999999999	A	0.04480186027052714	3
496	30.3048333333323	0.14616666666665204	0.0004682048049105488	9.49	B	0.0492641862720882	1
497	30.427833333332288	-0.20016666666664665	6.96747335635298e-05	5.47	A	0.00011963415276112536	1
498	30.40083333333229	-0.30683333333330265	0.0005785499775193335	8.67	A	0.0030800416584487256	1
499	30.37816666666563	0.30283333333330303	3.684847535658993e-05	5.27	B	0.002118915115902359	1
500	30.3468333333323	-0.8534999999999147	0.0009018633386610867	4.215	A	0.0010185528869320344	2
501	30.328499999998968	-0.8588333333332474	6.9087913150632e-05	4.38	A	0.0010998580736233453	1
502	30.356166666665633	-0.09949999999999004	0.0006305066716919616	7.85	A	0.0018340453733604923	1
503	30.36816666666563	0.3874999999999612	0.00277586761703613	9.24	A	0.003887744297920372	1
504	30.362499999998963	-0.31116666666663556	0.0004471194869918436	8.81	B	0.07095863591579937	1
505	30.347166666665633	-0.2874999999999713	0.0005966324846698438	5.710833333333333	B	0.029816208238036653	1
506	30.333166666665633	-0.25816666666664084	0.00017326332629264871	8.57	B	0.06714521753827225	1
507	30.31149999999897	-0.25216666666664145	0.00021094628643923615	5.710833333333333	B	0.029816208238036653	1
508	30.29149999999897	-0.30216666666663644	0.0012221641251602237	8.815	B	0.07103920205852078	2
509	30.282499999998972	-0.23549999999997645	6.380269678800549e-05	5.710833333333333	B	0.029816208238036653	1
510	30.248833333332307	-0.23316666666664337	0.0009706900466050493	8.56	B	0.06698861067020781	2
511	30.254499999998973	-0.3028333333333031	0.00038590696880772874	5.710833333333333	A	0.029816208238036653	1
512	30.235499999998975	-0.24916666666664178	0.00016648869410775864	8.62	B	0.06793099455579348	1
513	30.231166666665644	-0.23416666666664326	9.283189942860938e-05	5.738125	B	0.030101868266058953	1
514	30.225499999998977	-0.21883333333331145	0.0007250377592303026	8.52	B	0.06636401164941605	1
515	30.23083333333231	-0.18583333333331475	9.104064541844203e-05	8.62	A	0.06793099455579348	1
516	30.3638333333323	-0.3534999999999646	0.0005092798709976082	8.65	A	0.001336452833789649	1
517	30.33716666666563	-0.7948333333332538	0.0002409616455131482	9.93	A	0.0010661628342399532	1
518	30.319166666665634	-0.7988333333332533	0.0020556454327482665	9.94	A	0.001068311272655929	3
519	30.3248333333323	-0.7574999999999242	5.312059604104922e-05	4.41	A	3.8990297360386874e-05	1
520	30.28149999999897	-0.7544999999999246	0.00036506422012844977	4.41	A	0.00023433360711903512	2
521	30.303833333332303	0.4424999999999557	0.0004576837132029809	6.3	A	0.00043232288600402103	1
522	30.278833333332305	-0.04249999999999575	0.00013103032105392845	5.31	A	0.00019402226961333328	1
523	30.25616666666564	-0.7941666666665872	0.0012661900368620988	9.98	A	0.0011090599586710433	1
524	30.22683333333231	-0.09516666666665714	0.000661464594493339	9.19	A	0.0012514334758667862	1
525	30.190499999998977	0.20249999999997972	0.00794203749633344	8.925	A	0.0082392948874952	2
526	30.115833333332322	0.04916666666666175	0.004275893017554014	5.8500000000000005	B	0.007228303612825157	3
527	30.056499999998994	0.06649999999999334	0.0023270918716556265	5.38	B	0.006113489987319934	2
528	30.14416666666565	-0.10516666666665614	0.0025349378162280467	4.86	A	0.0023941555429686893	2
529	30.121833333332322	-0.6608333333332672	0.0014937862752646	4.53	A	0.000719170499071574	1
530	30.129166666665654	-0.22716666666664395	0.0026305237285675956	9.0	A	0.0035171632703601707	1
531	30.09349999999899	-0.29216666666663743	0.0014623737982878506	9.04	A	0.003972236771285188	1
532	30.07216666666566	-0.5731666666666093	0.0019658600496317083	8.575	A	0.0013888006640882262	2
533	30.007499999999	-0.29683333333330364	0.0015221669004776325	8.75	B	0.05435976836488189	1
534	29.97316666666567	-0.27416666666663925	0.00043706302925006777	4.03	B	0.011531122442934996	1
535	30.004499999999002	-0.05149999999999484	0.0009596769057023723	9.24	B	0.05693321712512649	2
536	30.021166666665668	-0.061499999999993844	0.00041100320969635317	9.34	B	0.0581722062442688	1
537	30.014166666665666	-0.09249999999999074	0.00023955235738989884	5.64	B	0.02121192049745394	1
538	30.00516666666567	-0.00683333333333265	0.0006050477878454504	8.88	B	0.052583285035788956	1
539	29.95283333333234	-0.060166666666660644	0.001259132609372448	8.81	B	0.05175753679777284	1
540	30.013833333332332	0.27416666666663925	0.001442293006403535	8.88	A	0.001515841219390295	1
541	29.957166666665668	-0.446166666666622	0.0017527943129265011	4.153333333333333	A	0.002690057096454445	3
542	30.01183333333233	0.08316666666665834	0.000904477384110331	8.51	A	0.0043671649324012966	1
543	30.007166666665665	-1.0988333333332234	0.0002609356568071325	4.34	A	0.00011537434401888765	1
544	29.97516666666567	-0.802833333333253	0.000465940976096854	4.746666666666667	B	0.009524118211043237	2
545	29.879833333332346	-0.8164999999999183	0.003120697849118288	9.74	B	0.04010192511984405	2
546	29.887833333332345	-0.7781666666665887	0.007353799287517091	9.77	B	0.04034934000936	1
547	29.868166666665683	-0.7964999999999203	0.00023936815926011234	4.703333333333333	B	0.009351016558460308	1
548	29.86416666666568	-0.8274999999999172	6.817532448945785e-05	4.746666666666667	B	0.009524118211043237	1
549	29.95183333333234	0.14649999999998534	0.00043366911632893333	5.26	A	0.0005333547027291973	1
550	29.942833333332338	-0.9231666666665743	0.0008221272014688913	4.035	A	0.0005228785713219751	2
551	29.931499999999005	-1.0854999999998916	0.00032085854463325227	2.87	A	0.00015544106838123663	1
552	29.913166666665674	-0.2551666666666411	0.006297270978938283	8.983333333333333	A	0.014679503627461003	3
553	29.904499999999008	-0.29149999999997084	0.0008255321846101402	8.74	A	0.001601749807305821	1
554	29.880833333332344	-0.5078333333332825	0.0007118882378696965	3.97	A	0.0007618756253772799	1
555	29.878166666665678	-0.32516666666663413	0.0005402897798078463	8.82	A	0.0010992312419457135	1
556	29.867499999999016	-0.29483333333330386	9.057489486057463e-05	8.82	A	-3.761575915814707e-05	1
557	29.84816666666568	0.005833333333332746	0.000520496909601002	8.76	B	0.03353055490375915	1
558	29.845499999999014	-0.0008333333333332554	2.7636605796030975e-05	5.715	B	0.01427134804954196	1
559	29.839166666665683	-0.03916666666666275	0.000407886569366159	8.91	B	0.03468869297130901	1
560	29.823166666665685	-0.07283333333332605	0.00043370209759543754	8.88	B	0.03445549233495687	1
561	29.82349999999902	-0.05216666666666145	9.860740948023851e-05	5.715	B	0.01427134804954196	1
562	29.816499999999017	-0.043499999999995646	0.000666168183272206	9.38	B	0.038444853043023336	1
563	29.839833333332347	-0.2774999999999722	0.002149931847175006	9.12	A	0.002820669110581263	1
564	29.81083333333235	0.22149999999997785	0.00015442169471802228	9.78	B	0.015523325842021565	1
565	29.789166666665686	0.19116666666664756	0.0007224875021918487	4.68	B	0.003554665754181911	1
566	29.795166666665686	-0.09049999999999095	0.00038214161083913097	8.92	A	-0.0005847797757243644	1
567	29.78449999999902	-0.28616666666663804	0.0007852790876762552	9.01	A	0.0017565887399286874	2
568	29.769833333332354	-0.32983333333330034	0.002306401723084769	9.4	A	0.0019119486310080777	1
569	29.749833333332358	-0.8921666666665774	0.0005053296978985204	4.39	A	0.00023492551664561367	1
570	29.75883333333236	0.13616666666665303	0.0004750443351597967	8.76	A	-0.00013545862726753062	1
571	29.737166666665694	-0.8124999999999187	0.007164768617666283	9.83	A	0.008228808285088023	3
572	29.728166666665693	-0.33049999999996693	0.00036106744665648314	9.83	A	0.0003175220155562007	1
573	29.627833333332372	-0.6748333333332658	0.004487877470953035	4.356249999999999	A	0.009389819557989933	8
574	29.640499999999037	0.09216666666665745	0.0008873498005720002	6.06	B	0.011682121631764887	1
575	29.63383333333237	0.21416666666664524	0.000704343626940522	4.39	A	0.006130635784605433	2
576	29.617166666665703	0.18249999999998173	0.0007324975471459499	4.436388888888889	B	0.006260884516658044	3
577	29.601166666665705	0.10483333333332284	0.0007923023969994985	8.43	B	0.022606411287270544	1
578	29.56816666666571	0.14983333333331833	0.0007271017394596255	4.436388888888889	B	0.006260884516658044	1
579	29.52249999999905	0.16716666666664992	0.0006227733915638129	10.0	B	0.03181093801197291	1
580	29.504499999999048	0.13016666666665364	0.00044605343540280834	4.436388888888889	B	0.006260884516658044	1
581	29.51349999999905	0.18716666666664794	0.00016866895137991497	4.436388888888889	B	0.006260884516658044	1
582	29.6471666666657	0.3638333333332969	0.0008087760383534092	9.89	A	0.0022031813968921778	1
583	29.594166666665707	-0.03149999999999685	0.0009665083321128627	5.63	A	0.0011039200738252072	1
584	29.59249999999904	-0.3874999999999612	0.0007059970565573867	9.35388888888889	B	0.011845997702957314	1
585	29.57949999999904	-0.3878333333332945	0.0032172617543789633	9.35388888888889	B	0.011845997702957314	2
586	29.57649999999904	-0.4358333333332897	0.002710566719240671	9.35388888888889	B	0.011845997702957314	3
587	29.507499999999045	-0.35016666666663165	0.0014656626388454507	9.31	A	0.011735094533714133	1
588	29.538166666665713	-0.09449999999999055	0.00022802846039790014	3.95	A	4.3820170111483673e-05	1
589	29.505166666665716	0.37349999999996264	0.0004771880328666134	4.61	A	0.0008946986207713278	1
590	29.498499999999048	-0.20916666666664574	0.00029293957253532675	4.75	A	0.003179869297673746	1
591	29.45916666666572	-0.2788333333333054	0.0006825651331291194	4.385	B	0.002709949798393917	2
592	29.469166666665718	-0.21416666666664522	0.0004604466216314049	9.74	B	0.013370263427545437	1
593	29.43183333333239	-0.21916666666664472	0.0008809810666989464	9.36	A	0.012347349682946384	1
594	29.46183333333239	-0.8504999999999149	0.00014468805664072048	4.54	A	0.000164837073843896	1
595	29.45616666666572	0.11449999999998854	0.00039216588507357886	4.48	B	0.0025713986408716374	1
596	29.420499999999056	0.13549999999998644	0.0022869630484751006	9.98	B	0.01276069899903696	1
597	29.39749999999906	0.17483333333331585	0.0005238709577432645	9.98	B	0.01276069899903696	1
598	29.43783333333239	-0.18816666666664783	0.0004009837497709932	4.8	A	0.0001536697024477531	1
599	29.42783333333239	-0.772833333333256	2.228337349223285e-05	0.72	A	1.3261302520885994e-05	1
600	29.414166666665725	-0.7204999999999279	1.6120083084069588e-07	0.68	A	1.1828754409061894e-05	1
601	29.430499999999057	-0.6721666666665994	0.000823400088765452	3.68	A	0.003149805995838099	3
602	29.421499999999057	-0.5218333333332811	0.0001840650170133807	3.79	A	0.003340923935551899	1
603	29.370499999999062	-0.6054999999999394	0.00013643264221694284	3.72375	B	0.0032251446696476725	1
604	29.261499999999074	-0.6524999999999347	0.00044534205091041303	3.72375	B	0.0032251446696476725	2
605	29.340499999999064	-0.6221666666666044	3.527637599174062e-05	4.76	B	0.0052698963500783695	1
606	29.25416666666574	-0.7084999999999291	0.0013257652069497063	4.636	B	0.004998906601955811	5
607	29.233166666665742	-0.642833333333269	0.0001911708823958794	3.74	B	0.0032533543793851166	1
608	29.23183333333241	-0.6201666666666046	9.254477583687814e-05	4.64	B	0.005007536564271911	1
609	29.39749999999906	-0.12416666666665424	0.004224461793169009	8.7	A	0.007067333323164144	2
610	29.37016666666573	-0.12083333333332125	3.0462825062824004e-05	5.6	A	0.0029281486724062307	1
611	29.389166666665727	-0.469499999999953	0.0006190263969298675	4.52	A	0.0019866659092871784	1
612	29.347833333332396	-0.45649999999995433	0.0002951231040467373	4.35	A	0.0018400366937743086	2
613	29.360499999999064	-0.689499999999931	3.7893930464428885e-05	4.52	B	0.007685825209652715	1
614	29.34916666666573	-0.8008333333332531	2.297503103632442e-06	0.68	A	0.00017395281428378385	1
615	29.349499999999065	-0.7738333333332559	0.00017077458403441046	3.85	B	0.005576158282269433	1
616	29.347166666665732	-0.696166666666597	5.867191461535314e-05	3.7960000000000003	B	0.005420833165978893	1
617	29.340499999999064	-0.7848333333332548	2.5421903185433697e-06	0.6800720164609053	B	0.0001739896617232534	1
618	29.336499999999067	-0.7934999999999206	7.279054791395732e-07	0.6800720164609053	B	0.0001739896617232534	1
619	29.3278333333324	-0.8188333333332514	1.6917149490454555e-05	0.6800720164609053	B	0.0001739896617232534	3
620	29.3108333333324	-0.776166666666589	4.903935926631551e-05	3.72	B	0.005205944258617461	1
621	29.285166666665738	-0.7971666666665869	2.9648451128824768e-06	0.6800720164609053	B	0.0001739896617232534	1
622	29.249499999999074	-0.7651666666665901	5.799421515590117e-06	3.86	B	0.005605162957834484	1
623	29.327499999999066	0.13416666666665322	0.002649565440648205	9.94	A	0.01092919683456227	1
624	29.31849999999907	0.10249999999998974	0.0005146431131990525	4.66	A	0.0024020791426690984	2
625	29.301833333332404	0.3538333333332979	0.00022070794398130222	4.5600000000000005	B	0.0006846432637555701	1
626	29.305166666665734	-0.4651666666666201	0.00021460824009027278	4.57	A	0.00018631029487159304	1
627	29.28749999999907	-0.11483333333332185	0.0001937164469722133	5.44	B	0.001670822353286356	1
628	29.265499999999072	-0.14283333333331905	0.00015270961755643262	3.62	B	0.000739860119972079	1
629	29.256833333332406	-0.15016666666665165	9.84540830096993e-06	2.96	B	0.0004946703723289405	1
630	29.22849999999908	0.053833333333327946	0.0019522229038557515	5.310694444444445	B	0.04373135081065969	1
631	29.238833333332412	0.002833333333333049	0.0006243944068319628	5.310694444444445	B	0.04373135081065969	2
632	29.209833333332416	0.10549999999998944	0.002790509412766731	9.09	A	0.1281203243973251	1
633	29.20749999999908	-0.005499999999999453	9.335846657722972e-05	5.310694444444445	B	0.04373135081065969	1
634	29.18916666666575	-0.0034999999999996527	0.0009173464465817862	9.27	B	0.13324463498982664	1
635	29.146499999999087	0.13116666666665355	4.7714282628766186e-05	4.57	B	0.032383416331801106	1
636	29.146166666665753	0.12349999999998765	2.819962831751728e-05	5.332511111111111	B	0.04409139110596326	1
637	29.13949999999909	0.028499999999997146	0.00012446703917125615	5.355833333333333	B	0.04447790991555533	1
638	29.109166666665757	0.09383333333332394	0.00041683477898691923	5.332511111111111	B	0.04409139110596326	2
639	29.117833333332424	0.021833333333331144	0.0002675750077659766	5.355833333333333	B	0.04447790991555533	1
640	29.091833333332424	0.08916666666665775	0.00019319257473372298	9.23	B	0.1320972161328758	1
641	29.074499999999095	0.02049999999999795	0.00015555633774480917	9.2	B	0.13123990817881076	1
642	28.997499999999103	0.014499999999998549	0.002527690612186938	5.355833333333333	B	0.04447790991555533	4
643	28.77616666666579	-0.03283333333333005	0.006489980106321355	5.390509259259258	B	0.04505571187653894	2
644	28.905499999999112	0.11383333333332193	0.0029591359610038038	8.63	A	0.1154813506314092	1
645	28.936166666665773	0.029833333333330353	0.00013186943610627138	9.41	A	0.1372996752529319	1
646	28.875833333332448	0.09683333333332364	3.6822746015459545e-05	3.25	B	0.01637785361695048	1
647	29.237166666665743	-0.055166666666661146	7.725809352082006e-05	3.66	A	-0.0006331123338767832	1
648	29.246166666665744	-0.34683333333329863	0.0005972673119865988	5.08	A	0.0008938077509853471	1
649	29.218166666665745	-0.17116666666664954	0.0009486457707102448	5.34	A	0.0008953211481922576	1
650	29.200499999999078	-0.3468333333332986	0.00010881590285508329	5.1525	B	0.005950148029484969	1
651	29.182166666665747	-0.3388333333332994	0.0002349042259046232	9.32	B	0.01946810115622322	1
652	29.160499999999082	-0.3551666666666311	0.0006671825587935536	5.1525	B	0.005950148029484969	2
653	29.121166666665754	-0.33083333333330023	0.0001662186308492996	5.1634375	B	0.0059754362655953085	1
654	29.118499999999088	-0.3511666666666315	0.00015395364396017172	9.5	B	0.020227349570690487	1
655	29.11383333333242	-0.309499999999969	0.0009362685597710396	9.38	B	0.019719570255595127	1
656	29.072833333332426	-0.29649999999997034	0.0002172575059132885	9.39	B	0.019761638660187025	1
657	29.186499999999082	0.5624999999999437	0.0003388943934090002	9.85	A	0.00045784466015502575	1
658	29.156833333332415	-0.7821666666665884	0.000252170761694381	3.5	A	0.00036895816846199193	2
659	29.157499999999082	0.21083333333331225	0.0022413325436143597	5.21	B	0.00325454406689336	1
660	29.153833333332418	0.19749999999998025	0.00026157305758873063	4.55	B	0.002482204182303329	1
661	29.108833333332424	0.19883333333331343	4.354041609670473e-05	9.23	B	0.010214523496319251	1
662	29.129499999999084	-0.6374999999999362	4.506899341693392e-05	3.5	B	0.0004719661214643384	1
663	29.10083333333242	-0.6368333333332696	0.00033285258891249333	2.9850000000000003	B	0.00034329178241833354	2
664	29.081833333332426	-0.5648333333332768	0.0019939229151858685	4.486666666666666	A	0.0014211325056675969	3
665	29.047833333332427	-0.6631666666666003	0.0006589526332799731	3.5	A	0.0007291657883767943	4
666	29.018499999999097	-0.6338333333332699	6.882661368179422e-05	3.5	A	0.0007291657883767943	1
667	29.044499999999093	0.27849999999997216	0.0011440175263416966	9.3	A	0.0014176254535399975	1
668	28.9864999999991	-0.18949999999998104	8.261337606908526e-05	9.32	B	0.007246658246755732	1
669	28.915166666665773	-0.14516666666665215	0.0176748274743434	9.326666666666666	A	0.025370913987957554	3
670	28.9604999999991	-0.8041666666665862	0.0010080119407553539	3.3	A	0.0006116464992554814	1
671	28.908833333332442	-0.48583333333328477	0.001838267910279293	9.98	A	0.026241180660157033	2
672	28.97516666666577	0.40116666666662654	0.00021169620281935413	9.25	B	0.013808924893278018	1
673	28.956166666665773	-0.20449999999997953	9.992328904095687e-05	5.27	A	-0.00015820121809014025	1
674	28.734499999999127	0.07283333333332603	0.0024954966012107117	3.14	A	0.06253846966205946	1
675	28.841499999999115	0.23383333333330997	0.00020721129380919513	3.29	A	0.06865619796635743	1
676	28.732499999999128	0.11583333333332174	0.00019069504866295323	8.65	B	0.47459173255400255	1
677	28.716833333332463	0.12249999999998779	0.0032406108254041154	9.16	B	0.5322049393562515	1
678	28.705833333332464	0.11649999999998834	2.4326239448462035e-05	9.25	B	0.5427144925209909	1
679	28.660499999999136	-0.06783333333332658	0.00013187074992068365	5.307708154136904	B	0.17869073024311935	1
680	28.658166666665803	-0.09183333333332416	0.0003693906617445614	5.307708154136904	B	0.17869073024311935	1
681	28.653833333332468	0.1298333333333203	8.348290058191435e-05	4.454583333333334	B	0.125864173762971	1
682	28.650166666665804	0.12383333333332097	4.184176139402226e-05	8.79	B	0.4900785603692166	1
683	28.64483333333247	0.13549999999998646	2.780524605061347e-05	4.454583333333334	B	0.125864173762971	1
684	28.62483333333247	-0.2778333333333055	0.001951926409270807	8.87	A	0.4990398113265127	1
685	28.63283333333247	0.13583333333331976	0.00047300075051012004	5.613425846283069	B	0.19986830687166932	2
686	28.530166666665814	-0.2664999999999733	0.0021138413991262732	5.307708154136904	B	0.17869073024311935	4
687	28.58116666666581	-0.025833333333330766	0.0019696286383406943	9.844999999999999	B	0.6147795242187504	2
688	28.568499999999144	-0.19783333333331354	0.0020546282858213243	5.307708154136904	B	0.17869073024311935	1
689	28.55783333333248	-0.36283333333329704	0.0007619516721736681	5.307708154136904	B	0.17869073024311935	1
690	28.538166666665813	-0.3034999999999696	0.0005480788651801081	5.307708154136904	B	0.17869073024311935	1
691	28.54783333333248	0.19349999999998063	0.0002613577191125046	5.307708154136904	B	0.17869073024311935	1
692	28.50816666666582	-0.39883333333329346	0.0003054758570603914	2.95	B	0.05519909856729202	1
693	28.514166666665815	-0.06616666666666005	0.0006277924927532763	5.307708154136904	B	0.17869073024311935	1
694	28.52483333333248	-0.10316666666665636	7.572219353628299e-05	9.82	A	0.6116611953669097	1
695	28.519166666665814	0.21149999999997887	0.0002444805515521568	5.307708154136904	B	0.17869073024311935	1
696	28.503166666665816	0.16083333333331723	0.0020913385090458093	5.307708154136904	B	0.17869073024311935	2
697	28.505499999999152	-0.19683333333331365	0.0004455762938390128	5.307708154136904	B	0.17869073024311935	1
698	28.486499999999154	-0.06849999999999318	0.001197780403135409	9.73	B	0.6005008605287425	1
699	28.454499999999157	-0.15416666666665124	0.007484404030024744	5.307708154136904	B	0.17869073024311935	3
700	28.479833333332486	-0.3871666666666279	0.00023628034584486916	5.307708154136904	A	0.17869073024311935	1
701	28.47216666666582	0.039833333333329335	8.000405811296419e-05	4.47	A	0.12673687659445046	1
702	28.464499999999155	-0.14716666666665196	4.80570194938717e-05	5.307708154136904	B	0.17869073024311935	1
703	28.435166666665825	0.2418333333333091	0.0008850037118360714	4.545	A	0.131025470736227	2
704	28.439166666665823	-0.352833333333298	0.0002265075056209054	2.95	B	0.05519909856729202	2
705	28.41949999999916	0.01383333333333192	0.005340622344943956	5.307708154136904	B	0.17869073024311935	6
706	28.39416666666583	0.11716666666665493	0.0008698892635765704	5.307708154136904	B	0.17869073024311935	2
707	28.41449999999916	0.20083333333331327	0.0002468418887994837	9.14	B	0.5298834374802814	1
708	28.40249999999916	0.20416666666664623	5.429494391772252e-05	9.52	B	0.5748596820216149	1
709	28.330833333332503	0.08416666666665823	0.0021766778591390933	5.307708154136904	B	0.17869073024311935	5
710	28.357499999999167	-0.35683333333329764	0.00034602961060170714	5.307708154136904	B	0.17869073024311935	1
711	28.320166666665834	-0.31116666666663556	0.00040190543088624843	5.307708154136904	B	0.17869073024311935	1
712	28.349499999999168	-0.39349999999996066	0.0004266967504664203	5.307708154136904	B	0.17869073024311935	1
713	28.3258333333325	-0.011166666666665548	0.0006466720361258687	5.307708154136904	B	0.17869073024311935	2
714	28.247166666665844	-0.23116666666664354	0.0025388218274679125	5.307708154136904	B	0.17869073024311935	2
715	28.260166666665842	0.24449999999997557	0.000928148844353396	9.78	B	0.6066883607473454	1
716	28.244166666665844	-0.25883333333330744	0.0009938160230190817	9.41	B	0.5616518586436577	1
717	28.251166666665842	0.18749999999998118	0.00031412535903296217	5.41	A	0.18564466955212408	1
718	28.234499999999176	-0.009166666666665768	0.0007448167009748594	8.84	A	0.49566982786557606	1
719	28.23183333333251	0.22649999999997733	0.00013569087517604684	9.77	B	0.6054483235431046	1
720	28.230166666665845	0.21283333333331206	0.00018313382562255902	5.478104438191232	B	0.19034810996287	1
721	28.22849999999918	-0.19283333333331404	3.3849686349850103e-05	5.307708154136904	B	0.17869073024311935	1
722	28.21049999999918	-0.057833333333327575	0.0007519299211757269	9.48	B	0.5700390770332618	1
723	28.20716666666585	0.009833333333332361	0.00035666664590056524	5.91	B	0.22154549091275294	1
724	28.19449999999918	0.008833333333332416	8.062534057149006e-05	5.91	B	0.22154549091275294	1
725	28.195499999999182	-0.07949999999999208	0.00015103634698073961	5.307708154136904	B	0.17869073024311935	1
726	28.170499999999183	-0.10916666666665575	0.00023952228763612243	5.307708154136904	B	0.17869073024311935	1
727	28.185833333332518	-0.20783333333331255	0.00016586946510910593	9.2	B	0.5368631660713123	1
728	28.17516666666585	-0.22616666666664406	0.0001274905830354491	9.19	B	0.5356967065221571	1
729	28.164833333332517	-0.21649999999997835	0.00014331289741922453	5.307708154136904	B	0.17869073024311935	2
730	28.139166666665854	-0.14516666666665218	0.00016765877835594635	9.38	B	0.5580763651805859	1
731	28.834166666665784	0.4844999999999515	0.00044221509068675144	9.844999999999999	B	0.01776103280246515	2
732	28.82583333333245	0.4791666666666187	3.7807072530278535e-05	4.76	B	0.004151936290565053	1
733	28.865499999999116	0.3038333333333029	0.0011133462075782184	9.0	A	0.002130487600229551	2
734	28.860499999999114	0.37216666666662945	0.00028183886021680964	9.84	A	0.0006748837196748998	1
735	28.839499999999116	-0.4288333333332904	0.001177744428596674	9.1	A	0.0016972816409518542	3
736	28.839499999999116	-0.34649999999996534	0.0014404623883884264	9.08	A	0.0044469972748486875	1
737	28.82449999999912	0.4084999999999591	0.0008028057579424522	4.98	A	0.0017217002364343012	1
738	28.79949999999912	-0.16483333333331684	0.00031454429226265493	5.4	A	0.0010484846046297394	1
739	28.76316666666579	-0.5518333333332781	0.0004022728991531253	9.85	B	0.009478638565563515	1
740	28.737499999999123	-0.6531666666666013	0.0006456322042852129	4.65	A	0.0021124158044154412	1
741	28.746499999999124	-0.32783333333330056	0.0017308056698892816	4.9125000000000005	B	0.01632602204546916	2
742	28.75216666666579	-0.27549999999997243	5.608703392157616e-05	9.49	B	0.06092670292012124	1
743	28.78549999999912	0.18249999999998173	0.00055690923272055	5.83	A	0.002018967630044694	1
744	28.737166666665793	0.42349999999995763	0.0005468863390799413	4.93	B	0.0028441423223369545	1
745	28.69949999999913	0.40716666666662593	0.0011668747191753506	9.53	B	0.010627797910821782	1
746	28.643166666665802	0.27516666666663914	2.693071838763788e-05	5.15	A	-0.00018274933899017172	1
747	28.606166666665807	-0.34149999999996583	0.00025178765045786374	4.24	A	0.000855696239976862	1
748	28.421166666665826	-0.4164999999999583	9.434080352857824e-06	2.81	A	0.0009182373685493657	1
749	28.40183333333249	-0.6248333333332707	0.00064697631781918	4.19	A	0.0002896715794216228	1
750	28.365499999999162	-0.2658333333333067	4.18457214204795e-05	2.91	B	0.0006669288924627929	1
751	28.34016666666583	-0.25416666666664123	0.0005451633715071305	9.2	B	0.006666059854991175	1
752	28.198833333332516	-0.41216666666662544	5.332671101811845e-05	3.01	B	0.0010041908746079014	1
753	28.185833333332518	-0.4081666666666258	2.113600253425586e-05	4.37	B	0.0021166358774516443	1
754	28.172166666665852	-0.42916666666662373	3.6946449795779705e-05	4.38	B	0.002126334081834398	1
755	28.14983333333252	-0.03049999999999695	0.00205942872950509	5.373333333333332	A	0.005340912248255948	3
756	28.12416666666585	0.20383333333331294	0.000800442869725054	9.73	B	0.09772841073141052	1
757	28.127833333332518	0.18516666666664816	6.298394523146527e-05	5.130375	B	0.027170233891438876	1
758	28.078499999999188	0.11049999999998894	0.00195936193977489	5.130375	B	0.027170233891438876	2
759	28.105166666665852	0.20683333333331266	3.946518774758008e-05	5.130375	B	0.027170233891438876	1
760	28.039499999999194	0.055166666666661146	0.0009721441593349865	4.42375	B	0.020201159936313877	1
761	27.993166666665864	0.13683333333331965	0.0015178317038215584	4.52	A	0.02108977883435501	1
762	27.95416666666587	-0.07683333333332565	0.002742072190754107	5.3999999999999995	B	0.03010112140779388	3
763	27.903499999999205	0.06183333333332716	1.8289589332545672e-05	0.89	B	0.0008176645496266647	1
764	27.90616666666587	0.02516666666666416	0.00023870676210964567	3.07	B	0.009729082961464904	1
765	27.893499999999207	0.11716666666665496	4.579652643148137e-05	5.71	A	0.03365637765747095	1
766	27.877833333332543	-0.05349999999999464	0.0005731284095435953	5.36	B	0.02965683050745389	1
767	27.859166666665878	0.06483333333332686	0.00025523314830825614	5.7	B	0.033538595148807394	1
768	27.86749999999921	0.09349999999999065	0.00020519878760099394	4.42375	B	0.020201159936313877	1
769	28.07649999999919	-0.39383333333329396	0.00042544053428394404	2.955	A	7.2551382913246e-05	2
770	28.10049999999919	-0.48783333333328455	0.0004371146580103878	2.955	A	0.0025760450211293473	2
771	28.041166666665863	-0.4891666666666178	0.0004411351704871102	2.8899999999999997	A	0.002463962897606731	2
772	27.990833333332535	-0.5028333333332831	0.001321179750987444	2.9466666666666668	A	0.0025615362072774327	3
773	28.081833333332526	-0.12049999999998794	0.00015551417361695373	9.25	B	0.014942243257203332	1
774	28.085833333332523	-0.11116666666665553	1.3126945486698361e-05	2.91	B	0.0014788302133098446	1
775	28.04183333333253	-0.15049999999998492	0.001542788789023209	9.35	B	0.015267065141304407	1
776	28.06349999999919	-0.2888333333333044	0.0006677908748519885	5.4399999999999995	A	0.0006422987437064264	2
777	28.00783333333253	-0.2608333333333072	0.000564983067000889	9.3	A	0.00027122325423224714	1
778	27.99283333333253	0.2544999999999745	0.000839966835079865	5.37	A	0.0012080626267937464	1
779	27.9854999999992	-0.21916666666664475	0.0010669762828542828	5.29	A	0.003662544528704097	1
780	27.921166666665872	-0.22316666666664434	0.0003216369704185872	5.3	B	0.0036764046659102166	1
781	27.894833333332542	-0.22183333333331115	0.0010208474840567115	9.295	B	0.011307597929183398	2
782	27.986833333332534	-0.25149999999997485	0.0009639568494969899	9.29	A	0.00047492618124906765	1
783	27.9714999999992	-0.5741666666666092	0.00023572494917255068	3.36	A	0.00028727875503422164	1
784	27.903833333332543	0.32316666666663435	0.0058107429912604945	9.39	A	0.00427861640597345	1
785	27.937499999999204	-0.14249999999998575	0.001221265054376543	9.26	A	0.0014467249180148425	1
786	27.89216666666588	-0.4034999999999596	7.234000567810008e-05	2.97	A	0.0008338131235753628	1
787	27.827166666665885	-0.37816666666662885	0.0003451273224901169	2.9450000000000003	A	0.0008198349449712852	2
788	27.768499999999225	-0.25949999999997403	7.556161987886325e-05	9.11	A	0.007844993383110435	1
789	27.73049999999923	-0.29116666666663754	0.0002504559673454068	2.94	A	0.0008170534882989268	1
790	27.82683333333255	-0.24483333333330884	0.001298647527336044	5.195	A	0.007047086212529942	2
791	27.843499999999214	0.33949999999996605	0.002970313155987153	9.465	A	0.0019069369692972225	2
792	27.829833333332548	0.11149999999998884	0.00047747904776475136	4.575	B	0.006582883730451271	2
793	27.778833333332553	0.16383333333331696	0.00014548962658068323	5.5649999999999995	B	0.009740120392830348	1
794	27.768833333332555	0.14549999999998545	0.0005259701183525253	9.19	B	0.026562259207613983	1
795	27.74416666666589	0.16749999999998325	0.00010702082762166973	5.5649999999999995	B	0.009740120392830348	1
796	27.744833333332558	0.18083333333331525	0.00010957503715576124	9.17	B	0.026446771260845946	1
797	27.74716666666589	0.03583333333332975	0.0005062901249661656	5.28375	B	0.024876280159482407	3
798	27.72716666666589	0.03283333333333005	0.00018485426551717693	9.47	B	0.07990995306328572	1
799	27.72283333333256	-0.01449999999999855	0.0003583150716445875	5.28375	B	0.024876280159482407	2
800	27.713499999999225	-0.01616666666666505	0.00021627110596923214	9.48	B	0.08007880658845655	1
801	27.807166666665886	0.386166666666628	0.0008319434376595754	4.71	A	0.00046199854780645767	1
802	27.79749999999922	0.19283333333331404	0.0009000899550437503	5.37	A	0.0013655926280368852	1
803	27.70383333333256	-0.17983333333331536	0.0021039942745858004	4.365	A	0.003143472878505736	2
804	27.741499999999224	-0.12783333333332056	6.817886166180789e-05	4.38	A	0.0031651146244483772	1
805	27.730166666665895	0.27883333333330546	0.000715180789005933	9.56	A	0.003021762446416895	1
806	27.68549999999923	0.27383333333330595	0.004510292311767203	9.553333333333335	A	0.003017549463385807	3
807	27.688166666665897	0.10083333333332324	0.0004081713233609288	5.39	B	0.013207200972660841	1
808	27.664499999999233	0.12449999999998754	0.00021109040575659508	9.32	B	0.0394879948013278	1
809	27.612499999999237	-0.8941666666665772	0.0005294377652739743	4.82	A	-0.00038063076388687885	2
810	27.613499999999238	-0.3164999999999683	0.0025549308512183605	9.58	A	0.0017041542575824316	1
811	27.616499999999238	0.09683333333332364	0.00012313274585888168	4.68	A	8.046926748043698e-06	1
812	27.589166666665907	0.014166666666665249	0.0012677364698400848	9.8	A	0.001438883908967731	2
813	27.548499999999244	0.3211666666666345	0.004760437139467195	9.455	A	0.0022200190513881972	2
814	27.547499999999246	-0.9608333333332372	0.0002022854622532004	4.8	A	-0.002592047806891764	1
815	27.538166666665912	-0.9788333333332353	4.6671164613464564e-05	4.81	A	7.479794684110084e-05	1
816	27.53716666666591	-1.0088333333332322	2.0509281639395412e-05	4.8	A	7.448725996252454e-05	1
817	27.516499999999247	-1.0118333333332319	0.0006733735665264284	4.803333333333334	A	7.459075041196129e-05	3
818	27.42483333333259	0.06483333333332685	0.004620679263219216	5.38	A	0.006950477454355962	4
819	27.48949999999925	-0.04716666666666195	3.332561957397892e-05	5.35	A	-0.00041987540866182687	1
820	27.46616666666592	-0.18049999999998195	0.0014710482897196857	5.0	A	0.001288281969485878	1
821	27.451499999999257	0.42316666666662434	0.0024483566899578253	9.8	A	0.0012328072921758142	1
822	27.417499999999258	-0.8448333333332487	0.0005707987009324878	4.86	A	0.0004977704339578665	1
823	27.42783333333259	-0.31783333333330155	0.0031207197882571723	9.035	A	0.004353603337158358	2
824	27.401833333332593	-0.19683333333331365	0.0005950836789360483	5.08	A	0.0019762257831340093	1
825	27.37616666666593	-0.19049999999998096	0.002309568661166391	8.0	A	0.004901049744271832	1
826	27.362833333332595	-0.39616666666662703	0.003713530694063465	5.78875	A	0.00319001512107426	8
827	27.358833333332598	-0.11049999999998894	0.001756180846772694	9.76	A	0.0013407134654470376	1
828	27.34116666666593	-0.013833333333331949	0.0031195034737462705	9.575	A	0.009294100164510438	2
829	27.28916666666594	-0.05416666666666125	0.004768448266813201	9.65	A	0.009440269877846309	1
830	27.34516666666593	0.17983333333331533	0.0008999664688956535	9.97	A	0.001981165689625311	1
831	27.298166666665935	0.38449999999996154	0.00027106821136500917	4.69	A	0.00021117972111939326	1
832	27.226499999999277	-0.30183333333330314	0.00046586252169235245	4.1	A	0.00014405540909135978	1
833	27.254166666665938	0.09983333333332335	0.0005343823192935167	9.86	A	0.0019036402888514788	1
834	27.22849999999928	0.03316666666666335	0.0005501464640303054	8.75	A	0.001113236839190519	1
835	27.190833333332613	0.11049999999998894	0.0024151917594574216	9.32	B	0.08047680233038752	1
836	27.14516666666595	0.13683333333331965	0.00018944238435582164	5.156516510416666	B	0.024634951542103094	1
837	27.09849999999929	0.11083333333332224	0.0004497119214375491	5.156516510416666	B	0.024634951542103094	1
838	27.09049999999929	0.15783333333331756	0.0005234189583911918	5.156516510416666	B	0.024634951542103094	2
839	27.082499999999293	0.10649999999998934	0.00022411493446673173	8.79	B	0.07158411122574662	1
840	27.05416666666596	0.17283333333331602	0.00014597413179341697	5.156516510416666	B	0.024634951542103094	1
841	27.04983333333263	0.19283333333331404	3.365864691167567e-05	5.156516510416666	B	0.024634951542103094	1
842	27.014833333332632	0.25216666666664145	0.0009498218168604948	5.156516510416666	B	0.024634951542103094	4
843	27.0014999999993	0.17483333333331585	0.0030182693468167408	9.74	B	0.08789350850032086	1
844	27.019166666665964	0.13016666666665364	0.0003722628205305179	5.18	A	0.024859844430385178	1
845	26.946833333332638	0.16783333333331654	0.0006755128441685498	5.156516510416666	B	0.024634951542103094	2
846	26.93483333333264	0.13483333333331984	0.00040498371952550947	5.156516510416666	B	0.024634951542103094	2
847	26.90649999999931	0.17783333333331552	0.0002806087194401197	5.156516510416666	B	0.024634951542103094	1
848	26.92683333333264	0.20216666666664646	0.0004664512485112701	5.156516510416666	B	0.024634951542103094	1
849	26.89483333333264	0.16349999999998366	9.638612524707125e-05	5.156516510416666	B	0.024634951542103094	1
850	26.853499999999315	0.17416666666664923	0.0001556937410620292	5.156516510416666	B	0.024634951542103094	1
851	26.77949999999932	0.19949999999998003	0.001676363030783715	6.120625	B	0.03470806729007424	2
852	26.837166666665983	0.17516666666664915	5.003798845692961e-05	5.156516510416666	B	0.024634951542103094	1
853	27.18816666666595	-0.12216666666665445	0.00017549169985749856	3.02	A	0.00023702904202627605	1
854	27.121499999999287	-0.5951666666666071	0.0013842595375699923	4.8	A	0.002779421027976729	3
855	27.124166666665957	-0.32316666666663435	0.00035017765820870224	9.44	A	-0.00013792576622097892	1
856	27.075833333332625	-0.00616666666666605	0.0006261563372424435	5.25	A	0.0018445722769975452	1
857	27.061499999999292	-0.3791666666666287	1.2700915009588349e-05	4.13	A	0.0004077950176809828	1
858	27.05716666666596	-0.5641666666666102	0.0002202077323931981	9.76	A	0.00026794280678972174	1
859	27.044166666665962	0.04683333333332865	0.0018074650550062405	9.28	A	0.0032845914871190555	1
860	27.031166666665964	-0.6314999999999368	0.00019414368170352284	4.79	A	0.00016884698748968082	1
861	27.022166666665964	-0.17683333333331563	0.00013082945768117638	5.59	A	0.0016758775031719005	1
862	27.0064999999993	-0.32149999999996787	0.00030492828490971414	3.99	A	0.0003053564083438362	1
863	26.9704999999993	-0.33949999999996605	0.0007312477197348878	4.04	A	0.00031305740255555914	1
864	26.89849999999931	-0.31749999999996825	0.0003500177949867983	4.04	A	0.00031305740255555914	1
865	27.0064999999993	0.45949999999995406	3.7068555350037385e-05	9.25	A	0.0028653790793165333	1
866	26.990833333332635	0.44383333333328895	0.001236785848718259	9.29	A	0.0028902143181796	1
867	26.951166666665973	0.42916666666662373	0.0020594142827513057	9.274999999999999	A	0.002880888545333871	2
868	26.914166666665974	-0.0034999999999996497	0.0014196388891420278	5.34	A	0.0009604481205217418	1
869	26.907833333332643	0.38916666666662775	0.002091608297264949	9.3	A	0.0015742041961233806	1
870	26.799166666665986	0.048499999999995144	0.0001870193707208647	5.99	A	-0.0002857152098718963	1
871	26.690833333332666	-0.08916666666665773	0.0059718736954480515	9.2	B	0.06573875648236363	1
872	26.709166666665997	-0.10749999999998924	0.0007656022719678565	9.56	A	0.07098418731623997	1
873	26.683166666665997	0.026499999999997345	0.0006582414159128935	5.23	B	0.02124463176023682	1
874	26.654833333332668	-0.09383333333332394	0.0007132486751742623	3.72	B	0.010748100280074918	1
875	26.672166666666	-0.10916666666665574	0.0007057972077904636	9.4	B	0.06862803075120098	1
876	26.65283333333267	-0.01883333333333144	0.0002884071022535612	6.05	B	0.028428672426107218	1
877	26.679166666666	0.062166666666660444	0.00013664893757693182	9.2	B	0.06573875648236363	1
878	26.651166666666	-0.0004999999999999449	0.0007809800362462859	8.92	B	0.061798159189252584	1
879	26.74816666666599	0.03916666666666275	0.0006252526145276828	9.44	A	0.0002090471163768638	1
880	26.733499999999328	0.20216666666664643	0.000246267150528846	6.109999999999999	B	0.0015493551403112707	1
881	26.73483333333266	0.22049999999997794	5.673368424189423e-05	6.109999999999999	B	0.0015493551403112707	1
882	26.710833333332662	0.24383333333330895	0.000888388028462323	6.050000000000001	B	0.01670408129325626	1
883	26.650166666666003	0.26283333333330705	0.0013549612389259157	8.915	B	0.036270583358033424	1
884	26.660499999999335	0.23016666666664365	0.0005507998941189967	9.81	B	0.04391873882237384	1
885	26.63149999999934	0.24183333333330914	0.00022026968548403435	6.050000000000001	B	0.01670408129325626	1
886	26.60449999999934	0.24716666666664194	0.00041237950749919175	8.915	B	0.036270583358033424	1
887	26.572833333332678	0.26116666666664057	0.00013171491790469318	8.93	A	0.03639274072324543	1
888	26.518833333332683	0.25416666666664123	0.001690382748136406	5.404444444444444	B	0.013329503076855133	3
889	26.508166666666018	0.23616666666664304	0.00019702513696917112	5.404444444444444	B	0.013329503076855133	1
890	26.47016666666602	0.2991666666666367	0.002645387847629709	5.53	A	0.013956036872370476	1
891	26.49249999999935	0.21883333333331145	0.0009388294526959372	9.56	B	0.04170879377319433	1
892	26.473499999999355	0.22349999999997766	0.0001447684296084674	9.56	A	0.04170879377319433	1
893	26.67849999999933	-0.736166666666593	0.0007301305969482318	3.54	A	0.0006563903366002644	2
894	26.675166666665998	0.6448333333332689	0.001044713272284421	3.1033333333333335	A	0.004562250432704598	3
895	26.50583333333268	0.6864999999999314	0.0018929981319057655	3.0928571428571425	A	0.004531500057836819	7
896	26.587166666666008	0.6718333333332661	0.0004864730886238269	3.07	A	0.00446476926083174	2
897	26.546499999999345	-0.035166666666663154	0.00017859699995808186	9.53	B	0.004916732385431968	1
898	26.544833333332676	-0.06449999999999355	0.0006622504553129634	5.4	B	0.001578622501639999	1
899	26.514499999999348	-0.4798333333332853	0.00013314798649451392	3.85	A	0.0004480072567224371	1
900	26.522499999999347	-0.4211666666666245	0.0007932192067555409	8.84	B	0.0023619359676794655	1
901	26.523166666666015	-0.4104999999999589	4.470298693742982e-05	4.013333333333333	B	0.00048682632443991085	1
902	26.500166666666015	-0.46116666666662054	0.00019219489920664135	4.07	A	0.0005006709669004214	1
903	26.480833333332686	-0.542833333333279	0.00017105442725790963	4.08	A	0.00016588825027836105	1
904	26.40249999999936	0.18316666666664833	0.005930519854893353	9.243333333333334	A	0.013316757785271503	3
905	26.43683333333269	0.18283333333331503	0.00024337950025162797	9.16	B	0.013077725525517739	1
906	26.401166666666025	0.3318333333333001	0.0008232366554273879	8.79	A	0.005538709184014941	1
907	26.376833333332694	0.34516666666663215	0.0009556455771072325	6.22	A	0.002773394065223611	1
908	26.39149999999936	-0.6388333333332694	0.00024438167802417403	3.82	A	0.0003517900539894095	1
909	26.36416666666603	0.8118333333332521	0.00016303241076992293	3.0499999999999994	A	0.0007266408570408964	3
910	26.346166666666033	0.8018333333332531	0.00010421731936045674	3.05	A	0.0007266408570408966	1
911	26.256833333332708	0.8081666666665859	0.0012160233937197021	3.0340000000000003	A	0.0007190370808960124	5
912	26.3458333333327	0.9068333333332426	0.0007808466495243502	2.885	A	0.0010470981321429975	4
913	26.355833333332697	0.11583333333332174	0.0011757480851666499	6.04	A	0.013249892480535447	1
914	26.29116666666604	0.13116666666665355	0.00014826469025954825	6.08	B	0.01342596885532613	1
915	26.28716666666604	0.14483333333331883	6.0046556744668516e-05	8.86	B	0.028510571350078957	1
916	26.320833333332704	-0.39016666666662764	0.0010551468735442108	5.470000000000001	B	0.0036716995892656402	2
917	26.288833333332704	-0.3671666666666299	0.00036608982467289654	9.49	B	0.011051593774893887	1
918	26.3238333333327	-0.05849999999999415	0.0005319389572461592	6.04	A	0.001477722929216325	1
919	26.309166666666034	0.38549999999996143	3.4156142045837227e-05	1.2	A	4.300812435965547e-06	1
920	26.304833333332702	-0.02983333333333035	0.0010635897071513997	9.53	A	0.004518745392689078	1
921	26.292166666666034	-0.06149999999999385	0.001498733212069292	8.844999999999999	A	0.01966591679846009	2
922	26.24316666666604	-0.09016666666665765	0.0004394934839804212	5.4	B	0.007330034902883962	1
923	26.258499999999373	-0.04516666666666216	0.0003860098174829024	5.43	A	0.007411705970783378	1
924	26.242499999999374	-0.09983333333332335	0.00012357313938579845	9.53	B	0.022829916560745334	1
925	26.255499999999376	0.3554999999999644	0.0003692808623924529	5.98	A	-0.00017651990788929126	2
926	26.20649999999938	0.08349999999999165	0.0014166982435568983	9.705	A	0.002030697500561799	2
927	26.224833333332707	0.2658333333333067	0.0006091702606803006	4.2	A	0.0003171241745350948	1
928	26.213833333332712	-0.19649999999998033	0.0018596449163006334	9.17	A	0.0036657452613807337	1
929	26.182833333332713	-0.15983333333331734	0.0007606783534092579	5.57	A	0.0012165761584236046	1
930	26.174833333332714	0.12683333333332064	0.0004194792042943239	5.32	B	0.005003593498574156	1
931	26.163833333332715	0.15149999999998484	8.797351083438383e-05	6.0	B	0.0063644555213928705	1
932	26.175833333332715	-0.08883333333332445	0.0005510419407515123	5.72	A	0.001345055744828316	1
933	26.14683333333272	-0.45849999999995417	0.00038689630359019635	3.79	A	0.00033894817719940337	1
934	26.134499999999385	-0.46549999999995345	0.00013147340638344475	9.98	A	0.0023502603036968175	1
935	26.156166666666053	0.024166666666664248	0.00018653232943613698	3.71	A	0.00043843220027815836	1
936	26.132166666666052	-0.2934999999999706	0.004741166703281539	9.36	A	0.007898587343539787	1
937	26.122166666666054	0.8931666666665773	0.00148904265145764	2.9839999999999995	A	0.00252304442962746	5
938	26.090499999999388	0.2664999999999733	0.0015535694086800873	8.49	A	0.001023278028052926	1
939	26.05183333333273	0.7988333333332535	0.0006537227244924162	2.9	A	0.0010214917928104239	1
940	25.98216666666607	0.8081666666665859	0.0004483457550461686	2.875	A	0.001003955778828616	2
941	25.91249999999941	0.8498333333332484	0.00036348081031880393	2.83	A	0.000972773557602783	1
942	26.059833333332726	-0.12983333333332034	0.00020679525207574376	9.41	A	0.002821093359650017	1
943	26.050833333332726	0.13116666666665355	0.0015235838351750463	9.74	A	0.00045083273952472436	1
944	26.028166666666063	-0.21549999999997843	0.0014047236315844088	9.77	A	0.001771451505756669	1
945	26.0124999999994	-0.13816666666665284	0.002708777857081461	9.21	A	0.003533529926747144	2
946	25.987166666666067	-0.08216666666665844	0.0007598282853298907	4.9799999999999995	A	0.0022567907883439464	3
947	25.993166666666067	-0.026499999999997345	0.001257143519137037	4.9350000000000005	A	0.0022161896839267056	2
948	25.9624999999994	1.0048333333332329	0.00013873255491311627	3.07	A	0.0003377024157290842	1
949	25.927499999999405	0.952833333333238	0.0001893305765314305	2.99	A	0.0003203316074292126	2
950	25.96716666666607	-0.20283333333331305	0.0025759665797903714	9.89	A	0.001540657747364185	1
951	25.932166666666074	-0.24749999999997524	0.0007923444702619678	5.150138888888889	B	0.00928969620252196	1
952	25.917499999999407	-0.16083333333331723	0.0006236926335207203	9.26	A	0.03003209316385441	1
953	25.90583333333274	-0.26883333333330645	0.0003456091026935411	9.175	A	0.02948327851265216	1
954	25.88849999999941	-0.17816666666664885	0.00010503546682602564	5.150138888888889	B	0.00928969620252196	1
955	25.889833333332742	-0.15416666666665124	0.0007832476696657415	9.175	B	0.02948327851265216	1
956	25.872833333332746	-0.19783333333331354	0.00036257910857139165	9.9	B	0.03432685522381235	1
957	25.871166666666078	-0.21883333333331145	0.00045057068694187065	9.89	B	0.034257543065371446	1
958	25.826166666666083	-0.20383333333331294	0.0006750099786879374	5.150138888888889	B	0.00928969620252196	1
959	25.851833333332745	-0.20749999999997926	3.635843082439349e-05	5.150138888888889	B	0.00928969620252196	1
960	25.806499999999417	-0.17516666666664915	0.00023404056582516995	5.150138888888889	B	0.00928969620252196	1
961	25.954499999999403	-0.4191666666666247	0.0010698508173207961	9.17	A	0.0014164074427992532	1
962	25.908499999999407	0.47283333333328603	0.00020538945148348715	2.96	A	0.00022847398120714953	1
963	25.88349999999941	-0.10816666666665585	0.0032808942994640286	9.64	A	0.0042971294069017495	1
964	25.889833333332742	-0.5644999999999435	0.002028016774928413	9.04	A	0.001203936965623622	1
965	25.84683333333275	-0.4858333333332847	3.357655663512316e-05	3.8	B	0.0016271220116904075	1
966	25.838166666666083	-0.4738333333332859	0.00015928924653079967	9.45	B	0.010062746776245333	1
967	25.83483333333275	-0.46083333333328724	0.00023353333243789138	9.46	B	0.010084054862977376	1
968	25.896833333332744	0.05683333333332764	0.0001968579501762106	6.53	A	0.0004147129297433736	1
969	25.877499999999415	0.05216666666666145	0.00014077311626933285	8.76	A	0.0007463274677006138	1
970	25.893833333332744	-0.31216666666663545	0.00038607284722708563	9.77	A	0.0003844157151574642	1
971	25.879499999999414	0.7104999999999289	1.2324111384443462e-05	3.04	A	0.0025271901199112753	1
972	25.838166666666083	0.7171666666665949	0.0003906142406556469	3.0766666666666667	A	0.002588520688656477	3
973	25.799833333332753	0.7571666666665909	0.0016931720116190388	3.19125	A	0.0027849179437727215	8
974	25.81449999999942	0.7424999999999257	1.689882059456416e-05	3.16	A	0.0027306429256174283	1
975	25.756166666666093	0.7951666666665871	1.74623042669321e-05	3.19	A	0.0027827366883688026	1
976	25.86549999999941	0.47849999999995213	0.002180927420540544	2.9919999999999995	A	0.0013489799567593008	5
977	25.860499999999416	0.9311666666665736	0.00011959751583975134	2.84	A	5.4008705098789545e-05	1
978	25.85949999999941	-0.37183333333329616	0.000139532519180813	5.64	A	0.0006802866387447934	1
979	25.846499999999413	-0.39249999999996077	2.2689682360658272e-05	5.65	B	0.0006827011413325119	1
980	25.843166666666082	-0.3864999999999613	1.3788259412677379e-05	9.31	B	0.001853672876380325	1
981	25.77249999999942	0.9731666666665693	3.131208759834759e-05	3.06	A	0.000691928452558257	1
982	25.73583333333276	1.0238333333332308	0.00015106372631395898	2.88	A	0.0006129193212972794	1
983	25.754499999999425	0.9618333333332371	0.00041536438344905863	2.92	A	0.0006300630908937504	2
984	25.679833333332763	0.9731666666665693	0.0002895093370330571	2.91	A	0.0006257549798270512	2
985	25.753499999999423	0.01716666666666495	0.0005069138482669605	5.16	A	0.0007294577842408614	1
986	25.673499999999432	-0.36816666666662984	7.955151822028131e-05	0.985	B	0.0002206558184222302	2
987	25.696166666666098	-0.270499999999973	0.00012309104170333014	8.96	A	0.01825824128655324	1
988	25.630166666666103	-0.4024999999999598	1.1454580621198674e-05	0.99	B	0.00022290166470213384	1
989	25.625499999999438	-0.37849999999996214	0.0001197012458558561	5.01	B	0.005708452274451616	1
990	25.626166666666105	-0.38849999999996115	3.264086398369212e-05	9.92	B	0.022380318719869466	1
991	25.731833333332762	-0.19283333333331404	0.0003622900699218559	5.116388888888888	B	0.019297057401721957	2
992	25.719833333332762	-0.14883333333331844	8.309656578619997e-05	8.986666666666666	B	0.05953347876645274	1
993	25.697833333332763	-0.16083333333331723	8.491007769043987e-05	9.88	B	0.07195780110453259	1
994	25.693166666666098	-0.15283333333331806	0.0004970524070094427	5.116388888888888	B	0.019297057401721957	3
995	25.6641666666661	-0.16083333333331723	2.7426448748461582e-05	5.104444444444444	B	0.019207062842172478	1
996	25.666499999999434	-0.16749999999998325	5.439544931399275e-05	8.986666666666666	B	0.05953347876645274	1
997	25.647499999999436	-0.17916666666664874	0.0007197146635363965	8.986666666666666	B	0.05953347876645274	1
998	25.641499999999436	-0.12116666666665454	0.00017048093419559133	9.88	B	0.07195780110453259	1
999	25.593166666666107	-0.09883333333332345	0.0003389879695575986	5.116388888888888	B	0.019297057401721957	2
1000	25.596833333332775	-0.07983333333332535	0.00033166990052625023	9.85	B	0.07152147385697717	1
1001	25.574499999999443	-0.09916666666665674	0.00019210583347312513	9.85	B	0.07152147385697717	1
1002	25.54883333333278	-0.09616666666665705	4.608809167175775e-05	3.78	B	0.010532891103177434	1
1003	25.719499999999428	0.23483333333330986	0.00012618731192819954	5.87	B	0.009140010063269536	1
1004	25.711166666666095	0.47783333333328554	0.0014277587698924682	3.052	A	0.0009761561086265941	5
1005	25.673833333332766	0.34049999999996594	0.00043942199501049046	3.56	B	0.00035570894510065387	1
1006	25.664166666666098	0.34516666666663215	1.1710484638604441e-05	3.56	B	0.00035570894510065387	1
1007	25.662833333332767	0.33983333333329935	2.1786481557076873e-05	8.97	B	0.0022582898198498613	1
1008	25.605166666666104	0.21583333333331173	0.0007777928174137822	6.03	B	0.01011220848761178	2
1009	25.598166666666106	0.2681666666666398	0.0015580767175629776	9.04	A	0.0227273213023114	1
1010	25.589166666666106	0.24349999999997562	8.404980018901678e-05	9.52	B	0.02520491792325412	1
1011	25.58749999999944	0.21783333333331154	0.00023675915780525122	9.47	B	0.02494085564869581	1
1012	25.61549999999944	0.014833333333331849	0.00010449443659651268	4.95	A	0.0015158577318081876	1
1013	25.53983333333278	-0.5764999999999423	0.0010406929546688294	3.72	A	0.001354354245372471	1
1014	25.549499999999444	-0.49383333333328394	0.0003597192448182788	3.79	A	0.0004899306553734223	1
1015	25.559833333332776	-0.023166666666664348	0.0007195934661181207	5.1	A	0.0006441496753298476	1
1016	25.556166666666112	0.9684999999999031	0.0001426788637710021	2.94	A	6.568082225152074e-05	1
1017	25.528499999999447	0.12416666666665424	0.0006282858567006881	5.76	A	0.0013316840087090381	1
1018	25.510166666666116	0.09449999999999055	0.0017718586187631894	9.765	A	0.0019265292223895518	2
1019	25.423499999999457	-0.672833333333266	0.000719529796338892	3.8724999999999996	A	0.0018576834595322954	4
1020	25.384499999999463	-0.6704999999999329	0.0017910706831716792	3.8516666666666666	A	0.0018377492389284348	6
1021	25.461833333332788	0.14449999999998553	6.154938881596874e-05	2.78	A	0.00012777291986785586	1
1022	25.42449999999946	-0.4741666666666192	5.041267681078124e-05	3.65	B	0.0014479733045984935	1
1023	25.41049999999946	-0.45683333333328763	7.951517152360021e-05	4.71	B	0.00241110786913443	1
1024	25.40383333333279	-0.39283333333329395	0.0006064615785526279	3.47	A	0.008339272075888643	2
1025	25.210166666666144	-0.4914999999999508	0.002021168639575521	3.64	A	0.009176392071746645	2
1026	25.148833333332817	-0.4881666666666178	0.000550220633031817	3.563333333333334	B	0.00879391158165049	3
1027	25.12649999999949	-0.4314999999999568	0.0006203436685075787	3.535	B	0.008654620518110903	2
1028	25.099833333332825	-0.452833333333288	5.036577858975849e-05	3.46	B	0.008291276365031559	1
1029	25.101833333332824	-0.472833333333286	4.350799837242723e-06	3.55	B	0.008728224330107103	1
1030	25.09649999999949	-0.4714999999999528	1.6744423563026295e-06	0.41	B	0.00011642249632144446	1
1031	25.025499999999496	-0.4944999999999505	0.0007978767617499296	3.63	B	0.00912604159296872	1
1032	25.415166666666128	0.4024999999999597	0.0003169087262442267	9.73	A	0.00036265103788020556	1
1033	25.36916666666613	-0.31949999999996803	0.0013417012571119303	8.77	A	0.0028639248600875068	1
1034	25.367499999999463	-0.07616666666665904	0.0002704190455817312	5.58	B	0.004305262496705863	1
1035	25.324833333332798	-0.05849999999999414	0.0009765966761907505	9.53	B	0.012557900550065953	1
1036	25.349166666666132	-0.5361666666666131	0.0003952898071139612	3.7	A	0.00021427543579659065	2
1037	25.363499999999462	-0.35583333333329775	8.228972479905512e-05	3.58	A	0.0003029008277308311	1
1038	25.253166666666143	-0.2258333333333107	0.0009568656371801779	3.84375	B	0.011507919637952486	4
1039	25.24383333333281	-0.24849999999997513	0.000895661725858427	9.79	B	0.07465380325108116	1
1040	25.189499999999484	-0.3541666666666312	0.002310871680075802	3.8825000000000003	A	0.011741118817250285	4
1041	25.288833333332807	0.6868333333332646	0.00014710076639098	3.01	A	1.9750552050897785e-05	1
1042	25.25716666666614	-0.6774999999999323	0.0023667916527081523	9.425	A	0.0026400694187947485	2
1043	25.217833333332813	0.42916666666662373	0.00023870204290888562	2.89	A	0.0010433142500536501	1
1044	25.182499999999482	0.486166666666618	0.00023205755039346816	3.0	A	0.0011242475844976535	1
1045	25.259833333332807	-0.17283333333331605	7.334413740216217e-05	3.82	A	0.0002482859954394927	1
1046	25.20016666666615	0.18783333333331453	0.003048041283325226	9.59	B	0.017619797307084784	1
1047	25.184499999999485	0.17383333333331594	0.0002072194775254096	5.35	A	0.005483669320362542	1
1048	25.199499999999478	0.7411666666665925	0.0005799460172386848	2.915	A	0.0002741483073239294	4
1049	25.18449999999948	0.15849999999998415	0.0003682467197601934	9.51	A	0.0010454936578154995	1
1050	25.131166666666154	-0.05016666666666165	0.002919694608231703	9.8	A	0.01162419110235948	1
1051	25.105166666666157	-0.027499999999997252	0.0022707339308856403	9.705	A	0.011399916471914927	2
1052	25.09949999999949	0.004499999999999546	0.0016913452844938676	5.68	B	0.0039048761247476287	2
1053	25.071499999999492	0.06349999999999364	0.0004653476505601531	9.4	B	0.010694643125827605	1
1054	24.9944999999995	0.02249999999999775	0.001841715939838908	5.720000000000001	A	0.00396006803585421	2
1055	25.007833333332833	-0.02249999999999775	0.001533613745424072	5.665	A	0.0038842790118692036	2
1056	25.128833333332818	0.2824999999999717	0.000637779809607405	3.37	A	0.00041704207741122013	1
1057	25.085833333332825	-0.12216666666665443	0.0014363117626424078	5.025	A	0.0015579450483534489	2
1058	25.068833333332826	0.18916666666664772	4.956784916642595e-05	2.73	B	0.000386204087355413	1
1059	25.07016666666616	0.17149999999998283	0.0001350110814650646	3.46	B	0.0006203599742629129	1
1060	25.07649999999949	-0.23283333333331005	0.00013610593874911696	3.08	A	0.004685830833070851	1
1061	25.05216666666616	-0.21016666666664563	0.0029524473887175898	3.1185714285714283	A	0.004803928823316553	7
1062	24.989166666666165	-0.13449999999998655	0.0007463797034481623	4.59	A	0.010406640303404874	1
1063	24.81149999999952	-0.12349999999998765	0.00045430614909876656	3.2	A	0.005058073424127754	1
1064	25.03283333333283	-0.6374999999999362	1.4968494867147548e-05	3.57	B	0.0012428216663070988	1
1065	25.008833333332834	-0.669499999999933	0.0001846329139152337	2.59	B	0.0006541418151381846	1
1066	24.991833333332835	-0.6878333333332646	0.00017543766174261981	3.57	B	0.0012428216663070988	1
1067	25.023166666666164	0.6091666666666057	0.00033896439144589304	9.41	A	0.00037426458477680334	1
1068	24.977166666666168	-0.9564999999999043	0.00029632509087729934	2.87	A	0.00018961945939420042	2
1069	24.93049999999951	0.15883333333331745	0.001632920394460596	9.78	A	0.0018843610104200292	1
1070	24.907166666666175	0.876166666666579	0.00010436436495826377	2.8	A	4.3675361383620604e-05	1
1071	24.833166666666184	-0.3431666666666323	0.008781454114675727	9.99	A	0.014499955403443307	1
1072	24.80849999999952	0.609499999999939	0.0003144782535752918	2.81	A	-0.00017194169441041575	2
1073	24.791833333332853	0.10183333333332314	0.0006554875424371402	5.8	A	0.008901228457162255	1
1074	24.769166666666187	0.15649999999998435	0.00025624435832576265	5.77	A	0.0017616412282221712	1
1075	24.705166666666198	-0.44549999999995543	0.0008092740042342018	3.78	A	0.0006885257845702159	1
1076	24.62783333333287	0.13316666666665333	0.0015320645099446697	3.3825	B	0.004514754922981101	2
1077	24.648499999999537	0.09116666666665754	0.00042369329927976996	5.78	A	0.013182999831765001	1
1078	24.688833333332866	0.38883333333329445	0.00017359324286607628	9.3	B	0.012600125248211795	1
1079	24.646499999999538	0.35783333333329753	0.0018461291889173097	9.336666666666666	B	0.012699676937281855	3
1080	24.634499999999537	0.39549999999996044	0.0002772452078647437	2.98	B	0.0012937235779190656	1
1081	24.672833333332864	0.6834999999999316	0.00010310549082455667	2.76	A	0.0001735411796557381	1
1082	24.664833333332865	0.6534999999999346	0.0001403358806096679	2.76	A	0.0001735411796557381	1
1083	24.637833333332868	-0.3328333333333	2.0902982731279668e-05	2.2	B	0.0015827692245969623	1
1084	24.577833333332872	-0.34016666666663264	5.949814520376783e-05	2.2	B	0.0015827692245969623	2
1085	24.591166666666204	-0.3748333333332958	8.054856276622423e-05	2.2	A	0.0015827692245969623	1
1086	24.55649999999954	-0.33883333333329946	4.672045983511725e-05	2.2	B	0.0015827692245969623	1
1087	24.55816666666621	-0.31249999999996875	1.4120980497149743e-05	2.2	B	0.0015827692245969623	1
1088	24.55949999999954	-0.3664999999999633	3.9578061346999745e-05	2.2	B	0.0015827692245969623	1
1089	24.6411666666662	-0.11916666666665475	0.0011736601886326455	9.21	A	0.01278127393488471	1
1090	24.594166666666208	-0.5024999999999497	0.0004828368386682366	3.78	B	0.012898632625661897	2
1091	24.55983333333288	-0.49549999999995037	9.245534388553059e-05	3.21	B	0.009301867279617224	1
1092	24.53683333333288	-0.6121666666666054	0.0006172353277328342	3.83	B	0.013242123129431693	1
1093	24.544499999999548	-0.5224999999999477	0.00015664147841009798	3.7800000000000002	B	0.012898632625661897	2
1094	24.536166666666215	-0.548499999999945	0.00042071512076695687	3.81	B	0.013104185287181956	1
1095	24.497166666666217	-0.5071666666666159	0.0001414050254757799	3.86	B	0.013450383994660843	1
1096	24.437166666666226	-0.49183333333328405	0.00047730593199276765	3.85	B	0.01338078315933719	1
1097	24.411833333332893	-0.5431666666666123	0.0002846635653657944	3.76	B	0.012762500252551552	2
1098	24.44183333333289	-0.5068333333332826	4.8456015553568875e-05	2.96	B	0.007909399205859247	1
1099	24.424166666666224	-0.43783333333328944	0.0005063692975826236	3.83	A	0.013242123129431693	1
1100	24.41449999999956	-0.5084999999999491	0.0014362838849023083	2.9450000000000003	A	0.007829439491348317	2
1101	24.259499999999576	-0.6364999999999362	0.0005416233139788241	3.67	A	0.012158841645795017	2
1102	24.286499999999574	-0.6468333333332685	7.750195838086825e-05	3.83	A	0.013242123129431693	1
1103	24.61383333333287	-0.8611666666665805	0.00029291306811209496	3.18	A	5.6472453706629996e-05	1
1104	24.594166666666204	-0.24283333333330903	0.0002987668106983003	3.05	A	0.000254869280560973	1
1105	24.574833333332872	-0.09049999999999095	0.00032367002363233374	3.46	A	0.0006115606671680889	1
1106	24.575833333332877	-0.7954999999999204	0.000622321069895665	3.21	A	0.003724340520454417	2
1107	24.482499999999554	-0.7464999999999253	0.001190192083329597	3.19	A	0.003678075869818441	1
1108	24.455499999999557	-0.746166666666592	4.184745570898947e-05	3.14	A	0.003563679292269327	1
1109	24.563833333332877	0.5841666666666082	0.0019697927293139215	9.53	A	0.027904273082467422	1
1110	24.529499999999548	0.5134999999999487	0.007478359348081198	9.5	A	0.027728866876376306	3
1111	24.560166666666213	0.4701666666666196	0.003112304581842255	9.64	A	0.008047626779615855	1
1112	24.542499999999546	-0.19283333333331404	0.000708537565428908	2.936666666666667	A	0.0016625165933353105	3
1113	24.526166666666214	0.3424999999999658	0.00027996507317482446	5.82	B	0.02432688654527957	1
1114	24.501166666666215	0.32383333333330094	0.001208022922212582	5.82	B	0.02432688654527957	1
1115	24.441166666666224	0.41149999999995884	0.0022006391452157117	9.16	B	0.06026033028995907	1
1116	24.431499999999556	0.36083333333329726	0.004059813438433617	9.71	B	0.06771408591430764	1
1117	24.465499999999555	-0.05016666666666165	0.0002229051968151552	5.84	B	0.0043484225453598625	1
1118	24.452166666666223	-0.04649999999999535	3.210802990071171e-05	3.08	B	0.0012095044694801383	1
1119	24.40683333333289	0.48816666666661784	0.0011055214213925573	9.74	B	0.02311759520782915	1
1120	24.41483333333289	0.5301666666666136	0.0001119525478343148	5.4175	B	0.007151918900848238	1
1121	24.39149999999956	0.5411666666666125	0.0007781049753204861	5.4175	B	0.007151918900848238	1
1122	24.428166666666222	-0.2501666666666416	0.00026923189666568705	3.69	B	0.009311359597495229	1
1123	24.424499999999554	-0.25383333333330793	2.0235430579007218e-05	9.9	B	0.06702406372973961	1
1124	24.38549999999956	-0.25316666666664134	0.0012399551792500532	3.4966666666666666	A	0.008361204270796539	3
1125	24.35816666666623	-0.18349999999998162	0.0007888761711566864	3.5722222222222224	B	0.00872644392704861	2
1126	24.332499999999563	-0.14549999999998542	0.0012470004499473726	9.16	B	0.05737878054976064	1
1127	24.43149999999956	-0.37216666666662945	4.002036584052996e-05	2.2	A	6.284643245372755e-05	1
1128	24.399166666666225	0.43849999999995615	0.0003305638082325206	5.5125	B	0.005575493709292713	2
1129	24.40549999999956	-0.7654999999999235	4.326106533803419e-06	3.63	A	-7.764024781465337e-05	1
1130	24.382833333332893	0.3144999999999685	0.0011652181257075286	9.14	A	0.0022869306556834415	1
1131	24.332499999999566	0.13583333333331973	0.0008442803862990163	9.23	B	0.08062154118085124	1
1132	24.3308333333329	0.04616666666666205	0.001134655851029847	5.951666666666667	B	0.03352161188906468	3
1133	24.3318333333329	0.03783333333332954	4.157293584413294e-05	9.11	B	0.07853883372716886	1
1134	24.286833333332904	0.19616666666664703	0.0006807455539040015	5.951666666666667	B	0.03352161188906468	1
1135	24.3098333333329	0.14449999999998553	0.00012792453434582065	5.951666666666667	B	0.03352161188906468	1
1136	24.28449999999957	0.2554999999999744	0.00026873932535255993	5.985833333333334	B	0.033907590900243076	1
1137	24.3018333333329	0.13449999999998655	4.819649747611987e-05	5.951666666666667	B	0.03352161188906468	1
1138	24.252499999999575	0.08716666666665794	0.0007197902489713029	5.4	A	0.02759530595664219	1
1139	24.234499999999574	0.19283333333331404	0.003275212176376563	9.223333333333334	A	0.08050512019794015	3
1140	24.278166666666237	0.24616666666664203	0.00014859498760475047	9.26	B	0.08114647657914167	1
1141	24.27016666666624	0.18849999999998115	0.00014827422140014954	9.25	B	0.08097130884482842	1
1142	24.353833333332897	-0.7244999999999275	0.00011477351450255328	3.7	A	0.0001030407646879099	1
1143	24.28749999999957	-0.9804999999999019	0.0012301473038918097	3.2380000000000004	A	0.0006129416067671056	5
1144	24.269833333332905	0.5931666666666073	4.879015818600024e-05	0.77	A	2.2943119646619683e-05	1
1145	24.268833333332907	-0.01749999999999825	0.0012892496308787788	4.975	A	0.0023869822867108263	2
1146	24.248166666666243	-0.08849999999999114	0.0005458359644007729	3.39	A	0.001004114698346018	1
1147	24.26016666666624	-0.8094999999999191	0.0002623279042934552	2.955	A	0.00015816806943262898	2
1148	24.205166666666244	0.4251666666666241	0.0005137531016528202	9.65	A	0.0003724487217615063	1
1149	24.206833333332913	0.03916666666666275	0.0009189364946819369	9.36	A	0.020469876136539746	1
1150	24.187166666666247	-0.04649999999999535	0.0059092772526212565	9.8	A	0.022439628809551443	1
1151	24.17416666666625	0.04983333333332835	0.0007637210906200591	3.4066666666666667	A	0.0027115823566008983	3
1152	24.146499999999588	0.11749999999998822	0.0011057556694806627	9.26	A	0.020034822108599463	1
1153	24.114166666666254	-0.6618333333332671	0.0027301958185764275	4.83	A	0.0018209769483523638	1
1154	24.14416666666625	-0.7878333333332544	9.137309539341078e-05	2.98	B	0.0002533136321243329	1
1155	24.137499999999587	-0.8038333333332529	0.00044711368673770697	3.57	B	0.0003635485912865873	1
1156	24.144499999999585	0.37749999999996225	0.000723315753233147	5.21	A	0.002268004768949385	1
1157	24.168499999999582	-0.18816666666664786	0.001956440957555912	4.69	A	0.002338107858458447	1
1158	24.041499999999594	-0.22949999999997706	0.0007283059995271938	4.66	A	0.0023082916976709623	1
1159	24.09549999999959	0.3101666666666356	0.0033418328447219845	5.15	A	0.002506581873835331	1
1160	24.112166666666255	0.008833333333332444	0.00014925996269365152	9.77	A	0.03394707803203857	1
1161	24.10749999999959	-0.03616666666666305	0.0016333565213128534	3.54	A	0.004456765620178063	1
1162	24.103833333332922	-0.12316666666665434	0.0006306383317408226	4.68	A	0.001104319738978452	1
1163	23.989166666666268	0.13583333333331976	0.0008552885863823584	4.633333333333334	B	0.006029049185446491	6
1164	24.064833333332928	0.4431666666666223	0.005469564340528664	5.21	A	0.011735928440958844	1
1165	23.997833333332935	0.37683333333329566	0.0007271902133340831	4.890000000000001	A	0.0013405451368991052	2
1166	23.968166666666267	-0.30583333333330276	0.00020998331402157265	4.33	A	0.008541412584170991	1
1167	23.953499999999604	-0.32716666666663397	0.0007072005815972758	4.32	A	0.008502005888923228	1
1168	23.889166666666277	-0.19783333333331357	0.0009143403295746216	4.68	B	0.009978048577972397	1
1169	23.887833333332942	-0.18216666666664846	4.168663704138579e-06	3.563333333333333	B	0.0057845130980127574	1
1170	23.861833333332946	-0.33916666666663275	0.0006103439373832587	3.563333333333333	A	0.0057845130980127574	1
1171	23.876499999999613	0.06449999999999355	0.00034608579976300446	3.49	B	0.0011020503819069761	1
1172	23.885499999999613	0.05816666666666085	9.19337606777181e-06	2.77	B	0.0006942408005955646	1
1173	23.85583333333295	0.10483333333332284	0.0002732262562138338	4.6	A	0.0019145479988794518	1
1174	23.853499999999613	0.53283333333328	0.0004558708655527516	9.97	B	0.01279608939181774	1
1175	23.821166666666283	0.5024999999999498	4.4498691391319765e-05	9.98	B	0.012821771451373212	1
1176	23.852499999999615	-0.5688333333332765	0.00019499978797707758	3.88	A	0.00012818374591579983	1
1177	23.851833333332948	0.47216666666661944	0.0013680662403660045	9.83	A	0.0011881168383389069	1
1178	23.826166666666282	-0.6754999999999324	0.0008308785655604715	3.7699999999999996	A	0.00045848291947901476	3
1179	23.78649999999962	-0.8341666666665832	0.0012055745245760257	4.636666666666667	A	0.0001770971680076837	3
1180	23.788166666666285	0.14783333333331855	0.001691601910454559	4.640000000000001	A	0.004789010544098972	3
1181	23.73183333333296	0.23749999999997623	0.0006287465296246314	4.6049999999999995	B	0.004055280258112642	1
1182	23.70849999999963	0.26883333333330645	0.00030269040998907735	9.3	B	0.016539695182108034	1
1183	23.680499999999633	0.24383333333330895	0.0005366595664387407	4.6049999999999995	B	0.004055280258112642	1
1184	23.762499999999623	-0.16983333333331635	0.0007565139503250376	4.68	A	0.0013213207304654487	1
1185	23.73583333333296	-0.01616666666666505	0.00035422756102024543	4.69	A	0.00027798235617970966	1
1186	23.716166666666297	-0.8404999999999159	0.00017606458706961533	3.95	A	9.130556331617236e-05	1
1187	23.707166666666296	-0.5058333333332827	0.0006305008721147527	3.98	A	0.0006411608471329024	1
1188	23.70449999999963	-0.8168333333332516	0.00019774760396620652	3.89	A	0.00013508574576849965	1
1189	23.357833333332998	-0.16249999999998374	0.002610400021165788	5.345	B	0.024337452416181498	1
1190	23.664499999999634	0.15816666666665083	0.002095193364047812	4.92	A	0.003707882337456189	1
1191	23.665833333332966	-0.16649999999998333	0.0005417153730861857	3.2	A	0.001532325400655008	2
1192	23.583499999999642	-0.17649999999998234	0.00023091304960851314	4.93	A	0.00020832101211122495	1
1193	23.57149999999964	0.31683333333330166	0.000632490734639939	4.98	A	0.0007020509111931532	1
1194	23.537166666666312	-0.7748333333332559	0.000938421457600861	4.26	A	0.0008108132581649447	1
1195	23.509499999999647	-0.7364999999999263	8.220049626445122e-06	3.86	A	0.0006656964679271315	1
1196	23.49649999999965	-0.5801666666666087	0.001173712482643564	4.48	B	0.008597573004337195	1
1197	23.48549999999965	-0.48316666666661834	0.00011644992705663431	3.96	B	0.006717539302894517	1
1198	23.46549999999965	-0.45983333333328735	0.00016643595197076918	3.9	B	0.006515519640663301	1
1199	23.475833333332986	-0.49749999999995026	5.49379059980146e-05	4.46	B	0.008520980307969633	1
1200	23.37949999999966	-0.5544999999999446	0.001716583288895437	3.9233333333333333	B	0.006593716347637118	3
1201	23.47116666666632	0.03516666666666315	0.002820636923096985	4.87	A	0.007511804381348662	2
1202	23.50983333333298	-0.2558333333333077	7.93833889508435e-05	3.71	A	0.00019588076967949223	1
1203	23.474833333332985	-0.06549999999999345	0.0017200787600797044	4.645	A	0.004786122778452532	2
1204	23.397833333332994	-0.8014999999999198	0.0008762074382521395	3.92	A	0.0005495932690862925	2
1205	23.44683333333299	0.42749999999995725	0.00010312630228667651	5.73	A	0.00029274934133137037	1
1206	23.369166666666327	-0.306166666666636	0.00229415518218781	5.52	B	0.0318542821813431	3
1207	23.36349999999966	-0.2658333333333067	8.779857785025915e-05	9.82	B	0.10081209570678923	1
1208	23.303166666666336	-0.25383333333330793	0.0008205142205468871	4.594722222222222	B	0.022070297596623125	1
1209	23.295833333333004	-0.22216666666664442	0.000920228343651336	4.59	A	0.022024955446097016	2
1210	23.311166666666335	-0.3331666666666333	0.00040364755132538235	4.594722222222222	B	0.022070297596623125	1
1211	23.287833333333	-0.28683333333330463	3.0244883652895353e-05	3.9050000000000002	B	0.01594159398433744	1
1212	23.277166666666336	-0.2768333333333056	6.609558948061227e-05	4.594722222222222	B	0.022070297596623125	1
1213	23.256833333333006	-0.24916666666664172	1.2232145777706823e-05	3.9050000000000002	B	0.01594159398433744	1
1214	23.384833333332995	-0.34683333333329863	0.0014562716371496359	9.8	A	0.002291837772933396	1
1215	23.390166666666328	0.15016666666665165	0.0010111955227943294	4.45	A	0.0025934217975799104	1
1216	23.382499999999663	0.27749999999997227	0.00012906728415411998	4.59	A	0.00014270000037466094	1
1217	23.36016666666633	0.08949999999999105	0.00041911201168723703	4.84	A	0.0003827345288783443	1
1218	23.358833333333	-0.436166666666623	0.0009861033766595578	3.86	A	0.0005470931761615947	1
1219	23.326833333333003	0.04949999999999505	3.102816114756805e-05	4.7	B	0.01167691573548199	1
1220	23.317166666666335	0.030166666666663646	6.8744402178687e-05	4.74	B	0.011876517518266872	1
1221	23.297833333333003	0.051166666666661545	3.970037404110288e-05	3.54	B	0.006624284166173206	1
1222	23.27349999999967	0.06616666666666005	0.0006020203293418554	4.56	A	0.010991630377425003	1
1223	23.26916666666634	0.16949999999998303	0.004021256188645196	9.46	A	0.04730583396258308	1
1224	23.19449999999968	-0.023833333333330948	0.0012970060893652028	4.513333333333333	A	0.010767806673965544	3
1225	23.230166666666346	0.15216666666665143	0.00019951948125040205	4.59	A	0.011136732838692083	1
1226	23.333499999999667	-0.08516666666665815	0.001720997036568623	5.25	A	0.012176710847185745	3
1227	23.328833333333	-0.6998333333332633	0.0001335216241292758	4.04	A	0.0001466350776239101	1
1228	23.312833333333003	-0.7178333333332615	0.000548008261283278	3.9	A	0.00013664833905129844	1
1229	23.311499999999672	-0.7331666666665932	4.811713679718743e-05	3.97	A	0.0001415976861902439	1
1230	23.276166666666338	-0.4424999999999557	0.005403994625803566	4.51375	A	0.014867126829200121	8
1231	23.24716666666634	-0.07883333333332544	0.0008089155751318183	5.18	A	0.001129870859768609	1
1232	23.205166666666347	-0.5974999999999402	0.001832412754378778	3.884285714285714	A	0.002891952915867476	7
1233	23.18916666666635	-0.676166666666599	0.0018524745305793773	4.01	A	0.0030821773739095736	1
1234	23.227499999999676	-0.7371666666665929	0.0002571381403587242	4.29	A	0.00022708040821445	2
1235	23.223499999999678	-0.17783333333331555	8.119005049820454e-05	5.26	B	0.0008985596318796456	1
1236	23.210166666666346	-0.17449999999998256	2.1270825188862026e-05	4.6	B	0.0006872125450192028	1
1237	23.223499999999678	0.09716666666665695	0.0003843323421524901	9.62	A	0.0012335387083928073	1
1238	23.116166666666352	-0.5431666666666123	0.0016972973301676128	3.64	A	0.0036105420332954202	1
1239	23.143499999999683	0.10249999999998974	0.0007257353276685862	3.9766666666666666	A	0.014950144739233723	3
1240	23.089833333333022	0.14449999999998556	0.0022315309714524157	9.79	A	0.09060922232591989	2
1241	23.074833333333025	0.22216666666664445	0.0017324092875531684	4.49	B	0.01905898206580038	3
1242	23.046166666666362	0.0044999999999995495	0.0016640291925776754	5.16	A	0.02517134502761269	1
1243	23.036499999999695	0.06549999999999345	0.008610508976438582	9.813333333333333	A	0.09104165024856734	3
1244	23.059499999999694	0.20083333333331324	0.0008755865744733341	9.65	B	0.08803627250968477	1
1245	22.951833333333038	0.12349999999998763	0.010370551560044301	9.67	A	0.08840156785396505	2
1246	23.136166666666355	0.6981666666665969	7.410356690673545e-05	2.61	A	-1.294448117161478e-06	1
1247	23.105833333333024	-0.09516666666665714	0.00034791942062894414	4.25	B	0.004669611569410688	1
1248	23.07749999999969	-0.08883333333332444	0.00022164857008107852	9.7	B	0.024324636820254757	1
1249	23.101833333333026	-0.8314999999999169	0.0001447776443700319	3.6950000000000003	A	0.00016195823167210568	2
1250	23.08349999999969	-0.22516666666664414	0.0006953280459067656	4.76	A	0.0006687564062657554	1
1251	23.010166666666365	-0.23949999999997604	0.0010992301574832396	4.51	A	0.0025512491405953416	1
1252	23.0144999999997	-0.4151666666666251	4.927383074052887e-05	4.6	A	0.002145007956243515	1
1253	22.969833333333035	0.0018333333333331499	0.0013583141509346584	4.62	A	0.003258746487101528	1
1254	22.987166666666365	0.20783333333331255	0.0035865327183181995	9.58	A	0.008896713084934626	1
1255	22.955833333333036	-0.13116666666665355	0.000389884285030042	4.07	A	0.0011414618549388236	2
1256	22.941499999999706	-0.21683333333331165	0.0017773615400670706	4.05	A	0.0063794389912761726	5
1257	22.896166666666375	-0.5174999999999482	0.007292750497834456	4.544444444444444	A	0.021423797967642426	9
1258	22.893499999999708	-0.449499999999955	0.00024284708552529548	4.49	A	0.020913539889171467	1
1259	22.94316666666637	-0.2608333333333072	0.00021843217397671635	4.45	A	0.0012237937032474342	1
1260	22.903833333333043	-0.12449999999998754	0.0011248891485743746	4.86	A	0.001824602528758245	1
1261	22.884166666666378	0.3924999999999607	0.00027193531331202677	9.34	B	0.025540822135441267	1
1262	22.856499999999713	0.40183333333329313	0.0005354881054984493	5.966666666666667	B	0.010423286441693195	1
1263	22.84383333333305	0.4031666666666263	0.00011184774880145243	9.35	B	0.02559554268137795	1
1264	22.82683333333305	0.3858333333332947	9.712047998014179e-05	5.966666666666667	B	0.010423286441693195	1
1265	22.81083333333305	0.38983333333329434	0.0008221341204305019	9.4	B	0.025870023750482498	1
1266	22.803166666666385	0.35049999999996495	0.0008423156662187314	5.96	B	0.01040000719392416	1
1267	22.800833333333053	0.4078333333332925	3.7507817730935325e-05	5.18	B	0.007855984894550094	1
1268	22.76516666666639	0.37416666666662923	4.087743741284166e-05	5.96	B	0.01040000719392416	1
1269	22.82949999999972	-0.5758333333332757	0.00027782201922615495	4.1	A	0.00027362109487792164	1
1270	22.663166666666402	-0.12883333333332045	0.020343855518540628	9.66	A	0.06274584480035562	1
1271	22.78616666666639	-0.12716666666665394	0.0005563866111057998	4.05	A	0.011029117525235147	1
1272	22.74149999999973	0.07549999999999245	0.002541419485909479	4.615	A	0.004130708312551098	2
1273	22.644499999999738	0.055833333333327746	0.0016736624153840952	4.545	A	0.0040063500540573616	2
1274	22.707833333333063	0.35549999999996446	0.0038657972532139062	6.061999999999999	A	0.006077033771791223	5
1275	22.68649999999973	-0.48183333333328515	0.002087128753921408	4.57	A	0.012329652278080366	1
1276	22.62249999999974	-0.6134999999999386	0.0019239004777467398	4.3475	A	0.002962155328626697	4
1277	22.606499999999738	-0.6174999999999382	1.3635772332361579e-05	4.38	A	0.003006608409465415	1
1278	22.56416666666641	-0.27449999999997254	0.005911288257694907	4.57625	A	0.02072861766239338	8
1279	22.58949999999974	-0.06749999999999325	0.0026581754195259505	4.28	A	0.010091179735386861	1
1280	22.512166666666413	-0.07883333333332544	0.005605197161293767	9.754999999999999	A	0.052421440513303934	2
1281	22.57616666666641	-0.7938333333332539	0.0004210291881806489	3.7350000000000003	A	0.00021621531323731593	2
1282	22.558499999999743	-0.5534999999999446	0.0016969738345909305	4.56	A	0.006365401452912708	1
1283	22.512166666666417	-0.5721666666666094	0.0002870873471131038	4.495	A	0.00618522504478001	2
1284	22.552499999999746	-0.6661666666666001	0.00035890752096432306	4.3	A	0.00069631123382804	1
1285	22.483166666666417	0.27049999999997293	0.0012355996948857863	3.76	A	0.0076777009050044125	1
1286	22.41383333333309	0.3038333333333029	0.0017368789720855428	4.876666666666666	A	0.012915215067419418	3
1287	22.391833333333093	0.2948333333333038	9.522561694777371e-05	4.83	A	0.012669216602730128	1
1288	22.38549999999976	0.3538333333332979	0.0010312363573347645	4.88	B	0.012932876897927307	2
1289	22.372833333333094	0.4304999999999569	0.0003528057275670259	3.815	B	0.007903957280877791	1
1290	22.3078333333331	0.4434999999999556	0.0005352676676547478	3.815	B	0.007903957280877791	1
1291	22.322166666666433	0.4321666666666234	9.598842025950302e-05	3.76	A	0.0076777009050044125	1
1292	22.464833333333086	-0.7521666666665915	2.4584197602668563e-05	3.42	B	0.0003752332181651445	1
1293	22.462499999999753	-0.7858333333332548	7.47409842730598e-05	4.22	B	0.0005713128178219075	1
1294	22.44916666666642	-0.7681666666665898	0.00022033062589118163	4.25	B	0.000579464621858685	2
1295	22.407166666666427	-0.7568333333332576	1.4292393457756891e-05	4.23	B	0.0005740236696169007	1
1296	22.396166666666428	-0.7758333333332558	0.0003737521934383923	4.223333333333334	A	0.0005722157221738757	3
1297	22.468499999999754	0.4811666666666185	0.0005312457129837745	3.87	A	0.00033130775298354897	1
1298	22.455833333333086	-0.02116666666666455	5.694457392778675e-05	9.46	B	0.03976482854808008	1
1299	22.44716666666642	-0.017499999999998253	1.8905430181638825e-05	6.022500000000001	B	0.016116489842435685	1
1300	22.394166666666425	-0.04249999999999575	0.0015558923514421457	6.022500000000001	B	0.016116489842435685	2
1301	22.39449999999976	-0.06716666666665995	0.0011919912983348994	9.47	B	0.039848942387190694	1
1302	22.3358333333331	-0.6758333333332657	0.0016428935137276334	3.4333333333333336	A	0.002954162036550642	3
1303	22.25983333333311	-0.6921666666665974	0.0002542427609221748	3.45	A	0.002982912835897786	1
1304	22.13683333333312	-0.7068333333332626	0.0010782800342120106	3.3625	A	0.0028335244134425493	4
1305	22.11249999999979	-0.7188333333332614	1.7531164050066268e-05	3.55	A	0.0031583414420837505	1
1306	22.236166666666442	-0.01949999999999805	0.0018462773948066298	5.03	A	0.005066304310191021	3
1307	22.17716666666645	0.25283333333330804	0.0007569683081914051	3.53	A	0.001797608623605663	1
1308	22.18949999999978	-0.09983333333332335	0.0002887127513110096	3.64	A	0.0005003210981193529	1
1309	22.15983333333312	-0.14083333333331924	0.0008643884097960384	3.9850000000000003	A	0.00044702704015345886	2
1310	22.119166666666455	-0.8408333333332492	0.0008158790965171524	4.248333333333333	B	0.003510969664802607	2
1311	22.11349999999979	-0.7991666666665866	0.0009875864289063997	4.35	B	0.0036810220661464233	1
1312	22.084833333333126	-0.8608333333332472	0.00027098230549192035	4.248333333333333	B	0.003510969664802607	1
1313	22.086833333333125	-0.7538333333332579	0.00021154322428960107	3.57	A	0.0024792843509488472	1
1314	22.08416666666646	-0.8701666666665796	9.99995568282853e-05	4.248333333333333	B	0.003510969664802607	2
1315	21.962166666666473	-0.7998333333332532	0.0024566916629366964	4.42	A	0.003800444946125671	1
1316	22.085833333333124	-0.5118333333332821	0.0009830718907752095	3.53	A	0.000943792946999653	3
1317	22.046166666666462	0.15549999999998443	0.0010382863579508645	3.443333333333334	A	0.002530180602215185	3
1318	22.02583333333313	-0.5948333333332738	0.0011956169506504553	3.61	A	0.0019754594065475653	3
1319	21.984833333333135	0.3144999999999685	0.0015405295093134117	3.4075	A	0.0009494808747375026	4
1320	22.026499999999796	-0.6684999999999331	4.8874076900513464e-05	3.57	A	0.0008920633684397135	1
1321	21.957833333333138	0.10749999999998924	0.0006726777715632415	3.39	A	0.0007431515704491591	1
1322	21.96816666666647	-0.10449999999998955	0.0001919743927488062	4.24	A	0.0003535194252602924	1
1323	21.902833333333145	0.21083333333331225	0.000640938287447888	4.53	B	0.0026226628071418347	1
1324	21.877499999999813	0.19583333333331374	0.0008997011393383519	9.74	B	0.012124503609627682	1
1325	21.89849999999981	-0.352833333333298	0.0001477821705127216	4.79	A	0.00044956828567513303	1
1326	21.88516666666648	-0.619499999999938	0.0011119196757397626	3.65	A	0.0011707201392990951	1
1327	21.879833333333146	0.6018333333332732	0.0001411559046113852	2.25	A	7.02658375119723e-05	1
1328	21.86016666666648	-0.31249999999996875	0.001606137309920849	4.68	A	0.003766543405751999	1
1329	21.86416666666648	0.14716666666665193	0.00014075101729091877	4.45	A	0.0005543854911308526	1
1330	21.856499999999812	-0.08349999999999165	0.0012556480321532714	6.2	A	0.003947646638434214	1
1331	21.833166666666482	0.13549999999998644	0.0034286295077860687	9.719999999999999	A	0.0032744285435148783	2
1332	21.77716666666649	-0.5401666666666126	0.0004905412711882676	3.6	A	0.00020859633795027637	1
1333	21.733833333333163	-0.33049999999996693	0.0002538203448999824	4.41	A	0.0016407594789582516	1
1334	21.670499999999834	0.08216666666665845	0.0011160906321600738	3.49	A	0.0015719170260366203	1
1335	21.617499999999836	0.09249999999999074	0.0011643409828934268	9.35	A	-0.0030609560012341604	1
1336	21.59883333333317	0.11283333333332204	0.00013609961150684414	9.37	A	-0.003074065005516377	1
1337	21.59449999999984	-0.16783333333331654	0.0008108190481567531	6.22	A	0.0013590387338669962	1
1338	21.542166666666514	-0.06883333333332645	0.004800207883093826	9.54	A	0.01689319774445133	2
1339	21.54183333333318	-0.08649999999999133	0.0002349871444586081	9.31	B	0.016088460119565398	1
1340	21.54683333333318	-0.09883333333332345	8.670262665120597e-05	6.23	B	0.007204290384254482	1
1341	21.54783333333318	-0.10883333333332243	3.366293259682267e-05	4.46	B	0.003692196733751831	1
1342	21.489833333333184	-0.14716666666665193	0.0009581793062814167	4.45	A	0.0036756583593135113	1
1343	21.574499999999844	-0.6741666666665992	0.0018212990723553996	4.48	A	0.0007275017513231835	1
1344	21.53983333333318	-0.00283333333333305	0.0007850015277295489	4.199999999999999	A	0.0011792418998033114	2
1345	21.562499999999844	0.20416666666664623	0.0009064998206454544	4.665	B	0.003070537848429368	1
1346	21.497833333333183	0.20949999999997904	0.0005856488237549369	4.665	B	0.003070537848429368	1
1347	21.44983333333319	0.17216666666664945	0.0020908497944742595	9.58	A	0.012949177291963163	1
1348	21.366166666666533	0.37883333333329544	0.0006157644479980867	3.21	A	0.0009296384718703699	1
1349	21.48549999999985	-0.042166666666662446	0.0009587541955069089	9.23	A	0.000997060505841885	1
1350	21.400833333333196	-0.09849999999999015	0.0009198851058196774	4.55	A	0.0008733250588696918	1
1351	21.38249999999986	-0.027499999999997245	0.0016203470780611958	4.5625	B	0.0054733726751152	2
1352	21.384833333333194	0.012833333333332052	0.00023958765070261907	9.95	B	0.02603127416712923	1
1353	21.3278333333332	-0.008499999999999147	0.0023667957088583285	9.92	B	0.025874538301559925	2
1354	21.221499999999878	-0.03149999999999685	0.0021432918933745274	4.545	B	0.005431465682707435	2
1355	21.416833333333194	-0.5711666666666095	0.001696507591487003	3.658	A	0.0024383592070125536	5
1356	21.3208333333332	-0.6374999999999362	0.0009253288912361601	3.66	A	0.002441026266377921	1
1357	21.38116666666653	0.20649999999997934	0.004357437958515575	9.5	A	0.004918606173917382	1
1358	21.29749999999987	-0.15983333333331734	0.0005505133049735042	4.18	A	-0.0016482186141958037	1
1359	21.321499999999865	-0.22749999999997725	0.00029115609169668387	4.24	A	0.00010707298488792474	1
1360	21.304833333333203	0.08783333333332455	0.001641291155586264	9.55	A	0.018034162143602078	1
1361	21.289833333333203	0.12416666666665424	7.748054919167807e-05	9.55	B	0.018034162143602078	1
1362	21.21349999999988	0.16716666666664992	0.00024374852784020518	2.085	B	0.0008596097752223955	2
1363	21.25983333333321	0.12249999999998774	0.0003463473155102103	9.55	B	0.018034162143602078	2
1364	21.217499999999877	0.11983333333332134	0.0011410816426037653	5.96	B	0.007023955417890687	1
1365	21.266499999999873	-0.17949999999998204	0.0024082342779585936	4.17	A	0.00201126928935743	4
1366	21.18849999999988	-0.23383333333330994	0.0022270712455028153	5.24	A	0.0027848123230944434	2
1367	21.10049999999989	0.14416666666665223	0.0005866565206028179	3.68	A	0.0017161312505214893	1
1368	21.153833333333218	-1.0268333333332307	0.00012720208427719856	3.81	A	0.00015002317944403553	1
1369	21.081833333333226	0.23349999999997664	0.005062194119350726	9.45	A	0.002198022940561446	1
1370	21.01883333333323	-0.20749999999997923	0.001970460352289744	5.125	A	0.0013157194213146278	2
1371	21.019499999999898	-0.35749999999996424	0.00020523918438723402	4.24	A	0.00019337365142812503	1
1372	20.9844999999999	0.11516666666665515	0.0005571276931647155	3.88	A	0.000955093162681896	1
1373	20.906499999999912	-0.20683333333331264	0.0008623148910350154	4.08	A	0.001879873665096538	2
1374	20.81083333333325	-0.2651666666666401	0.00027489192288073617	2.295	A	0.0001572734898288114	2
1375	20.840499999999913	0.41249999999995873	0.0011553007875593233	2.2916666666666665	A	0.00042124142750605545	6
1376	20.761499999999923	0.40683333333329263	0.0001348809868112773	2.28	A	0.00041696334134431334	1
1377	20.72083333333326	-0.41183333333329214	0.0023874318739762106	4.055	A	0.006334296585792204	6
1378	20.707833333333262	-0.6881666666665978	0.00015741240722226822	1.77	A	0.0002137986447155016	1
1379	20.704833333333262	-0.09316666666665735	0.000262564293503558	5.67	A	0.00038948512496030975	1
1380	20.609833333333274	-0.6924999999999307	0.0003471651455895775	3.95	A	0.00021635049246969125	1
1381	20.529166666666615	-0.03383333333332995	0.004159119393534736	9.4	A	0.0042528186574670454	1
1382	20.51783333333328	-0.7391666666665927	0.0006844195524263229	3.995	A	0.0007560061043972113	2
1383	20.375833333333293	-0.22316666666664434	0.0012512302672532452	4.4	B	0.0035408279247995927	1
1384	20.420166666666624	0.16583333333331673	0.0023263563109566757	6.21	A	0.003966155024407281	1
1385	20.36216666666663	-0.7458333333332587	0.001055473201724433	4.115	A	0.0011789134104299246	4
1386	20.299166666666636	-0.8761666666665789	0.0004399276314963771	4.25	A	-0.000177824754283335	2
1387	20.234166666666642	-0.852833333333248	9.130225796629458e-05	3.11	A	-9.522152558637199e-05	1
1388	20.23683333333331	0.03649999999999635	0.001479351235899969	4.46	A	0.0038578948927015244	1
1389	20.21883333333331	-0.6964999999999303	0.00040923860836846116	2.14	A	0.0008491750530814123	1
1390	20.164833333333316	-0.7508333333332582	0.0004519398268276558	2.96	A	0.0003105221297749085	2
1391	20.210166666666648	-1.0174999999998982	0.000513889018560891	3.08	A	0.0002615669367882218	2
1392	20.16516666666665	0.012833333333332048	0.0004833511195195692	9.16	A	0.00041625977999004254	1
1393	20.137499999999985	-0.8841666666665782	0.0012149229234196864	3.01	A	0.001243797883715817	2
1394	20.116166666666654	-0.8191666666665847	0.00022233463451087904	3.03	A	0.001260381672454669	1
1395	20.05549999999999	-0.7608333333332572	0.0007280010337153357	3.0066666666666664	A	0.001241044596494181	3
1396	19.997833333333332	-0.6621666666666004	0.0010732253433739438	4.25	A	0.0024796745372144846	1
1397	19.987833333333334	-0.6168333333332716	0.00013039856720236555	2.08	A	0.0005939412549649686	1
1398	20.044499999999996	-1.0281666666665639	0.0009393412404229203	3.05	A	0.0005466033347063558	5
1399	19.94483333333334	-0.11816666666665482	0.0008370155613929589	4.28	A	0.012278604621694066	1
1400	19.920500000000008	-0.22216666666664442	0.0016114673623620894	4.23	A	0.011993397056266366	1
1401	19.948166666666673	-0.342833333333299	0.003660434966702988	4.395	A	0.01294730073793334	6
1402	19.91683333333334	-0.06983333333332631	0.004031622413533472	9.57	A	0.061388264063312784	1
1403	19.955500000000004	-0.027833333333330545	0.004849698629868204	9.16	A	0.05624092103819185	1
1404	19.90850000000001	-0.5518333333332781	0.0021338665468261745	3.21	B	0.005545254250964646	2
1405	19.945500000000006	-0.41016666666662566	0.0010311434178830602	4.44	B	0.010609070583730425	1
1406	19.92083333333334	-0.6424999999999358	0.000773279957724575	2.0433333333333334	A	0.0022469315284754333	3
1407	19.85316666666668	-0.4448333333332889	0.0037375427277194263	4.45	A	0.010656913005961454	1
1408	19.767500000000023	-0.6358333333332697	1.3603623686804898e-05	2.08	A	0.0023282953379114573	1
1409	19.731166666666695	-0.710499999999929	0.00040862838893769424	2.01	A	0.0021742201356083754	1
1410	19.917500000000008	-0.8754999999999123	0.0011684392425733452	3.1683333333333334	A	0.0034667439328373477	6
1411	19.896833333333344	-0.7938333333332539	0.0013370257752695661	3.1733333333333333	A	0.003477694420147893	6
1412	19.86550000000001	-0.8154999999999184	0.0001527250203670322	3.25	A	0.003647764169807361	1
1413	19.872500000000013	-0.9058333333332427	5.435949167204772e-05	3.22	A	0.003580731646696393	1
1414	19.85383333333335	-0.9254999999999074	0.00016537116372607178	3.215	A	0.003569619995840671	2
1415	19.817500000000017	-0.7908333333332542	0.0003047591278103324	3.33	A	0.0038295566487646726	1
1416	19.820166666666687	-0.5341666666666133	0.0003028526857809461	2.08	A	0.0005010724305015594	1
1417	19.77450000000002	-0.7381666666665928	0.0009146470698393607	3.94	A	0.001003845133229589	1
1418	19.780833333333355	0.33949999999996605	0.00010427061048572944	5.05	B	0.005034660679436262	1
1419	19.771500000000024	0.33249999999996677	6.351161086417929e-06	2.5749999999999997	B	0.0013090068411954537	1
1420	19.73283333333336	0.3201666666666346	5.740731469631472e-05	2.5749999999999997	B	0.0013090068411954537	1
1421	19.80150000000002	-0.14816666666665185	0.0030264277540621174	9.44	A	0.02130369010234261	1
1422	19.74183333333336	-0.18649999999998132	0.000226729028823995	4.27	A	0.002067475544488392	1
1423	19.704833333333365	-0.18416666666664822	0.00037937182076473	4.3	A	0.002096628776420118	1
1424	19.70250000000003	0.17083333333331624	0.00010334102304431853	1.99	A	0.0007146215308703298	1
1425	19.6661666666667	-0.8041666666665862	0.001667666156658389	3.3654166666666665	B	0.007327273674759455	2
1426	19.632166666666702	-0.6944999999999305	0.00053632404008168	3.92	B	0.009941155440540495	2
1427	19.58350000000004	-0.7558333333332578	0.0006953879981100884	3.3654166666666665	B	0.007327273674759455	2
1428	19.61683333333337	-0.6731666666665993	4.485137584282268e-06	3.3654166666666665	B	0.007327273674759455	1
1429	19.53583333333338	-0.7521666666665914	8.58197560142211e-05	4.02	B	0.010454826659550097	1
1430	19.69650000000003	-0.5424999999999457	0.0008360863181692323	4.09	A	0.0011714305465028295	1
1431	19.605833333333372	0.13149999999998685	0.00013605138380001595	1.88	A	8.529466265122625e-05	1
1432	19.524500000000046	-0.48849999999995114	0.0012339968030998264	4.19	A	0.0021018490301655257	1
1433	19.543500000000044	-0.5821666666666084	0.00020392186703229424	3.48	A	0.0001245192096414188	1
1434	19.523166666666715	0.02616666666666405	0.0005287773452308906	2.23	A	0.0026463141391846767	1
1435	19.463833333333387	-0.13649999999998633	0.0008174015593760178	2.265833333333333	B	0.006982483180605613	3
1436	19.414166666666727	-0.22416666666664423	0.0006222218600636061	2.93	A	0.011675869059006376	1
1437	19.358833333333397	-0.06683333333332664	0.0004475204030648376	2.265833333333333	B	0.006982483180605613	3
1438	19.23283333333341	-0.07383333333332592	0.0017397100806687625	3.57	B	0.017333665339157166	1
1439	19.06716666666676	-0.06149999999999384	0.0005714441730603187	3.51	A	0.01675591729593407	1
1440	19.033500000000096	-0.08883333333332444	0.0005463764917659221	4.19	A	0.023877124344700802	1
1441	19.41983333333339	-0.690499999999931	1.4976442335629784e-05	1.86	A	2.298103473348183e-05	1
1442	19.235166666666743	0.0034999999999996497	0.000964298284802076	2.2216666666666667	A	0.0035684717589710272	6
1443	19.274500000000074	-0.41716666666662494	0.0004982928706695783	3.3	B	0.0017326843716477557	1
1444	19.276500000000073	-0.37149999999996286	0.00034623833355132454	4.41	B	0.003094345172474079	1
1445	19.27016666666674	0.5531666666666113	0.0001652580641012142	2.2	A	2.042094794226037e-06	1
1446	19.238500000000077	-0.6854999999999314	0.000818279440154024	4.24	A	0.0021517727238586533	1
1447	19.127166666666756	0.06349999999999364	0.001134521345290179	3.4333333333333336	A	0.00413493626727533	3
1448	19.11283333333342	0.4251666666666241	0.0001673045516201008	1.7	A	0.00018186664683119712	2
1449	19.110500000000087	-0.9434999999999055	0.00012673290440411196	4.25	A	-2.2115870993835772e-05	1
1450	19.079500000000092	-0.941833333333239	2.3707776731852006e-05	1.62	A	-3.2133365722476185e-06	1
1451	19.08950000000009	-0.32383333333330094	0.0007207317168305492	4.27	A	-0.0002996026696112204	1
1452	19.044500000000095	-0.4478333333332885	0.00013293209363673332	3.91	A	0.0005475947904587099	1
1453	19.03483333333343	-1.0231666666665642	0.0006601089867287321	3.08	A	0.0010911458679926643	1
1454	19.0195000000001	-0.32816666666663385	0.002574860568732654	4.276666666666666	A	0.006038814083947202	6
1455	18.990833333333434	-0.43249999999995675	0.00017476957921757318	2.24	A	0.00014703953558189254	1
1456	18.960500000000103	0.022499999999997747	0.0005927324954737733	3.55	A	0.0021446593983558797	2
1457	18.897833333333445	-0.6798333333332653	0.0017043555574472221	4.27	A	0.009151726674832725	2
1458	18.940500000000107	-0.03816666666666285	8.387388769065559e-05	3.37	A	0.00033033121168645873	1
1459	18.853500000000114	-0.11516666666665515	0.002550778750616334	3.4199999999999995	A	0.004039550350708291	5
1460	18.80150000000012	-0.0018333333333331499	0.0018687538398964804	3.5500000000000003	A	0.004787621340570967	3
1461	18.894166666666777	-0.44916666666662175	0.0018103754429430632	4.2	A	0.0036744702392602097	1
1462	18.893833333333443	-0.48283333333328504	0.00018105448914597767	4.36	A	0.0019723289895732855	1
1463	18.817166666666783	-0.34483333333329885	0.0024953380451360023	4.395	A	0.006911242051787893	2
1464	18.833500000000118	-0.9004999999999099	0.0003203174016024515	4.2	A	0.0001488505477746667	1
1465	18.77116666666679	-0.5611666666666105	0.0011701239648837989	4.42	A	0.0031044045044848183	1
1466	18.697166666666796	-0.41049999999995895	0.002108494925227626	4.403333333333333	A	0.0068298778444385345	3
1467	18.490833333333484	-0.23616666666664304	0.007651816780499606	3.6409999999999996	A	0.015787200391781	10
1468	18.669500000000134	-0.6468333333332686	0.0009581141073227406	3.32	A	0.0009027474140811209	1
1469	18.666833333333468	-0.7548333333332579	0.0010649212508167711	4.42	A	0.0035231701771764085	1
1470	18.563500000000143	-0.49449999999995053	0.0009962547680817467	3.43	A	0.000837545291575154	1
1471	18.573500000000145	-0.025833333333330752	0.00013315620270325313	3.65	A	0.0001746775745610714	1
1472	18.569500000000144	-0.63383333333327	0.001290148670777638	3.6399999999999997	A	0.0007028607497640803	2
1473	18.574500000000143	-0.3041666666666362	1.430515455839935e-05	3.49	A	8.611740042189322e-05	1
1474	18.564500000000145	-0.29716666666663694	8.818076541906689e-05	3.49	A	8.611740042189322e-05	1
1475	18.53816666666681	0.06749999999999325	0.004116785228912469	9.43	A	0.004694454270196744	3
1476	18.463833333333486	-0.5201666666666146	0.000636193150883745	3.44	A	0.0003906142390126872	1
1477	18.372500000000166	-0.3401666666666326	0.0017394421710019159	4.48	B	0.018594383170495603	3
1478	18.368500000000164	-0.2901666666666376	0.0021595444524026533	4.456666666666667	B	0.01840119608406169	3
1479	18.3578333333335	-0.30883333333330243	5.671640972648195e-05	3.77	B	0.013167655281605595	1
1480	18.438500000000158	0.05816666666666085	0.0029272640126496007	9.4	A	0.0028978877272498736	1
1481	18.426166666666823	-0.8354999999999164	0.0002767029590727092	3.77	A	0.003982168296363916	2
1482	18.387833333333493	-0.8988333333332434	0.003670105891245911	3.5849999999999995	A	0.0036009345687886165	12
1483	18.347833333333497	-0.44849999999995516	0.0012413726254320808	3.375	A	0.0014815788814470342	2
1484	18.301500000000168	-0.09216666666665746	0.000201369712565779	3.77	A	4.1182037581221e-05	1
1485	18.29550000000017	-0.6588333333332674	0.0036117087571057717	3.47	A	0.0022570135910988543	5
1486	18.235500000000176	0.6398333333332693	0.0003056414704437896	3.06	A	0.00014952395226087075	1
1487	18.151500000000187	-0.4341666666666232	0.006519677915760142	3.4311111111111114	A	0.018489081257268572	9
1488	17.95816666666687	-0.6154999999999384	0.0025223505956934447	3.7350000000000003	A	0.02190922316093693	4
1489	17.953833333333538	-0.3148333333333018	0.00030217569590408106	2.18	A	0.007463778695328331	1
1490	17.87816666666688	-0.5388333333332794	0.0016162125089673246	3.813333333333333	A	0.02283785473213351	3
1491	17.930500000000208	-0.6411666666666025	0.0003072631574630146	3.275	A	0.016844897603122824	2
1492	18.097166666666855	0.21916666666664475	0.0008482099016152633	2.092222222222222	A	0.00039225390505747104	9
1493	18.12350000000019	0.4298333333332903	0.0007233446054293296	2.1233333333333335	A	0.0004040061813688074	6
1494	18.058500000000194	0.15283333333331806	7.029471733645597e-05	2.05	A	0.00010748626748960082	1
1495	17.9855000000002	-0.8144999999999184	3.426406190531924e-05	2.82	A	-1.965390067888962e-06	1
1496	17.963166666666872	0.03416666666666325	0.0006956977526229568	2.0999999999999996	A	0.0010641967509138336	2
1497	17.80250000000022	-0.7111666666665956	0.001090489711641528	3.33	A	0.0028978764799708835	1
1498	17.68150000000023	0.14449999999998553	0.0011875946048371913	2.19	A	0.0018289887677702397	7
1499	17.668833333333566	0.2798333333333053	8.396049414620273e-05	2.21	A	0.0018625474949785512	1
1500	17.813500000000218	-0.18049999999998195	0.001569366980440204	3.82	A	0.0021498255567542948	1
1501	17.812166666666887	0.27816666666663886	0.00013366810381560957	1.65	A	8.946808809290083e-05	1
1502	17.77583333333356	0.5951666666666071	0.00016697877479740812	2.26	A	0.00012601841142007532	1
1503	17.789833333333554	-0.5894999999999411	3.4688347940005276e-05	0.56	A	4.157084346092282e-05	2
1504	17.787833333333555	0.46183333333328713	0.00011072633640921422	2.135	A	7.724283684370127e-05	2
1505	17.649833333333568	0.3311666666666335	0.0003234141514305251	2.31	A	0.00016189385649711293	3
1506	17.62683333333357	-0.23049999999997695	0.0002783809102832239	2.01	A	8.423622411202263e-05	1
1507	17.56550000000024	-0.11383333333332195	0.00010088081396132786	1.3450000000000002	A	1.7119177235810948e-05	2
1508	17.525166666666912	0.20983333333331233	0.00037621045988960066	2.21	A	0.0002698488224535492	1
1509	17.463166666666922	-0.28683333333330463	0.002454969153305406	3.8899999999999997	A	0.003920231571281038	2
1510	17.359166666666933	0.6944999999999305	0.00025672121363720635	1.846	A	0.0001752240433309004	5
1511	17.28016666666694	-0.36849999999996313	0.00025041070931995776	3.46	A	0.000958196085381019	1
1512	17.265833333333607	-0.31249999999996875	0.0006584950667767841	3.52	A	0.0009917164603148265	1
1513	17.307166666666934	-0.9051666666665761	0.000917376436505228	3.58	A	0.003777975977129999	1
1514	17.27250000000027	0.5884999999999411	2.0926491411419802e-05	2.17	A	-2.2549863696276158e-07	1
1515	17.22283333333361	0.7391666666665927	0.0011110531139132765	2.174	A	0.002448009346571486	5
1516	17.23383333333361	0.2821666666666384	0.00030671976506526256	1.9525000000000001	A	0.0003177935545407902	4
1517	17.087833333333624	-0.25283333333330804	0.0038870065521308616	3.4425	A	0.008769738399807587	4
1518	16.990833333333633	-0.22583333333331074	8.033750012533007e-06	3.37	B	0.008404241866056565	1
1519	16.978500000000302	-0.22583333333331074	2.5899660514449424e-05	4.11	B	0.01250035608534143	1
1520	17.143833333333617	-0.37916666666662874	0.0016860912648990708	4.0	A	0.0013832455973342447	1
1521	17.146833333333618	0.3974999999999602	0.002050173583944291	2.23	A	0.002888632814607991	8
1522	17.067500000000294	0.25216666666664145	0.0006980703781054107	2.19	A	0.0027859341314205757	7
1523	16.994166666666967	0.40449999999995956	2.371465837782878e-05	2.36	A	0.0032352408703655135	1
1524	16.97616666666697	-0.13049999999998693	0.0013891242437483733	3.3575	A	0.0018726530637428074	4
1525	16.81450000000032	-0.10949999999998904	0.00046238035772006795	3.83	A	0.002436816522659286	1
1526	16.9865000000003	0.00549999999999945	7.489243700800356e-05	2.63	A	5.437701615644528e-05	1
1527	16.92683333333364	0.18683333333331464	0.0004916583177722166	2.2857142857142856	A	0.0010157852606329577	7
1528	16.955500000000303	0.3154999999999685	0.000535384568143461	2.3475	A	0.0008982133490181704	4
1529	16.85516666666698	0.11516666666665515	0.00013411431621217188	2.29	A	5.678351702322313e-05	1
1530	16.816166666666984	-0.25183333333330815	0.00016146648126167957	2.43	A	0.00036399916912081907	1
1531	16.792833333333654	0.11383333333332193	0.00011347664095343084	1.605	A	0.0004498433123683757	2
1532	16.692500000000333	-0.12483333333332085	0.0030703588269592134	4.2924999999999995	B	0.008318336193740263	4
1533	16.550833333333678	-0.10683333333332265	0.0007083364390321762	3.48	B	0.005467318178829586	2
1534	16.501833333333686	-0.10116666666665655	0.0017726885291232662	4.1850000000000005	B	0.007906909823838322	2
1535	16.702500000000327	0.21116666666664555	0.00018135110756616854	2.415	A	0.00010632564902280376	2
1536	16.710833333333664	-0.41016666666662566	0.00010079387648818453	2.9	A	6.373226878522593e-05	1
1537	16.693833333333664	-0.3648333333332968	0.0003781834066710024	2.9	A	0.00045819978194834983	3
1538	16.657833333333667	0.10216666666665644	8.297435211156184e-05	1.59	A	0.00010997451136187719	2
1539	16.65983333333367	-0.31249999999996875	6.040231739845455e-05	2.9	A	0.0001758951943167962	1
1540	16.59950000000034	-0.24916666666664172	0.00028814922668452187	2.9	B	0.0030862251584546814	1
1541	16.590166666667006	-0.23583333333330972	0.00012509447730381455	4.15	B	0.006320156098868699	1
1542	16.635166666667004	-0.42849999999995714	2.5248282531776243e-05	2.9	A	8.044669697898078e-05	1
1543	16.602833333333674	-0.32483333333330083	7.204442287252048e-05	2.9	A	0.00027839480481980434	1
1544	16.52783333333368	0.18683333333331464	1.0225260469559286e-05	1.59	A	0.00013283157168563162	1
1545	16.485166666667016	-0.3438333333332989	0.00036173074905728576	2.9	A	0.0014514577955649307	2
1546	16.491500000000354	-0.22316666666664434	0.0019814468136987885	6.26	A	0.003182883235786048	1
1547	16.50150000000035	-0.25916666666664073	0.00023357549825806583	3.16	A	0.000440419768787267	1
1548	16.479833333333683	0.15116666666665154	0.00013929212357471235	1.91	A	6.992707588703747e-05	1
1549	16.431166666667025	-0.4141666666666252	0.000752232330457684	3.74	A	0.002138102130687882	2
1550	16.469166666667018	-0.14016666666665265	0.001068860641136126	9.75	A	-0.000254349159042133	1
1551	16.306166666667036	-0.5038333333332828	0.0009838139289943596	3.88	A	0.0031172128640079236	1
1552	16.3318333333337	-0.5434999999999456	0.00029737605448347943	3.3	A	0.002254918700781585	2
1553	16.35550000000036	0.46716666666661993	9.473280485526008e-05	1.97	A	9.078931182348868e-05	3
1554	16.37750000000036	-0.09816666666665684	0.00021209647180127285	3.74	A	0.0005186551452762083	1
1555	16.312833333333703	-0.4188333333332914	0.0008739202251249475	3.83	A	0.001497349933962907	1
1556	16.255500000000374	0.42283333333329104	1.2800907369952316e-05	2.49	A	0.0005466802668689633	1
1557	16.23683333333371	0.40183333333329313	0.00013949638749326067	2.59	A	0.0005914720566093598	1
1558	16.20350000000038	0.42283333333329104	0.00015601681774438672	2.58	A	0.0005869135221023157	2
1559	16.06616666666706	0.34583333333329874	0.0003640906699625515	1.91	A	0.00037910879658220587	1
1560	16.02683333333373	0.48916666666661773	0.00024360931987937734	2.5	A	0.00013195473150906889	1
1561	15.9805000000004	-0.7234999999999276	0.0009360337670946802	1.99	A	0.0013888747416097966	6
1562	16.001500000000398	0.27483333333330584	6.577654985794088e-05	1.82	A	6.088611291582395e-05	1
1563	15.997833333333732	-0.4091666666666257	0.0013723361094471582	3.55	A	0.0013206275398588312	2
1564	15.955833333333736	-0.41249999999995873	2.950595946993499e-05	3.47	A	0.001261776960498806	1
1565	15.965500000000404	0.25183333333330815	6.863690099892529e-05	2.03	A	0.00011259783343041586	1
1566	15.896833333333744	-0.16549999999998344	0.0008236516567231188	2.5	A	0.0007961602320653229	5
1567	15.913166666667076	-0.01616666666666505	0.00046178833410317636	2.42	A	0.000499052842192196	1
1568	15.908166666667077	0.12849999999998715	0.00012397485597738866	2.15	A	5.312011019493966e-05	1
1569	15.909833333333744	0.28583333333330474	4.5399741595917464e-05	1.94	A	-1.5312213341861106e-05	2
1570	15.906833333333743	0.24983333333330834	2.3793628413125672e-05	1.91	A	3.529258549808439e-05	1
1571	15.883833333333746	-0.7954999999999204	3.527493413595363e-05	1.9	A	7.092061275909464e-05	1
1572	15.871500000000415	-0.7764999999999223	4.433667410117808e-05	1.9249999999999998	A	7.279922317324654e-05	2
1573	15.86516666666708	-0.35149999999996484	0.0008413843559965797	4.06	A	0.0009872921450693544	1
1574	15.788500000000422	-0.5944999999999405	0.00029320226833657047	1.795	A	0.0008894288110906274	2
1575	15.802833333333753	-0.43316666666662335	0.00045721167043384403	3.8850000000000002	A	0.00036242675425664136	2
1576	15.777833333333756	-0.28683333333330463	0.00016557573793130856	4.255	A	0.0002941745332841916	2
1577	15.69650000000043	-0.6141666666666052	0.00034247081447256176	1.82	A	0.0008866608429959475	2
1578	15.664833333333767	-0.402833333333293	0.0008050685048754145	3.45	A	0.0004609004538198612	1
1579	15.559833333333778	-0.46549999999995345	6.723972048733703e-05	1.655	B	0.0013168193358580093	2
1580	15.554833333333777	-0.42183333333329115	0.0002732483565461031	3.36	B	0.005427611494638631	1
1581	15.489833333333785	-0.45049999999995494	0.00042463970769510156	3.43	A	0.005656117707737569	1
1582	15.538500000000445	0.26816666666663985	0.00032092372091485367	3.89	A	0.0014911415464899857	2
1583	15.51050000000045	-0.26249999999997375	0.0015606839103049005	4.415	A	0.001101956281122182	2
1584	15.434166666667123	0.15716666666665094	0.0011317862088695238	3.89	A	0.002314083668633169	2
1585	15.364500000000465	-0.14849999999998514	0.0023099937500372096	2.96	A	0.006511883160890791	1
1586	15.346500000000466	-0.18949999999998104	0.0003610806728063865	2.99	A	0.006644549699447562	1
1587	15.232833333333812	-0.14116666666665253	0.0005040124202284613	2.975	B	0.006578049203439904	3
1588	15.252166666667144	-0.20149999999997983	9.620733509131981e-05	1.795	B	0.0023947053439405076	2
1589	15.191166666667149	-0.13949999999998602	0.00014580188380535814	4.41	B	0.014454409571461853	1
1590	15.404166666667127	-0.27383333333330595	0.0008154148720925585	2.97	A	0.0010664376820158272	1
1591	15.312500000000469	0.21816666666664483	8.618425309560665e-05	2.18	A	4.399813774819605e-05	1
1592	15.260500000000475	-0.031166666666663546	0.00032690538284800525	3.02	A	0.000144804271580923	1
1593	15.272500000000473	0.07249999999999274	0.00018372255986727975	3.013333333333333	A	-5.85639647313233e-05	3
1594	15.265500000000474	0.15649999999998435	6.951258943407916e-05	3.03	A	0.0001648830447451716	1
1595	15.239166666667144	-0.4921666666666174	0.0004050706838857142	2.2024999999999997	A	0.0013245149784007738	4
1596	15.192166666667147	-0.08483333333332485	0.00011901402591064323	3.0	A	0.00026947444581117564	1
1597	15.153166666667152	-0.4911666666666175	5.265491520672458e-05	2.13	A	0.00030069003502550756	1
1598	15.026833333333832	0.025499999999997414	0.0011235174382252622	2.825	A	0.01593971119769374	2
1599	14.825166666667185	-0.16016666666665066	0.003478383744837765	2.6079999999999997	A	0.013584971079802692	5
1600	14.888166666667178	-0.19216666666664745	0.0009968316481753772	3.533833333333333	B	0.024942252418315953	2
1601	14.893500000000511	-0.14683333333331866	8.455128643179076e-06	2.91	B	0.01691334555792189	1
1602	14.813833333333854	0.06849999999999312	0.00016000943826553028	2.8	A	0.015658840728629515	1
1603	14.802166666667187	-0.19283333333331407	0.0006478657536384886	9.81	B	0.19221246967403863	1
1604	14.779833333333857	-0.21049999999997895	0.00024326190761543462	4.240468750000001	B	0.035914620206067546	1
1605	14.704833333333864	-0.23083333333331024	0.0004857934817579182	4.240468750000001	B	0.035914620206067546	4
1606	14.699833333333865	-0.17049999999998294	0.00038860541779699875	3.533833333333333	B	0.024942252418315953	2
1607	14.692500000000532	-0.05983333333332738	0.0001266327856993483	3.533833333333333	B	0.024942252418315953	1
1608	14.602166666667207	-0.16449999999998358	0.0012767678763752383	3.533833333333333	B	0.024942252418315953	3
1609	14.6901666666672	-0.04116666666666258	0.0007385785371530081	3.533833333333333	B	0.024942252418315953	3
1610	14.681166666667199	-0.08049999999999197	4.298582879046636e-05	3.533833333333333	B	0.024942252418315953	1
1611	14.6771666666672	-0.20683333333331266	0.00015233129494674608	3.533833333333333	B	0.024942252418315953	1
1612	15.099500000000491	-0.272833333333306	0.0002987300933837585	2.895	A	0.00010057491232688026	2
1613	15.022833333333832	-0.18116666666664855	0.00043847293100818604	4.45	A	0.0007081223999207952	1
1614	14.910500000000509	0.24849999999997513	0.00045296680993515894	3.42	A	0.0001511750276826317	1
1615	14.829166666667184	-1.0308333333332302	0.0004571763871058057	2.36	A	0.002428848230120377	1
1616	14.850166666667182	-0.5401666666666126	0.000724817762414334	2.315	A	0.002297432554137537	2
1617	14.61983333333387	-0.586166666666608	0.00013614933835445753	1.865	B	0.002215840046901452	4
1618	14.601833333333873	-0.6221666666666045	0.00012864663389757105	3.3800000000000003	B	0.007278034926383702	3
1619	14.552500000000546	-0.6244999999999375	0.00017891432973972377	3.38	B	0.007278034926383699	2
1620	14.550500000000545	-0.8411666666665825	0.0012611332526465842	2.25	B	0.022205667492304147	1
1621	14.346500000000566	-0.7858333333332547	0.00036762465612721776	1.1	B	0.005307428674703806	1
1622	14.412833333333893	-0.48416666666661823	0.00088322736158353	3.34	A	0.04893186059795519	1
1623	14.25316666666724	-0.6254999999999374	0.0024875818490702195	2.1548148148148147	B	0.020366607866680812	27
1624	14.16116666666725	-0.6431666666666023	9.771117933861323e-05	2.04	A	0.018254045597229224	1
1625	14.147833333333919	-0.6134999999999386	4.23551270392403e-05	2.04	B	0.018254045597229224	1
1626	14.026833333333931	-0.5184999999999481	0.0006490724979162199	2.243333333333333	B	0.02207427329848411	3
1627	13.948166666667273	-0.42183333333329115	0.0003518101381615742	2.3000000000000003	A	0.023203551809242266	3
1628	13.762833333333957	-0.537166666666613	0.001426709324296431	2.4620000000000006	B	0.02658734024438955	5
1629	13.924166666667274	-0.479499999999952	1.1627000511610113e-05	2.44	A	0.02611430360141866	1
1630	14.633500000000536	0.3144999999999685	0.00020175938796922885	2.7	A	0.00097914147734083	1
1631	14.569500000000543	-0.34449999999996556	0.0002224908880163586	2.05	B	0.004068509457009276	1
1632	14.545166666667212	-0.40716666666662593	0.0004972734195662433	3.415	B	0.011290392076685307	2
1633	14.554500000000544	-0.33816666666663286	0.00016366445739267272	2.64	B	0.006747384535769625	1
1634	14.504833333333883	-0.29149999999997084	0.0008219453632309396	4.54	B	0.019954429393002356	1
1635	14.450833333333888	-0.2991666666666367	0.0005241936030988817	3.415	B	0.011290392076685307	2
1636	14.513166666667216	-0.11316666666665534	0.001896025200850574	3.5766666666666667	A	0.013256253517906227	3
1637	14.43483333333389	-0.20283333333331305	0.001719496637121268	3.625	A	0.01361695143137738	8
1638	14.46416666666722	0.7144999999999285	9.570504821242752e-05	2.73	A	0.00014764265324027195	1
1639	14.181500000000582	-0.25016666666664167	0.0033575180008079664	3.53	A	0.01204688249326273	10
1640	14.18316666666725	-0.16516666666665017	0.0007540684283709422	3.5250000000000004	A	0.012012779516756231	2
1641	14.330500000000567	0.6131666666666054	7.419868403452765e-05	2.74	A	1.3646094312471322e-05	1
1642	14.25616666666724	0.24583333333330876	0.0006148466885126224	3.16	A	0.0004860021919830205	3
1643	14.235166666667244	0.09083333333332425	0.0003547061630485897	3.92	A	0.00012449426087449386	1
1644	14.224500000000578	-0.3731666666666293	0.0008033368276136444	3.6475	B	0.0018379035255112028	4
1645	14.153166666667252	-0.35149999999996484	3.462326676673165e-05	4.02	B	0.0022324627228727076	1
1646	14.129833333333922	-0.386166666666628	3.258204083684422e-06	2.245	B	0.0006962493462319325	1
1647	14.120166666667256	-0.3908333333332942	1.2832727705623228e-05	3.52	B	0.0017116597436624094	1
1648	14.11150000000059	-0.382833333333295	2.4905643781043228e-05	2.245	B	0.0006962493462319325	1
1649	14.188166666667248	0.5134999999999487	0.0006314975055117948	2.89	A	0.0003397145962577658	1
1650	14.162500000000584	0.2734999999999726	6.856085190622035e-05	3.6	A	-0.00014235992995123963	1
1651	14.097833333333925	-0.09516666666665714	0.0002700985687636791	3.43	B	0.002807953523559948	2
1652	14.10950000000059	-0.05416666666666125	0.000270681659982431	3.05	B	0.0022202473164171736	2
1653	14.121500000000589	0.7288333333332604	0.00016782849358213384	2.9	A	-3.73846234810927e-05	1
1654	14.101833333333923	0.2888333333333044	0.0006036919357099797	4.02	A	0.0003748790205775105	1
1655	14.09750000000059	0.7738333333332559	3.7084505456601215e-05	2.55	A	4.3803949658405855e-05	1
1656	14.075500000000591	-0.6351666666666032	0.00012838529313614964	2.05	A	0.00010072535321111468	2
1657	14.056166666667261	-0.27449999999997254	0.00046476589187338077	3.37	A	0.002655227052867601	2
1658	14.061833333333928	-0.21716666666664494	3.3050829276546376e-05	3.67	A	0.0031490096463267637	1
1659	14.04083333333393	-0.22816666666664384	0.0007838520078860615	3.6625	A	0.0031361521858632013	4
1660	14.03183333333393	-0.23283333333331005	6.253864674835027e-06	3.62	A	0.0030637900652112976	1
1661	13.984833333333935	-0.09116666666665754	0.0002989822791224761	3.64	A	0.000932048463208958	2
1662	13.945833333333939	-0.3258333333333007	7.808528821659909e-05	2.28	A	0.0020425438196269696	1
1663	13.885833333333945	-0.31883333333330144	0.0011482190622893885	3.665	A	0.005277760110339503	2
1664	13.857833333333948	-0.2598333333333073	1.4350865109948732e-06	2.0	A	0.0015716711446806476	1
1665	13.836500000000617	-0.2718333333333061	5.849855261772432e-05	2.01	A	0.0015874271479060708	1
1666	13.837833333333949	-0.6314999999999368	0.00028938957669446787	2.07	A	0.000935279354356076	3
1667	13.802166666667288	-0.6851666666665981	0.0004894561904310713	2.07	A	0.0006598997432223474	2
1668	13.796166666667288	-0.2658333333333067	0.000393993693839149	3.45	A	0.0007898354920448492	1
1669	13.723833333333962	-0.23416666666664324	0.0001494060014462702	1.915	A	0.0008702652115427941	2
1670	13.71850000000063	-0.4371666666666229	0.0009648935673552705	3.69	A	0.0007508694825517963	1
1671	13.6791666666673	-0.6304999999999369	0.0013167386833813034	4.1	A	0.0021436835085245905	1
1672	13.623166666667306	-0.4184999999999581	3.2248095698040015e-05	2.39	A	-2.590842624994829e-05	1
1673	13.60650000000064	-0.3028333333333031	0.00013206249721151134	2.11	A	0.00396098115129903	1
1674	13.542833333333979	-0.37283333333329605	0.0006863313389307324	2.1433333333333335	B	0.004087119177275726	4
1675	13.470500000000653	-0.29649999999997034	5.544635496764894e-05	2.1433333333333335	B	0.004087119177275726	2
1676	13.458833333333988	-0.30249999999996974	5.17948174295792e-05	3.68	B	0.012048514441129355	1
1677	13.564500000000644	-0.0011666666666665382	0.0002628667207240964	3.63	A	0.055882207981307525	1
1678	13.530166666667315	-0.1308333333333202	0.0007279863858552929	2.3075	B	0.02258102890442144	2
1679	13.47016666666732	-0.05049999999999488	0.0012860111136266238	6.83	B	0.19783435647984096	1
1680	13.454500000000655	-0.0008333333333332416	9.257890144948927e-05	9.47	B	0.38032972138749194	1
1681	13.38216666666733	-0.05649999999999433	0.000391565183037502	4.073495418233082	B	0.07037116997938701	2
1682	13.346833333333999	-0.004833333333332801	0.0002855303199315347	4.073495418233082	B	0.07037116997938701	1
1683	13.335166666667334	-0.0704999999999929	0.00013450926755232605	4.073495418233082	B	0.07037116997938701	1
1684	13.326166666667335	-0.09416666666665724	0.00010041860976349019	4.073495418233082	B	0.07037116997938701	1
1685	13.30450000000067	0.0061666666666660985	0.00035680057484756885	4.073495418233082	B	0.07037116997938701	2
1686	13.183166666667349	-0.11849999999998811	0.002200672709716219	4.073495418233082	B	0.07037116997938701	5
1687	13.265833333334008	0.03816666666666291	0.00019673735458697209	4.073495418233082	B	0.07037116997938701	1
1688	13.247166666667342	0.01983333333333137	2.690185351046521e-05	4.073495418233082	B	0.07037116997938701	1
1689	13.213500000000678	-0.0018333333333331314	0.0003247317682620247	4.073495418233082	B	0.07037116997938701	1
1690	13.139500000000687	-0.1748333333333158	0.0009408347599317604	4.073495418233082	B	0.07037116997938701	1
1691	13.188166666667348	-0.06183333333332708	3.543855859103037e-05	4.073495418233082	B	0.07037116997938701	1
1692	13.118166666667355	-0.126166666666654	0.0011869951439325308	4.073495418233082	A	0.07037116997938701	2
1693	13.096166666667358	-0.2934999999999706	0.0012887054919647908	4.073495418233082	B	0.07037116997938701	2
1694	13.048833333334029	-0.3798333333332953	0.0029176436114168426	4.073495418233082	B	0.07037116997938701	4
1695	13.069833333334026	-0.1791666666666487	0.00035955253898538265	4.073495418233082	B	0.07037116997938701	2
1696	13.057833333334028	-0.16549999999998338	0.00012176037246490309	4.073495418233082	B	0.07037116997938701	1
1697	13.020166666667365	-0.22183333333331112	4.588478980803774e-05	4.073495418233082	B	0.07037116997938701	1
1698	13.004833333334034	-0.5758333333332757	0.0024288049204876376	4.073495418233082	B	0.07037116997938701	2
1699	12.983833333334035	-0.1521666666666514	0.0001451801489030325	4.073495418233082	B	0.07037116997938701	1
1700	12.93583333333404	-0.2754999999999724	0.0007071986208847139	4.073495418233082	B	0.07037116997938701	1
1701	12.842500000000717	-0.41383333333329186	0.003291180621224993	4.073495418233082	B	0.07037116997938701	7
1702	12.912833333334042	-0.2601666666666406	1.3245946122134925e-05	2.3075	B	0.02258102890442144	1
1703	12.78016666666739	-0.37416666666662923	0.0004828913283572861	2.3075	A	0.02258102890442144	1
1704	12.752500000000726	-0.42549999999995736	4.7513503277356093e-05	4.073495418233082	A	0.07037116997938701	1
1705	13.530166666667313	-0.25149999999997485	0.00016381016876618106	3.53	B	0.030418054267987816	1
1706	13.516833333333981	-0.24849999999997519	8.861002031155962e-05	2.1421875000000004	B	0.011202036443106324	2
1707	13.39850000000066	-0.28449999999997155	4.319602875604408e-05	2.1793750000000003	B	0.01159433779160073	1
1708	13.390166666667326	-0.2368333333333097	2.681465424826257e-05	2.1793750000000003	B	0.01159433779160073	1
1709	13.373166666667329	-0.2551666666666412	0.00013148384460702944	3.66	B	0.03269973178119218	1
1710	13.35516666666733	-0.30483333333330287	6.345118272199294e-05	3.77	B	0.03469482649772361	1
1711	13.29950000000067	-0.2601666666666407	0.00084447442488771	3.98	A	0.03866768426250385	1
1712	13.337833333333998	-0.3098333333333024	1.1600037469929599e-05	3.71	B	0.03359926977585978	1
1713	13.318500000000668	-0.29516666666663716	4.018976629538371e-05	3.81	B	0.03543496196579204	1
1714	13.272500000000672	-0.35949999999996407	0.0005109012920054406	3.6975000000000002	B	0.033373241020924226	4
1715	13.271833333334005	-0.3021666666666365	0.0002527848619510759	3.75	A	0.034327688059737155	1
1716	13.275166666667339	-0.43816666666662285	0.0006022247600384413	3.6550000000000002	A	0.032610449278736374	2
1717	13.211166666667346	-0.46416666666662026	0.00048778169298978525	3.755	A	0.034419289588230775	2
1718	13.122166666667354	-0.5678333333332766	0.0029160482212853087	3.68	A	0.03305808233103534	2
1719	13.476833333333985	0.13483333333331984	0.00012658167717067483	2.0949999999999998	B	0.001978277400211926	2
1720	13.279500000000672	0.11749999999998824	0.002486994336124687	2.1045	A	0.0019962594967939244	20
1721	13.400833333333994	0.08283333333332504	0.0003711186006705167	2.57	A	0.0029770448791382486	1
1722	13.404833333333993	-0.46583333333328675	0.00021467002868770225	2.09	A	0.00016945644753361323	4
1723	13.347166666667333	-0.37383333333329594	0.0002737793331397505	3.64	A	0.0008273549505189419	1
1724	13.09450000000069	0.07549999999999245	0.00014715591585174535	3.4050000000000002	B	0.006410046087489543	1
1725	13.028166666667364	0.01749999999999825	0.0008218768554501571	3.48	A	0.006695536894040968	1
1726	12.987500000000702	0.3378333333332995	0.00016817706255710252	3.16	A	0.0002914756764193528	1
1727	12.892500000000712	0.496166666666617	0.005549777299514233	3.52	A	0.008880627626522752	1
1728	12.913833333334042	-0.03116666666666355	0.0003081133785280191	4.7	A	0.0017279969626866033	1
1729	12.821833333334052	0.31316666666663534	0.0008838677242618397	2.2399999999999998	A	0.0011167730046267462	6
1730	12.774500000000723	0.6491666666666017	0.0003470267401452225	2.186666666666667	A	0.0001978592574574708	3
1731	12.76916666666739	-0.22383333333331093	0.00022699390331671783	3.4850000000000003	A	0.0023178599005135017	2
1732	12.758500000000724	0.0038333333333329493	0.00028345732370680564	3.32	A	0.0005502815558376715	1
1733	12.745166666667394	-0.11949999999998805	9.940156503220369e-05	4.79	A	0.0008529816411707774	1
1734	12.737166666667395	-0.11016666666665564	0.0002809371885926756	4.58	A	0.0007798294157476082	2
1735	12.730500000000728	0.5794999999999421	0.00018783276387828075	2.19	A	0.0002190437113240406	1
1736	12.701500000000731	0.33449999999996655	0.00013892595050520636	2.165	A	0.00025872079111867756	2
1737	12.694833333334063	-0.13216666666665344	8.22546504724133e-06	3.46	A	0.021004368245705247	1
1738	12.6471666666674	-0.11249999999998872	0.001138219797004078	4.419166666666666	B	0.034264010007213117	1
1739	12.661833333334066	-0.19416666666664723	0.0019749054596921167	3.5125555555555557	B	0.021647304684997634	4
1740	12.628500000000736	-0.2364999999999763	0.0006024309048849407	2.4	A	0.010106014325174764	1
1741	12.580500000000741	-0.09083333333332422	0.0005823310290577386	2.4	A	0.010106014325174764	1
1742	12.607166666667405	-0.3784999999999621	0.0011323261553031808	3.552625	A	0.02214400451592975	1
1743	12.563833333334076	-0.4591666666666207	0.0018150025912597257	3.552625	B	0.02214400451592975	4
1744	12.54616666666741	-0.12783333333332053	0.0006882858737632674	4.419166666666666	B	0.034264010007213117	2
1745	12.54616666666741	-0.3204999999999679	0.0006462379777955453	3.552625	B	0.02214400451592975	4
1746	12.500166666667416	-0.09183333333332411	0.00021189780708414066	4.393055555555555	B	0.0338603012042929	1
1747	12.494833333334084	-0.1911666666666475	0.0015257589802302677	3.552625	B	0.02214400451592975	5
1748	12.486833333334083	-0.24616666666664203	0.0003586603689563325	3.552625	B	0.02214400451592975	2
1749	12.455500000000754	-0.0924999999999907	0.0006868464842562165	2.4	B	0.010106014325174764	1
1750	12.419166666667424	-0.2701666666666396	0.0005822891244930643	3.552625	B	0.02214400451592975	1
1751	12.406166666667426	-0.10616666666665603	2.29822866244053e-05	3.552625	B	0.02214400451592975	1
1752	12.336833333334098	-0.18116666666664855	0.0023080535812748	9.684999999999999	B	0.16457227630907822	2
1753	12.297500000000769	-0.18416666666664822	0.002604529514129117	4.31	B	0.0325920716503262	1
1754	12.189833333334114	-0.18283333333331503	0.00021951949739504976	2.4	B	0.010106014325174764	1
1755	12.678500000000732	0.7598333333332573	0.00012541789638767801	2.2	A	8.258223876922775e-05	1
1756	12.637833333334068	0.47749999999995224	0.0009798360306331145	2.27	A	0.0010058023732625431	1
1757	12.629166666667405	0.20916666666664574	0.0010641453254139534	3.526666666666667	A	0.0012317683939469181	3
1758	12.508833333334083	0.4208333333332912	0.00031173550811234717	3.35	A	0.00011592412526172037	1
1759	12.371833333334097	0.46583333333328675	0.0012617501029216522	2.25	A	0.0015681433024510199	5
1760	12.318833333334101	0.3154999999999684	5.980574516655797e-05	2.34	A	0.00025070025388110876	1
1761	12.28750000000077	0.28683333333330463	0.0002746447850757443	3.14	A	0.00045142162012677705	1
1762	12.291500000000772	0.21916666666664472	0.00023684987896521208	3.41	A	0.0001299879148203956	1
1763	12.219833333334112	0.32383333333330094	0.00025700937248303204	2.4	A	0.00021065524471079074	1
1764	12.0035000000008	-0.7274999999999272	0.000806216299251605	3.62	B	0.006465520293475543	1
1765	11.939833333334139	-0.6471666666666019	0.0003419410719179284	3.97	B	0.007776198741906436	1
1766	11.922166666667474	-0.6271666666666039	0.0001710998138996026	3.4	B	0.005703535804201435	1
1767	12.149500000000785	0.4388333333332894	1.536377176186755e-05	2.1975	B	7.650086850958935e-05	1
1768	12.136500000000787	0.4498333333332883	2.1672724847059967e-05	2.1975	B	7.650086850958935e-05	1
1769	12.13083333333412	0.4658333333332867	2.536765059082144e-05	3.04	B	0.00014640495162295992	1
1770	12.133166666667453	-0.08749999999999125	0.0006744456783286019	3.35	A	0.0029085944679170064	1
1771	12.130166666667453	-0.038499999999996155	0.0014121676717185857	9.9	A	0.025401768215686866	1
1772	12.12483333333412	-0.4204999999999579	0.00017597049345635362	4.09	A	0.00020494831903960687	1
1773	12.10550000000079	0.09449999999999055	0.00016365517569989183	3.15	A	0.00011036339699417762	1
1774	11.923166666667475	-0.5071666666666159	0.0003800586623074148	3.39	A	0.0002714249833747408	1
1775	11.912833333334142	-0.14049999999998594	0.000154831322900932	3.75	A	0.000871676114634826	1
1776	11.835500000000817	-0.3941666666666272	0.00020744425235022358	4.21	A	-0.0006832969584791051	1
1777	11.859166666667482	-0.11183333333332215	9.878243122649465e-05	1.9949999999999999	B	0.0009303870492306241	2
1778	11.815166666667485	-0.12883333333332045	0.00019666568209165345	4.39	B	0.004505125533502306	1
1779	11.86016666666748	0.08449999999999155	0.00017989752883162578	2.25	A	0.0003114543368963818	1
1780	11.758500000000824	-0.43283333333329	0.00030874890117399244	4.94	B	0.010420497395005312	1
1781	11.727166666667493	-0.5211666666666145	0.0010500849538550698	3.3033333333333332	B	0.004659500375256206	3
1782	11.666500000000834	-0.33249999999996677	0.002036684288289696	4.373333333333333	A	0.0016073324110062617	3
1783	11.587166666667509	-0.37583333333329577	0.0008710545122284827	4.433333333333334	B	0.011903339673803123	3
1784	11.626166666667505	-0.34616666666663204	4.4815132028559726e-05	2.82	B	0.004816219491195475	1
1785	11.500166666667518	-0.35216666666663143	0.0014273213391151921	4.433333333333334	B	0.011903339673803123	6
1786	11.54283333333418	-0.3638333333332969	0.00015464751234980334	4.46	A	0.01204696841595794	1
1787	11.493833333334186	-0.28949999999997106	0.00040151009858671344	3.533333333333333	B	0.007560965830451235	2
1788	11.488500000000853	-0.31883333333330144	0.0006436753664251111	3.533333333333333	B	0.007560965830451235	1
1789	11.361833333334198	-0.32349999999996765	0.0010856131302915007	4.49	B	0.01220958032348095	1
1790	11.642500000000835	0.02116666666666455	0.0016368874284723328	9.7	A	0.0014638557236908664	1
1791	11.56816666666751	-0.15316666666665135	0.004702532636426053	9.3	A	0.00742473261360716	2
1792	11.540833333334179	-0.14383333333331894	0.001526478711992853	9.28	A	0.007392832617778549	1
1793	11.607166666667506	0.23049999999997692	0.0005015530744820079	3.32	A	0.0014190582559531599	1
1794	11.570833333334177	0.22949999999997703	0.0007914770150312149	3.3549999999999995	A	0.0014491358692721333	4
1795	11.576500000000843	-0.054499999999994546	0.0013786690551734165	3.61	A	0.0016196265502001813	1
1796	11.537166666667513	-0.5168333333332816	0.0011121899306222782	3.25	A	0.0020744852543189735	2
1797	11.344500000000867	-0.15416666666665121	0.0008088090946979724	3.304256714570473	B	0.01849648809053956	1
1798	11.31950000000087	-0.09216666666665743	3.976235143669842e-05	3.304256714570473	B	0.01849648809053956	1
1799	11.27816666666754	-0.07149999999999282	0.0002943374806629209	3.304256714570473	B	0.01849648809053956	2
1800	11.299166666667539	-0.04383333333332892	5.83870959758211e-06	3.304256714570473	B	0.01849648809053956	1
1801	11.221833333334212	-0.07049999999999293	0.00011762413069053074	3.304256714570473	B	0.01849648809053956	1
1802	11.232833333334211	-0.10416666666665622	3.74424793251739e-05	5.12	B	0.0444100883053253	1
1803	11.217500000000879	-0.10783333333332251	1.951163713622376e-05	3.304256714570473	B	0.01849648809053956	1
1804	11.195500000000882	-0.10349999999998963	0.00010923282825405394	4.4	B	0.03279797781338111	1
1805	11.187833333334217	-0.11516666666665512	2.5535116024868595e-05	3.304256714570473	B	0.01849648809053956	1
1806	11.123833333334222	-0.15349999999998462	0.0010029277118884714	3.304256714570473	B	0.01849648809053956	6
1807	10.999833333334234	-0.2568333333333076	0.0026519566807650793	3.304256714570473	B	0.01849648809053956	2
1808	11.053500000000897	-0.05883333333332744	0.00010694446566710523	3.304256714570473	B	0.01849648809053956	1
1809	11.039500000000897	-0.04249999999999571	9.149775293426142e-05	3.304256714570473	B	0.01849648809053956	1
1810	10.936166666667575	-0.13383333333331993	0.0013818895278581204	3.304256714570473	B	0.01849648809053956	3
1811	10.91450000000091	-0.25249999999997474	0.00046465781316454085	3.304256714570473	B	0.01849648809053956	1
1812	10.929833333334242	-0.2938333333333039	3.1015509370732915e-06	0.34	B	0.00019583916504270957	1
1813	10.933833333334242	-0.03616666666666302	6.407162105180218e-05	9.34	B	0.14778673932525768	1
1814	11.317500000000868	-0.5618333333332771	0.0034396903169149136	3.59	A	0.0028091670097192606	5
1815	11.325833333334202	-0.22283333333331104	0.00046740415660751264	3.4	A	0.0002484395737191662	1
1816	11.264833333334206	0.20383333333331294	0.0003948083367741457	3.435	A	0.00038321918322339416	2
1817	11.291166666667538	0.2881666666666378	0.00040544014117523927	3.51	A	0.00024815703992760093	1
1818	11.250166666667543	-0.32416666666663424	2.565998989780788e-06	0.41	B	2.5376728999071096e-05	1
1819	11.23783333333421	-0.3288333333333004	4.081952084128143e-05	3.58	B	0.0019347906576067508	1
1820	11.226500000000877	0.022166666666664447	0.0006558115685558285	3.355	A	0.0014147133754841906	2
1821	11.12083333333422	0.09516666666665714	0.0004086581459980419	1.37	A	0.0008474944468339283	1
1822	11.219166666667546	-0.5614999999999438	0.0005557115602034278	3.685	A	0.025909749876991326	2
1823	11.141166666667553	-0.5984999999999402	0.0006473105645814616	3.7494444444444444	B	0.026823909932332128	1
1824	11.110166666667556	-0.49783333333328356	6.926554166045799e-05	4.14	A	0.032703099697639626	1
1825	11.077166666667559	-0.5651666666666102	0.0007909141579295101	3.7494444444444444	B	0.026823909932332128	2
1826	11.079500000000893	-0.48283333333328504	1.8699871499596767e-05	3.7494444444444444	B	0.026823909932332128	1
1827	11.043833333334229	-0.49683333333328367	0.00012418998629503195	3.7494444444444444	B	0.026823909932332128	1
1828	10.991833333334235	-0.5788333333332755	0.0009775322139636538	3.7494444444444444	B	0.026823909932332128	2
1829	11.033166666667563	-0.42316666666662434	4.5012922235670584e-05	3.7494444444444444	B	0.026823909932332128	1
1830	11.029166666667564	-0.620499999999938	0.00039284004860221604	3.7494444444444444	B	0.026823909932332128	2
1831	11.003833333334233	-0.4128333333332921	0.00027117192792926707	3.7494444444444444	B	0.026823909932332128	2
1832	11.002833333334234	-0.44183333333328917	0.00017172477415278558	3.7494444444444444	B	0.026823909932332128	1
1833	10.967833333334237	-0.5028333333332831	0.00041834419904441416	3.7494444444444444	B	0.026823909932332128	1
1834	10.97116666666757	0.10816666666665585	0.000758444883594975	3.33	A	0.0022021271897692254	1
1835	10.720166666667595	-0.35516666666663116	0.002425796402646279	3.83	A	0.014090635521628127	1
1836	10.73483333333426	-0.24316666666664238	0.00022843833869720074	3.697777777777778	B	0.013134533414329094	2
1837	10.678833333334266	-0.27349999999997265	0.003427361841348986	3.697777777777778	B	0.013134533414329094	6
1838	10.758166666667591	-0.15716666666665097	2.6842430397969294e-05	3.697777777777778	B	0.013134533414329094	1
1839	10.755833333334259	-0.19316666666664736	2.0397511415727297e-05	4.98	B	0.02382274043660985	1
1840	10.75083333333426	-0.20549999999997948	2.2954905995504775e-05	3.697777777777778	B	0.013134533414329094	1
1841	10.723500000000929	-0.24283333333330906	3.5188892576488296e-05	2.46	B	0.005813039145585884	1
1842	10.75183333333426	-0.02616666666666405	0.0009851431941214313	3.7	A	0.003638819894034376	1
1843	10.611833333334273	-0.07983333333332535	0.0030974774829351684	5.25	A	0.007326148526612306	1
1844	10.687833333334266	0.042166666666662446	0.0008038303704495015	2.5	B	0.004857925635243043	1
1845	10.638500000000937	0.14283333333331905	3.635030538212605e-05	1.99	B	0.0030780594093001564	1
1846	10.687166666667599	-0.4201666666666246	7.621246681183461e-05	4.11	A	6.959096745045304e-05	1
1847	10.676833333334265	0.24216666666664244	0.00014027997722078868	3.6	A	4.970026385999244e-05	1
1848	10.444833333334289	-0.26716666666663996	0.0006223300065977269	1.8055555555555556	B	0.0020701755437160683	9
1849	10.448833333334289	-0.19916666666664673	0.00019773739860571603	4.61	B	0.013495448204426106	1
1850	10.30550000000097	0.33916666666663275	0.001114650325521895	4.025	A	0.0009168733221757206	2
1851	10.27716666666764	0.12449999999998754	0.0006050560978086621	2.7	A	0.0004820441051031756	1
1852	10.23083333333431	-0.34449999999996556	3.451471059530609e-05	1.3	A	0.0002784878138787047	1
1853	10.155166666667652	-0.8044999999999195	0.0006034695619473615	3.63	A	0.0011928834588195273	1
1854	9.967833333334337	-0.39583333333329374	0.0003250243542037922	2.125	B	0.003868743234826485	1
1855	10.002833333334333	-0.3421666666666324	0.0002210948136890839	2.125	B	0.003868743234826485	1
1856	9.918500000001009	-0.3604999999999639	0.00031311741552958705	3.48	B	0.010375535628189379	1
1857	9.993166666667667	-0.18483333333331484	0.0007068755053946487	4.43	A	0.0017871050800707443	1
1858	9.918833333334343	-0.06449999999999356	0.0005529420169537529	2.56	A	0.004081766416426146	1
1859	9.762500000001024	-0.18449999999998154	0.0024000035890610672	4.48	A	0.012500409650305072	2
1860	9.868833333334347	-0.015166666666665163	4.845052160917112e-05	5.34	B	0.01776031775272238	1
1861	9.861500000001016	-0.06383333333332694	0.0004085859083461862	2.5700000000000003	B	0.004113717499367227	3
1862	9.797166666667687	-0.742833333333259	0.0005174310774256454	3.34	A	0.0010900247798646117	1
1863	9.59950000000104	-0.7218333333332612	0.0017641153754453989	2.77	A	0.0010398618905385442	1
1864	9.459166666667722	0.13249999999998674	0.00026041257454315086	3.92	A	0.0001074135562700378	1
1865	9.445833333334388	0.24149999999997585	4.521726966911687e-05	2.67	A	2.977554389549236e-05	1
1866	9.403166666667726	0.15783333333331756	0.0007710224691652057	4.04	A	0.0005494514679797745	1
1867	9.3488333333344	0.02683333333333065	0.00019181754422396667	3.91	A	0.00022815570347070672	1
1868	9.155833333334417	-0.24349999999997565	0.004722819099926938	4.464	A	0.005394755627767415	5
1869	9.319166666667735	-0.32149999999996787	0.0006231105340009016	4.64	A	0.005828534426526374	1
1870	9.256500000001076	0.11749999999998824	0.0005668626654663162	2.6225	A	0.0006586981777388502	4
1871	9.146166666667753	0.025833333333330752	0.0004304271557153112	3.9	A	0.0014822274924015451	1
1872	9.151166666667752	0.08649999999999135	0.000991598015585027	3.79	A	0.0013997938148326782	1
1873	9.106833333334423	-0.35549999999996446	0.0012341672605771263	4.38	A	0.0016887117744674638	1
1874	9.054833333334429	-0.34683333333329863	0.0016683692109890399	4.38	A	0.0016887117744674638	3
1875	8.810166666667786	-0.3108333333333022	0.0001337510403081759	4.34	B	0.023467828913443078	1
1876	8.787166666667789	-0.4811666666666185	0.0010313965644358893	4.42	A	0.02434097627814295	1
1877	8.708166666667797	-0.42383333333329093	0.0031583544412825126	4.283333333333334	B	0.02285899856158908	3
1878	8.893166666667778	-0.09683333333332364	0.00035762375078736067	4.31	A	0.00015431284159204365	1
1879	8.806833333334453	-0.08149999999999184	1.0332102998766653e-05	0.32	A	1.5610613834114412e-05	1
1880	8.6561666666678	-0.09783333333332354	0.00023683818233321982	3.38	A	0.0008674915135336301	1
1881	8.468833333334487	-0.6948333333332638	0.00157823835084894	2.88	A	0.0022580536314522476	1
1882	8.554166666667811	-0.08583333333332474	0.001334300152549225	4.115	A	0.0023437068184602797	2
1883	8.563166666667811	-0.30149999999996985	0.0011754033394787632	4.52	A	0.0035511143758645077	1
1884	8.588166666667808	-1.077166666666559	3.36653092896246e-05	2.63	A	2.4014029600621097e-06	1
1885	8.505166666667815	-1.0258333333332306	0.0008654572782793807	2.5580000000000003	A	0.0007059664615078538	5
1886	8.46816666666782	-0.9641666666665701	0.00019163465361744577	2.66	A	0.0007633896410233284	1
1887	8.46016666666782	-1.0511666666665616	0.00019187413706360604	2.66	A	0.0002062636308936553	1
1888	8.383500000001161	-0.27316666666663936	0.0006879391233331413	4.455	A	0.008129303769145701	2
1889	8.37616666666783	-0.19849999999998014	0.0008123269372156855	4.55	A	0.0007162177630524818	1
1890	8.250166666667843	0.13083333333332023	0.0016019242197667322	3.028	A	0.007792444788471077	5
1891	8.221166666667845	0.38449999999996154	0.0004189589906802771	3.195	A	0.00048478677841639684	2
1892	8.207500000001179	-0.30249999999996974	7.769944219257974e-05	3.5	A	0.0001308819642569466	1
1893	8.177833333334517	-0.01849999999999815	0.00010525994017243653	2.1	A	0.0004475821961827568	1
1894	8.113833333334522	0.26416666666664024	0.0004391891102545704	3.12	A	0.0008824337776546147	1
1895	8.030166666667865	-0.29116666666663754	0.00010873858581352246	4.77	A	6.099549031545253e-05	1
1896	7.981166666667869	-0.29483333333330386	0.0006552737544857303	4.79	A	6.150805520820531e-05	1
1897	8.023833333334531	-0.03283333333333005	0.0007067196069376952	4.46	A	0.0011687211340337391	1
1898	7.978500000001204	-0.6048333333332728	0.009158542918587455	9.33	A	0.015157880192430338	1
1899	7.780166666667889	-0.30683333333330265	0.0013015357995404939	4.785	A	0.0007356365995673811	2
1900	7.649500000001236	-0.22283333333331104	0.003293682670473301	8.93	A	0.02522280159526004	1
1901	7.368833333334597	0.040833333333329246	0.0002971893375437022	2.8699999999999997	B	0.0036473006206021816	3
1902	7.3511666666679325	-0.04983333333332835	0.001172158721924313	3.3699999999999997	B	0.005028837113248542	3
1903	7.427500000001259	-0.6234999999999377	0.000979136636398872	3.495	A	0.0050836937571767165	2
1904	7.282500000001273	-0.5658333333332768	0.0008079495615393494	3.14	A	0.004103404370294744	1
1905	7.235500000001277	-0.11683333333332163	0.00030022526170385666	5.26	B	0.012681814776291754	1
1906	7.234500000001277	-0.12616666666665405	8.305094410020157e-06	3.1975	B	0.004686310107640318	1
1907	7.121833333334622	-0.17516666666664912	0.0006261003048353945	3.1975	B	0.004686310107640318	1
1908	7.149166666667952	-0.18016666666664863	0.00013411072984974957	3.8	B	0.00661876727181443	1
1909	6.9291666666679745	-0.26383333333330694	0.00031818576674545843	3.71	A	0.0023061825873815244	1
1910	6.714833333334663	-0.34149999999996583	0.00031483580753721295	1.8025000000000002	B	0.0022326317920296755	1
1911	6.7558333333346585	-0.35816666666663083	5.1079717988486e-05	1.8025000000000002	B	0.0022326317920296755	1
1912	6.726500000001328	-0.40583333333329275	0.00011890742531959076	1.8025000000000002	A	0.0022326317920296755	2
1913	6.685166666668	-0.37849999999996214	0.00041451084543881644	1.5939999999999999	A	0.0017459957893074262	5
1914	6.566833333334678	-0.33349999999996666	0.00010856525240931548	2.13	A	0.00023631795198504683	2
1915	6.451166666668022	-0.24949999999997505	3.104996904711437e-05	3.38	A	2.071281502250409e-06	1
1916	6.361166666668032	-0.27583333333330573	2.381683586048402e-05	1.53	B	0.0007201019406309012	1
1917	6.352166666668033	-0.31183333333330215	0.0015418802617301948	2.965	B	0.0027043351629812864	4
1918	6.235166666668043	-0.6418333333332691	0.0006891368349428323	3.5	A	0.006705874017579047	3
1919	6.1671666666680505	-0.41149999999995884	0.000515200057750809	3.71	B	0.002974747573255886	1
1920	6.153166666668052	-0.3701666666666296	6.821802192344047e-05	2.05	B	0.0009082596520373915	1
1921	6.219833333334712	-0.17749999999998223	0.00024310192744329755	2.63	A	0.0008889703667286886	1
1922	5.996166666668067	-0.33583333333329973	0.0010462359749636918	3.22	A	0.001600173813646564	1
1923	5.898833333334744	-0.3154999999999684	0.0006467750347513161	2.3200000000000003	A	0.0011146903251737514	2
1924	5.870166666668081	-0.15583333333331773	0.00037592502998262255	3.38	A	0.00013225744382751564	2
1925	5.829833333334751	-0.5164999999999483	0.00012528407050896211	3.44	A	0.0006829773877064995	1
1926	5.805166666668086	-0.05416666666666124	7.780876599990318e-05	1.6	A	4.1039590342351105e-05	1
1927	5.734500000001427	-0.3271666666666339	0.00010355232802529332	1.98	B	0.0006223767429176204	1
1928	5.657166666668101	-0.31816666666663485	0.0002495706235534371	2.95	B	0.0013815512716152923	1
1929	5.6895000000014315	-0.14016666666665265	6.217716131785505e-05	3.27	A	0.00026499754940659275	1
1930	5.663833333334768	-0.47583333333328576	0.00018474911259925794	1.74	A	0.00014404349552787015	1
1931	5.492166666668119	-0.35116666666663154	3.65572563647807e-05	3.07	B	0.0013127411499893557	1
1932	5.4815000000014535	-0.3664999999999633	0.0004130618060961401	9.36	B	0.012202646930376709	1
1933	5.475500000001453	-0.3871666666666279	0.00041928886849959947	9.36	B	0.012202646930376709	1
1934	5.416833333334792	0.14849999999998514	0.0005144039835603842	2.856666666666667	A	0.0013401735216684	3
1935	5.367833333334797	0.054166666666661256	0.00029750799647268586	2.73	A	0.0012239599094938077	2
1936	5.374833333334796	-0.008499999999999149	0.0007134528297690031	2.94	A	0.001419503800359682	4
1937	5.333500000001467	-0.18783333333331456	0.00013599286780906634	2.95	A	-2.1880258411108393e-05	1
1938	5.009166666668166	0.07549999999999245	3.847179377132977e-05	0.76	A	7.396149934987943e-05	1
1939	4.967833333334837	-0.01983333333333135	0.0023524570230297505	3.32	A	0.0014114148726352338	1
1940	4.886500000001512	-0.18749999999998124	0.0011496374662393538	2.691666666666667	A	0.0008882475993929298	6
1941	4.848166666668183	-0.14883333333331844	0.00010467734548007875	2.51	A	0.0007723940734931771	1
1942	4.897833333334844	-0.33816666666663286	0.00017041328882057066	1.78	A	0.00011647824254545158	1
1943	4.840166666668184	0.12883333333332042	0.0039834119791898786	3.5149999999999997	A	0.004400596482370323	4
1944	4.789166666668188	-0.051499999999994855	0.001504442623833521	3.4725	A	0.004294824257532338	4
1945	4.676500000001533	-0.019499999999998054	0.000548892032572434	2.875	A	0.0029439917362567023	2
1946	4.735166666668195	-0.4468333333332886	0.00010649311407290001	1.81	A	0.00026335053426069675	1
1947	4.652833333334868	0.11183333333332214	4.738883106978512e-05	3.52	A	2.4838353687242415e-05	1
1948	4.631166666668204	-0.6938333333332639	0.0005237664969838159	2.53	A	0.00038199720490397163	1
1949	4.620166666668205	0.06049999999999395	0.0007276661932833706	3.84	A	0.00022958010910304017	1
1950	4.5398333333348795	-0.32716666666663397	0.00013362438580044941	3.34	A	0.0023014945903686063	1
1951	4.53583333333488	0.3208333333333012	0.0008636685533097014	3.49	A	0.00044825149955135665	1
1952	4.434833333334891	-0.4818333333332851	0.0003343770186127042	3.66	A	0.0003085125001738469	1
1953	4.398166666668227	-0.4768333333332856	0.00037169122692704394	3.66	A	0.0003085125001738469	1
1954	4.366833333334897	-0.06683333333332664	0.00012463854591924204	4.095	B	0.0043342454846767384	2
1955	4.3428333333349	-0.06183333333332715	8.972073170769429e-05	3.29	B	0.0027976764630435872	1
1956	4.2321666666682445	-0.03849999999999615	0.0017444225578454751	3.81	A	0.003751937926034222	1
1957	3.9681666666682704	-0.04483333333332885	0.000778336876310218	1.9100000000000001	A	0.0009429147462448899	2
1958	3.680500000001631	-0.18549999999998143	0.0004889039891110047	2.28	A	0.00030759831532819034	1
1959	3.566166666668312	0.29149999999997084	0.00179001936694263	4.67	A	0.0018115729820664453	1
1960	3.468500000001655	-0.02449999999999755	0.0007226385125546062	2.59	A	0.0007485440697496778	2
1961	3.427500000001659	-0.6008333333332733	2.7845687577537036e-05	0.6	A	3.29868918782221e-05	1
1962	3.363500000001666	0.8024999999999197	1.0859846924662424e-05	0.43	A	3.5025351810873697e-06	2
1963	3.338500000001666	-0.426166666666624	0.0004965422729429377	2.69	A	0.0018573319057270485	2
1964	3.2168333333350136	-0.21716666666664491	0.0003839895162312758	2.05	A	0.0022101413177263826	1
1965	3.124500000001689	-0.2558333333333077	0.005684542738845838	7.62	A	0.030536711369183057	1
1966	3.0351666666683648	-0.2511666666666415	0.0020136153812347264	7.62	A	0.030536711369183057	1
1967	3.165166666668352	0.24183333333330914	0.007460025276397616	9.455	A	0.0261310088003921	4
1968	3.1511666666683533	0.3208333333333012	0.002708521704293161	9.45	A	0.02610337886967732	2
1969	3.135500000001688	0.21383333333331195	3.0463344943220437e-05	9.44	A	0.02604816285368133	1
1970	3.1218333333350228	0.22449999999997755	0.0012726276165566548	7.225	B	0.015258393568029448	1
1971	3.104166666668358	0.24449999999997554	0.00023410129000938048	7.225	B	0.015258393568029448	1
1972	3.19316666666835	0.13349999999998663	0.00515893047911496	9.455	A	0.005974795099579027	2
1973	3.074166666668361	0.15116666666665154	0.0008792738498775214	8.65	B	0.01374737015430395	1
1974	3.0918333333350256	0.14383333333331894	0.00012436375359102671	7.98	B	0.011700197539164521	1
1975	3.06516666666836	0.3218333333333011	0.009256759221639299	7.235	A	0.01827142443842135	2
1976	3.007166666668366	-0.19349999999998063	0.0027733820807070036	7.63	A	0.014672422726514074	1
1977	2.9715000000017047	-0.20783333333331255	0.0015214137828998455	9.015	B	0.03097947139366542	2
1978	2.9248333333350427	-0.19649999999998036	0.0009083765730534053	7.66	B	0.02236660562593686	1
1979	2.8168333333350524	0.32749999999996726	2.082205366750975e-05	0.61	A	3.661931385385046e-05	1
1980	2.8125000000017186	-0.37716666666662896	0.0001648044972247468	1.65	A	0.0005240504483738246	1
1981	2.823166666668384	-0.46616666666662004	0.0018744294740311914	4.33	A	0.003608951130033426	1
1982	2.6708333333350684	0.07116666666665955	0.0032580012559429903	4.136666666666667	A	0.0046855858327264546	3
1983	2.6511666666684026	0.20716666666664593	0.0005087664799676051	3.28	A	0.0017918308360298028	1
1984	2.5781666666684098	-0.20916666666664574	0.0006470214363975432	4.68	A	0.00040275626975034797	1
1985	2.581166666668411	0.06416666666666025	4.073451091947778e-06	0.34	A	1.618573445778737e-06	1
1986	2.4871666666684176	0.15449999999998454	0.0016812171424885486	3.88	A	0.009602734814712155	1
1987	2.4448333333350885	0.10083333333332326	0.0012089214691389165	4.24	A	0.011467353425242405	1
1988	2.489833333335087	-0.5248333333332809	0.001079997909914264	4.39	A	0.003175861311729032	1
1989	2.4511666666684224	-0.18849999999998115	0.001638387686187972	4.55	A	0.004710874250961075	1
1990	2.315833333335104	-0.0031666666666663526	0.0005189657806021864	3.48	A	0.0017577674258727452	1
1991	2.1271666666684563	0.01849999999999815	0.001533755581133225	5.47	A	0.004342877474963322	1
1992	2.1328333333351215	0.26249999999997375	0.0006874062675038615	2.61	A	0.0004159929832913282	1
1993	2.004166666668467	-0.19249999999998077	0.0059148144391540656	8.64	A	0.18293013300578378	1
1994	1.9448333333351397	-0.22983333333331035	0.005412782584273289	9.37	B	0.21514781853480117	1
1995	1.9341666666684743	-0.08949999999999106	0.0012233885072096406	4.38	B	0.04701170325944355	2
1996	1.899500000001811	-0.13249999999998677	0.0017482523755866133	9.45	B	0.2188373173164893	1
1997	1.8781666666684798	-0.16116666666665055	0.0010228993918195031	6.609999999999999	B	0.10706824503148044	1
1998	1.8925000000018117	-0.07449999999999257	7.343832680067921e-05	9.65	B	0.228198293237085	1
1999	1.849500000001816	-0.16683333333331668	0.00012139414024313042	9.23	B	0.20876667159835333	1
2000	1.7441666666684932	-0.21783333333331156	0.008107410947104767	7.847824074074074	B	0.15092329659208883	2
2001	1.6748333333351668	-0.23016666666664365	0.020736383149661832	9.38	B	0.21560729052043257	1
2002	1.7091666666684968	-0.06583333333332675	0.0009929042326811898	9.12	B	0.20382030251570352	1
2003	1.6741666666685002	-0.07583333333332576	0.00014344548360053754	6.609999999999999	B	0.10706824503148044	1
2004	1.652833333335169	-0.07716666666665895	0.0007300067656586248	7.847824074074074	B	0.15092329659208883	2
2005	1.597166666668508	-0.13949999999998608	0.01666091397830704	7.847824074074074	B	0.15092329659208883	2
2006	1.6191666666685058	0.030166666666663622	0.000179896013353339	7.847824074074074	B	0.15092329659208883	1
2007	1.6101666666685066	0.00949999999999901	0.00047048123075143236	7.847824074074074	B	0.15092329659208883	1
2008	1.5398333333351804	0.13816666666665284	0.00048437256535930815	8.8	B	0.18976805635888064	1
2009	1.5165000000018494	0.13749999999998624	0.0011988203624508141	7.847824074074074	B	0.15092329659208883	1
2010	1.9188333333351428	-0.35616666666663105	0.0018537099399486229	6.505000000000001	A	0.004298794665535667	2
2011	1.8021666666684875	0.04383333333332895	0.0020691921105776886	8.7	A	0.0025613564098541167	1
2012	1.7435000000018253	-0.4268333333332906	0.00038588547722140696	6.6450000000000005	B	0.05013458643509488	2
2013	1.7161666666684947	-0.40683333333329263	0.000568814921109479	6.6450000000000005	B	0.05013458643509488	2
2014	1.6848333333351644	-0.3588333333332974	0.00024492005208262893	6.16	B	0.043083293005462694	1
