ID	l [deg]	b [deg]	Area [pc^2]	Distance [kpc]	Flag	Mass [kg]	# of distance points
1   	39.967499999998005	-0.926166666666574     	0.00043552472786487125	3.29	A	14427211.526587263	3 
2   	39.96683333333134 	-0.9078333333332426    	2.8140216068380352e-05	3.24	A	855363.6294554074 	1 
3   	39.90216666666468 	-0.8974999999999103    	0.0004272055949918284 	3.27	A	9740610.574466674 	1 
4   	39.862499999998015	-0.859499999999914     	0.00021632469528111236	3.25	A	6179431.213740134 	1 
5   	39.92816666666467 	-0.15883333333331745   	0.0006264497386488338 	9.21	A	19581385.2546815  	1 
6   	39.89683333333135 	-0.07883333333332546   	0.0031269235468357063 	8.14	A	41228614.06208867 	1 
7   	39.89349999999801 	-0.43349999999995664   	0.00018784439654061482	8.35	A	23857595.181766517	1 
8   	39.79883333333135 	-0.22216666666664445   	0.006074911776468394  	9.14	A	76574308.30453654 	2 
9   	39.74749999999803 	-0.4768333333332857    	0.0033670203787555873 	9.33	A	47275652.697632894	1 
10  	39.735166666664696	-0.557166666666611     	0.0004981031048478929 	7.12	B	14144422.705646427	1 
11  	39.71649999999803 	-0.5344999999999466    	2.043322070045748e-05 	4.22	B	2180152.7725274987	1 
12  	39.71549999999803 	-0.5441666666666123    	4.328359687318441e-05 	8.5 	B	4192030.6327048144	1 
13  	39.69249999999803 	-0.22249999999997772   	0.002393570290848961  	9.45	A	39206409.16365836 	1 
14  	39.6201666666647  	-0.6234999999999375    	0.002390910837604037  	9.08	B	43623517.96522691 	1 
15  	39.6011666666647  	-0.5471666666666118    	5.058527236390476e-05 	7.28	A	423207.13318205613	1 
16  	39.64149999999803 	-0.3641666666666302    	0.0030794820683987954 	9.28	A	158535840.0140484 	1 
17  	39.58016666666471 	-0.17849999999998215   	0.0010028065286237686 	9.51	A	49174801.78870025 	1 
18  	39.48116666666471 	-0.17949999999998206   	0.008137383795256348  	9.62	A	437522396.34273016	2 
19  	39.454499999998056	-0.9648333333332367    	0.00013111275966624534	3.26	A	3141764.5320299603	1 
20  	39.44049999999806 	-0.9771666666665688    	1.299954432782959e-05 	3.28	A	270117.62158015085	1 
21  	39.38949999999806 	-0.9011666666665764    	0.00012927637964340994	3.27	A	3034362.5871863514	2 
22  	39.37416666666473 	-0.18183333333331514   	0.001165644888958765  	3.77	A	29671322.442161195	1 
23  	39.31116666666474 	-0.21383333333331195   	0.00016387314604847538	9.88	B	7111232.197769446 	1 
24  	39.30849999999807 	-0.19949999999998003   	3.4696207407899565e-05	4.29	B	4043378.192181916 	1 
25  	39.27816666666474 	-0.19849999999998014   	8.079170737530653e-05 	4.29	B	8375126.909732877 	1 
26  	39.301833333331395	-0.5884999999999412    	0.0010583077727547173 	8.93	A	94103953.31051551 	1 
27  	39.297499999998074	-0.26716666666663996   	0.00025711889259935936	8.63	A	17411233.632938664	1 
28  	39.26816666666473 	-0.5898333333332744    	0.0003454623342129701 	3.85	A	27900266.02021013 	1 
29  	39.16249999999808 	-0.8108333333332522    	0.002457807299190344  	7.54	B	20956245.432162162	1 
30  	39.13583333333142 	-0.8684999999999131    	2.2018943910174857e-05	0.91	B	207970.54630333028	1 
31  	39.08283333333142 	-0.8451666666665821    	0.0003140097526605875 	4.53	B	6414648.82368394  	1 
32  	39.063833333331424	-0.9631666666665702    	0.00013460537506220275	4.53	B	1051307.9396679106	1 
33  	39.062499999998096	-0.8011666666665865    	0.0004994572524796677 	5.49	A	2921216.5352701317	1 
34  	39.01483333333143 	-0.9678333333332365    	0.005079129044555741  	8.46	B	79337810.89104483 	1 
35  	39.04483333333143 	-0.882833333333245     	0.000214687933084246  	4.53	B	8272917.7676488785	1 
36  	39.047833333331425	-0.8971666666665769    	1.2896239760721146e-05	8.56	B	406754.256113812  	1 
37  	39.035499999998095	-0.8484999999999151    	0.0005186015681688565 	8.69	B	5820207.564664034 	1 
38  	39.0284999999981  	-0.8908333333332442    	0.0004064758800027785 	8.76	B	14467921.8489317  	1 
39  	39.023499999998094	-0.8188333333332514    	0.00028913801889071493	5.42	B	3378877.9124798467	1 
40  	39.01483333333143 	-0.8441666666665821    	0.00010877475676287558	5.42	B	1280732.0515874545	1 
41  	39.0154999999981  	-0.8881666666665777    	0.00011312084856866357	8.58	B	2524083.174851941 	1 
42  	38.97183333333144 	-0.9014999999999098    	0.0009280930475806139 	8.55	B	11207596.464785587	1 
43  	39.10149999999809 	-0.32283333333330105   	0.0059531604381157215 	9.8 	A	118341868.8893473 	3 
44  	38.9844999999981  	-0.2581666666666408    	0.019916764370344203  	9.71	B	326972594.49927527	1 
45  	39.10583333333142 	-0.2538333333333079    	0.0019274138238388925 	9.99	A	27482132.14790392 	1 
46  	38.9564999999981  	-0.4674999999999532    	0.004738268163270027  	2.59	B	223929443.5897336 	9 
47  	38.9874999999981  	-0.22249999999997772   	0.0002728775640380421 	7.86	B	6754212.848814405 	1 
48  	38.90983333333144 	-0.346166666666632     	0.000980560421349745  	2.54	B	60653833.70576868 	1 
49  	38.9814999999981  	-0.1584999999999841    	0.0004851849586946597 	9.67	B	3999554.2939080317	1 
50  	38.9624999999981  	-0.5434999999999456    	0.00014153979160693147	2.59	A	6481216.409700874 	1 
51  	38.93816666666477 	-0.36616666666663      	0.0001238898711019062 	2.51	A	4840878.902313871 	1 
52  	38.90783333333144 	-0.282833333333305     	0.0005912768039635765 	7.93	A	10110862.946251899	1 
53  	38.84916666666478 	-0.4281666666666238    	0.0001452552705226256 	2.54	B	15289552.889908388	2 
54  	38.834833333331446	-0.449499999999955     	0.00011906612767412351	3.36	B	8878698.322993025 	1 
55  	38.77749999999812 	-0.3024999999999697    	0.014751030961947601  	7.7 	B	250826378.43536144	1 
56  	38.75416666666479 	-0.3701666666666296    	0.00047670513911728807	2.62	A	11112447.304196306	1 
57  	38.76283333333146 	-0.44783333333328845   	0.00035173158071364913	4.0 	A	7392297.7052202895	1 
58  	38.72516666666479 	-0.5301666666666136    	0.0013391867872048807 	9.1 	B	29615758.867101658	2 
59  	38.686833333331464	-0.2241666666666442    	0.014769493079140512  	7.7 	B	258230493.03191236	1 
60  	38.57049999999814 	-0.3904999999999609    	0.00301902775957606   	9.15	B	35440153.76844863 	1 
61  	39.02416666666477 	-0.37049999999996297   	0.005525278250603526  	9.31	A	73404530.50954875 	3 
62  	38.94949999999811 	-0.06816666666665985   	0.008865921402854011  	7.62	A	160821356.1583132 	1 
63  	38.825166666664785	0.7898333333332543     	0.0010850934742965637 	2.03	A	11839418.029229151	6 
64  	38.624166666664806	0.15316666666665132    	0.01698412621255877   	7.87	A	272849085.2440886 	5 
65  	38.723166666664795	0.02383333333333093    	8.047274010580135e-05 	7.91	A	1095588.240727296 	1 
66  	38.6921666666648  	-0.13549999999998646   	0.008208482839658882  	9.09	A	73232747.19657029 	2 
67  	38.6631666666648  	0.054499999999994525   	0.00038372545354397686	2.24	B	6217640.5025398275	1 
68  	38.6671666666648  	-0.01549999999999846   	0.0029482195615166936 	5.26	B	46080166.785172366	1 
69  	38.667499999998135	0.22716666666664395    	5.213858834172242e-06 	1.84	A	47878.17525953043 	1 
70  	38.56349999999814 	-0.011499999999998872  	0.0004895153088875845 	7.84	B	11891628.049437713	1 
71  	38.56683333333147 	-0.03749999999999626   	0.0001898180304035301 	5.26	B	7817931.7102509   	1 
72  	38.55716666666481 	-0.02749999999999725   	1.7978858579607709e-06	1.1 	B	70040.07551585694 	1 
73  	38.50216666666482 	0.04183333333332914    	0.00011192748241108161	1.35	A	701797.1412948247 	1 
74  	38.45949999999815 	0.09449999999999051    	0.00016767173305788226	1.11	A	2018783.30607287  	2 
75  	38.45083333333149 	0.04949999999999505    	0.0012802189988675432 	7.79	A	9741821.878157906 	1 
76  	38.43249999999816 	0.15249999999998473    	1.1467347137261933e-05	1.14	A	85702.4583037233  	1 
77  	38.574833333331476	-0.5488333333332784    	0.006729720808649279  	8.24	A	179878093.8675334 	1 
78  	38.587499999998144	0.35649999999996435    	1.088425456465473e-06 	1.11	A	115822.54828862216	1 
79  	38.40316666666482 	-0.10416666666665625   	0.003014918077626666  	7.89	B	85336508.75913863 	1 
80  	38.421499999998154	-0.16816666666664987   	3.1800217382655308e-06	1.12	B	296190.3165265944 	1 
81  	38.40649999999816 	-0.15549999999998446   	0.00040910979716940254	9.81	B	35025924.037877195	1 
82  	38.39816666666483 	-0.015166666666665163  	8.554453417544387e-05 	7.89	B	6517664.227940365 	1 
83  	38.37649999999816 	-0.028499999999997166  	0.000261653724004592  	5.12	B	28431847.230929594	1 
84  	38.383833333331495	-0.14883333333331844   	3.94831831746502e-05  	5.12	B	4823947.186675641 	1 
85  	38.36949999999816 	-0.14949999999998503   	0.00014095885064869938	7.89	B	19053021.078077365	1 
86  	38.3738333333315  	-0.08649999999999136   	9.86079852071619e-05  	7.89	A	1318910.0935589587	1 
87  	38.3398333333315  	-0.012166666666665465  	2.874756634151657e-05 	1.12	B	1073751.4923432202	1 
88  	38.36416666666483 	-0.9224999999999078    	0.00015915857378084246	1.09	B	2053119.5830634385	6 
89  	38.38316666666483 	-0.7558333333332579    	0.0002942417009887883 	8.54	B	1253455.5908166498	1 
90  	38.35216666666483 	-1.030499999999897     	9.278612489550272e-05 	1.08	A	1253076.7293909967	3 
91  	38.3418333333315  	-0.8031666666665864    	6.847047767165427e-05 	1.09	B	555038.2691791628 	4 
92  	38.3258333333315  	-0.7328333333332602    	1.0967658814192314e-06	1.11	A	5067.174657845016 	1 
93  	38.32416666666484 	-0.8164999999999184    	1.7449460581122497e-06	1.08	A	11452.663123728262	1 
94  	38.28349999999817 	0.83283333333325       	0.00011236975678133364	2.54	A	3108525.9478082214	2 
95  	38.23716666666484 	-0.13616666666665306   	0.0017313556128519519 	9.18	B	56150957.42676787 	1 
96  	38.17449999999818 	-0.19649999999998036   	0.0021216276098569415 	9.51	B	76946769.97249974 	1 
97  	38.185499999998186	-0.14449999999998553   	0.0003715480567397441 	9.36	B	11314013.872585597	1 
98  	38.24483333333151 	0.7231666666665943     	0.000176380260747885  	2.76	A	3587271.396459865 	1 
99  	38.22716666666484 	-0.40316666666662637   	0.0035544331554279033 	9.32	A	32959795.52101477 	1 
100 	38.19816666666485 	-0.3801666666666286    	0.0015956945495673887 	3.74	B	37848714.54950113 	2 
101 	38.15283333333152 	-0.3254999999999675    	0.00022379690541887945	8.02	B	7933062.839979465 	1 
102 	38.09949999999819 	-0.05983333333332735   	0.0034124614850278645 	8.11	A	94647145.10090898 	3 
103 	38.0614999999982  	0.20216666666664643    	0.0006537812428526125 	2.63	A	10046931.088996038	2 
104 	38.06816666666486 	0.10216666666665644    	0.00038229469598498095	7.69	A	2350136.296699096 	1 
105 	38.04016666666487 	0.06816666666665985    	0.0004895909626545713 	5.21	B	12965166.20098693 	2 
106 	38.009833333331535	0.08716666666665795    	0.0002656091365233    	8.04	B	4539370.08823073  	1 
107 	37.94716666666487 	-0.002833333333333049  	0.004411544793730376  	7.82	A	172914708.3669555 	1 
108 	37.95316666666487 	-0.059499999999994044  	0.010722855073163689  	9.86	A	1563567308.0325685	3 
109 	37.79916666666489 	0.7778333333332555     	6.443179933510273e-05 	2.28	A	1944187.8730384156	1 
110 	37.76783333333155 	-0.8488333333332484    	1.61858804467435e-06  	0.92	B	24312.653597878405	1 
111 	37.752166666664884	-0.8388333333332494    	3.523651849468054e-07 	0.92	B	20981.670653648685	1 
112 	37.747833333331556	-0.8471666666665819    	4.1111344667900835e-05	4.81	B	2445329.475554509 	1 
113 	37.71216666666489 	0.2844999999999715     	0.0003156205746533763 	7.24	B	5226591.186623928 	1 
114 	37.705166666664894	0.26949999999997304    	7.59967580783611e-05  	7.26	B	1470712.2374952468	1 
115 	37.65083333333156 	0.2624999999999737     	0.003274142152106284  	7.31	B	65370217.047305875	2 
116 	37.62049999999824 	0.2281666666666438     	0.0009112295879915299 	7.25	B	17794380.49872349 	1 
117 	37.59949999999824 	0.21983333333331134    	1.5032260431631487e-05	7.8 	A	238565.61980513672	1 
118 	37.55816666666491 	0.15049999999998492    	9.967271176683176e-05 	2.59	B	6964929.897565782 	1 
119 	37.54516666666491 	0.04883333333332844    	0.007128665463289237  	5.55	A	240505848.46910337	1 
120 	37.492166666664914	0.15216666666665146    	0.002643393433781807  	5.55	A	129243793.55816837	1 
121 	37.47249999999825 	0.18149999999998184    	0.0007644753912698534 	7.79	A	9873035.936113061 	1 
122 	37.39516666666493 	0.08849999999999116    	0.0014147999158586474 	7.81	A	44420976.195172615	1 
123 	37.367833333331596	0.06549999999999345    	0.00047115930246514757	7.85	B	33505597.35375027 	2 
124 	37.322166666664934	0.13049999999998696    	0.0007311859409529086 	7.29	A	18022655.580628444	1 
125 	37.3108333333316  	0.09549999999999044    	0.0010277974087588976 	7.29	B	71766355.20010296 	2 
126 	37.28016666666493 	0.10683333333332264    	0.0003299101426153328 	7.4 	B	14269853.511785451	1 
127 	37.67549999999823 	-0.08949999999999106   	0.00017502657782690736	5.45	A	9366498.72343521  	1 
128 	37.60116666666491 	0.42816666666662384    	0.0016618344254219677 	7.36	A	134299254.05264276	1 
129 	37.583499999998246	0.4251666666666241     	0.00027055875531514214	7.2 	A	12378352.788961312	1 
130 	37.214166666664944	-0.025166666666664145  	0.0002655971647202386 	5.77	B	6625469.477026911 	1 
131 	37.214499999998274	-0.016166666666665046  	4.200439595751876e-05 	7.46	B	592419.5174186297 	1 
132 	37.20716666666495 	0.29783333333330353    	0.0004889526913440804 	8.3 	A	14807736.954519063	1 
133 	37.16949999999828 	0.09916666666665674    	0.0009583227959785432 	7.56	B	59428344.686319925	1 
134 	37.16649999999828 	0.06516666666666016    	0.00017707598256528416	5.78	B	8313742.097390544 	1 
135 	37.18183333333161 	-0.0014999999999998521 	0.001992692808218716  	7.52	A	36804478.79296896 	3 
136 	37.13016666666495 	-0.24216666666664247   	0.0007679075800467115 	7.41	A	64412735.78410411 	1 
137 	37.10249999999829 	-0.22483333333331085   	7.98618819938444e-05  	8.38	A	9182348.041373488 	1 
138 	37.081166666664956	-0.15049999999998495   	0.0013011423043192158 	4.69	B	12315898.142328348	1 
139 	37.103833333331615	-0.13116666666665355   	0.0002411771020910909 	8.35	B	1427992.4645939602	1 
140 	37.05749999999829 	-0.024166666666664248  	0.0017992774153194062 	8.39	A	141010467.3274671 	2 
141 	37.04216666666496 	-0.06949999999999304   	0.0016170148063788148 	8.39	A	20308989.201272294	1 
142 	37.02883333333163 	-0.4244999999999575    	0.00036829409352285485	4.99	A	5677082.908353523 	1 
143 	36.948499999998305	0.26216666666664046    	0.010088906875494028  	9.8 	A	109040067.49123405	1 
144 	36.93283333333164 	-0.040833333333329246  	0.0007075066649037791 	4.81	A	3474671.7509466866	2 
145 	36.90083333333164 	-0.4101666666666256    	0.001084648566001022  	4.84	B	102283708.36974786	3 
146 	36.90716666666498 	-0.4884999999999511    	0.0006724345386151073 	4.84	B	57699118.461717784	1 
147 	36.86649999999831 	-0.3654999999999634    	0.000360756650241568  	4.84	B	13905641.522915611	1 
148 	36.881166666664974	-0.4384999999999561    	0.0005991781513376718 	8.49	A	21914169.083224576	1 
149 	36.932499999998306	-0.5298333333332804    	0.0007869067753201861 	8.29	A	22155288.894664157	1 
150 	36.90083333333164 	-0.22749999999997722   	0.0033678913977441593 	8.51	A	75872800.71547885 	2 
151 	36.86116666666498 	-0.20183333333331313   	0.006229118342579895  	8.65	A	146652664.86445943	4 
152 	36.816499999998314	-0.1898333333333143    	6.280527499125152e-05 	8.65	A	982218.2446325609 	1 
153 	36.665166666664994	-0.11383333333332193   	0.0029301633477125774 	3.26	B	82736886.3091321  	10
154 	36.62549999999833 	-0.08516666666665815   	1.604279826003171e-05 	3.21	A	283374.9654220089 	1 
155 	36.590499999998336	-0.08583333333332474   	0.0004063860513718577 	3.19	A	11421482.259235477	2 
156 	36.38483333333169 	-0.13783333333331954   	0.003998354944071074  	4.5 	B	107005081.65647721	5 
157 	36.90149999999831 	-0.13116666666665355   	0.0020311831264522707 	8.57	A	55453472.17042669 	3 
158 	36.86383333333164 	-0.12583333333332075   	0.0002713844025544286 	4.77	A	6859669.579583418 	1 
159 	36.834166666664984	0.021499999999997854   	0.0018889332537012351 	5.43	A	47426412.87333429 	2 
160 	36.84149999999832 	-0.02316666666666435   	0.0031106484205927045 	9.79	A	72090305.0901017  	2 
161 	36.78349999999832 	-0.035499999999996444  	0.0015320107647067485 	9.8 	B	56941649.506249614	1 
162 	36.78016666666499 	-0.06416666666666024   	0.00026772973644502933	8.29	B	8604467.460786853 	1 
163 	36.85783333333165 	0.28683333333330463    	0.00015344767442590607	8.1 	A	1312524.7245271965	1 
164 	36.84183333333165 	0.30749999999996924    	0.002753472887599921  	8.13	A	57382458.461284645	1 
165 	36.80816666666498 	0.37216666666662945    	0.0008789496645116153 	8.23	A	4704538.041881528 	1 
166 	36.77749999999832 	0.4134999999999587     	0.005918168743687495  	9.01	A	72465730.68386586 	3 
167 	36.769166666664994	0.7048333333332628     	4.701438179883139e-05 	1.4 	A	475985.20536614995	1 
168 	36.716166666664996	0.6564999999999342     	0.00010747253489340522	1.44	A	1314086.4200925196	1 
169 	36.71949999999833 	-0.4901666666666176    	0.0021337796039376114 	8.71	A	22674042.125324022	2 
170 	36.69649999999833 	-0.29049999999997095   	0.0006823264599652959 	8.93	A	10728990.547740838	1 
171 	36.68549999999833 	0.8291666666665837     	8.145271499154677e-05 	2.73	A	1796269.4512442453	1 
172 	36.636833333331666	-0.28516666666663815   	0.0005060657805086499 	4.91	A	8153735.570532996 	1 
173 	36.63649999999834 	-0.19949999999998005   	0.0008840711359285407 	8.89	A	20796401.962976933	1 
174 	36.62983333333167 	0.869499999999913      	9.603125082258025e-05 	2.7 	A	2595140.1738368482	2 
175 	36.602166666665   	0.8924999999999107     	8.216924759413811e-05 	2.69	A	2080892.3148961286	1 
176 	36.571833333331675	0.07949999999999205    	0.003945510302642929  	9.88	A	79824577.05794619 	3 
177 	36.569166666665005	0.8411666666665826     	2.440773476216896e-06 	0.92	B	89087.36590747266 	1 
178 	36.55316666666501 	0.8431666666665824     	5.3689868121320714e-05	2.64	B	1425955.9901557127	1 
179 	36.53583333333168 	0.33083333333330023    	0.005020646045703469  	9.18	A	57528674.544476464	2 
180 	36.47516666666502 	0.6324999999999368     	0.0002475810003221572 	9.18	B	6633543.664846929 	1 
181 	36.47049999999835 	0.6204999999999379     	0.00030606780486139176	9.1 	B	9534794.198043754 	1 
182 	36.46583333333169 	0.7148333333332618     	0.00042036968799755674	9.17	A	2535319.1165342703	1 
183 	36.448499999998354	0.6098333333332724     	0.0001781597626060979 	4.2 	B	5951460.070174972 	1 
184 	36.44816666666502 	0.6418333333332691     	0.0017015918157209234 	9.22	B	36462256.75446038 	1 
185 	36.436166666665024	0.5938333333332739     	0.0003999779544973553 	8.96	B	7369703.568168852 	1 
186 	36.41549999999835 	0.6568333333332677     	0.0002583749493603972 	9.22	A	3839157.437903105 	1 
187 	36.454499999998355	0.08749999999999125    	0.002705497471011114  	9.95	A	47943074.73340286 	1 
188 	36.40083333333169 	-0.2508333333333082    	0.001135075689123705  	8.97	A	15424255.575440982	1 
189 	36.346833333331695	-0.08683333333332466   	0.00017038232073674758	2.02	A	2389376.7758741993	3 
190 	36.29549999999837 	0.32949999999996704    	0.0002418267867393739 	8.21	B	16244092.538883327	1 
191 	36.29816666666503 	0.31349999999996864    	1.0696881343569762e-05	3.09	B	620471.9726692224 	1 
192 	36.19883333333171 	0.07083333333332625    	0.0010406716497264896 	8.55	A	43743593.61807137 	1 
193 	36.11016666666506 	0.5548333333332778     	0.0016213780261451897 	8.96	A	93570028.327338   	1 
194 	36.09216666666506 	-0.3914999999999608    	0.00042852146778327074	8.32	A	8130937.566542214 	1 
195 	36.080499999998395	0.32116666666663457    	0.00027707611575041166	7.79	A	11165836.116903609	1 
196 	36.01083333333173 	-0.19716666666664695   	0.00036516658985854335	5.28	A	31922497.04852051 	1 
197 	35.99616666666506 	-0.17216666666664943   	1.3978343390334643e-05	3.25	A	111195.94306963129	1 
198 	36.03749999999839 	-0.5098333333332824    	0.0002251788828981259 	9.95	A	1926408.585338586 	1 
199 	36.01449999999839 	-0.49683333333328367   	0.0034662432829633757 	9.93	A	60628302.83656705 	2 
200 	35.839833333331754	-0.22783333333331054   	4.5509278973898555e-05	1.83	B	2805284.6302925902	1 
201 	35.81683333333175 	-0.19383333333331393   	4.528258269009333e-05 	1.83	B	2123462.5493019447	2 
202 	35.79283333333176 	-0.17649999999998234   	0.00015890810413820566	9.89	B	5298697.813027867 	1 
203 	35.679833333331764	-0.17449999999998253   	0.0003729613840899799 	1.8 	A	6738803.485746082 	4 
204 	35.47783333333179 	-0.3101666666666356    	0.002815681815099238  	2.78	A	59556332.19378459 	7 
205 	35.50116666666512 	-0.3324999999999667    	0.003833667869753915  	9.34	A	48095943.21452113 	1 
206 	35.49849999999845 	-0.30549999999996946   	4.4689702421324575e-05	4.25	A	777515.6168087976 	1 
207 	35.853166666665075	0.2604999999999739     	0.00012016827445303143	1.87	A	6851366.185497682 	2 
208 	35.679166666665104	0.12683333333332064    	0.00030364138766570564	1.84	B	3870216.803161427 	2 
209 	35.63216666666511 	0.14083333333331924    	1.6489544752470015e-05	1.84	A	262974.3541926419 	1 
210 	35.60849999999844 	0.11183333333332214    	0.0007342904578482592 	4.94	B	27501440.703043003	1 
211 	35.537499999998445	0.14449999999998553    	0.0009964544525850841 	4.94	B	30058527.882863034	1 
212 	35.82349999999842 	-0.10849999999998915   	1.8772682437049114e-05	1.81	A	275076.43975228304	1 
213 	35.81649999999842 	0.21649999999997832    	0.0001979773867014017 	6.76	A	1780450.2135782614	1 
214 	35.78249999999842 	0.24583333333330873    	0.00028123861768346845	1.86	A	5598318.263977384 	1 
215 	35.58749999999844 	-0.9724999999999028    	0.00046731511524338997	2.15	A	16318118.647710484	3 
216 	35.49549999999845 	-0.04183333333332914   	0.0003289445108100299 	6.23	A	25725165.976676784	1 
217 	35.45516666666512 	0.23416666666664324    	0.0002680133020933984 	2.97	A	7948247.8210906815	1 
218 	35.448833333331784	0.2674999999999732     	0.0032100158623815447 	6.79	A	90450265.48955762 	1 
219 	35.42683333333179 	0.33749999999996627    	0.0002448343564331669 	7.89	A	8388404.211323435 	1 
220 	35.488833333331776	0.45016666666662164    	0.00029295214951166213	7.81	A	7627409.137442147 	1 
221 	35.44649999999846 	-0.018833333333331446  	0.00212293130133623   	7.51	A	78442042.56037925 	1 
222 	35.44283333333179 	-0.008499999999999147  	0.00011399322141243497	5.92	A	10864910.872769631	1 
223 	35.48016666666512 	0.15349999999998465    	9.170004194699539e-05 	9.02	A	1047389.0915283263	1 
224 	35.428833333331795	0.13849999999998613    	0.001555690920084829  	4.42	A	75379200.28332411 	1 
225 	35.42449999999846 	0.09916666666665674    	3.373052449456292e-05 	4.77	A	571391.1060877505 	1 
226 	35.40983333333179 	0.42716666666662395    	0.0028076465396303604 	7.7 	A	48043259.63526943 	2 
227 	35.3628333333318  	0.452833333333288      	0.00015944090539019744	5.69	A	1775652.3586266853	1 
228 	35.3328333333318  	0.43283333333329005    	0.002336494147580612  	5.69	A	33417370.727759577	2 
229 	35.4058333333318  	-0.5964999999999403    	5.410707213946051e-05 	2.24	A	983631.1274684778 	1 
230 	35.38549999999846 	0.020499999999997937   	0.00880879475570978   	7.92	A	161156782.46964872	3 
231 	35.35516666666513 	-0.10849999999998915   	0.002301599642017099  	5.67	A	50273350.513503134	1 
232 	35.36316666666513 	-0.9724999999999028    	0.0005100126481702692 	2.33	A	7501568.449309394 	3 
233 	35.343499999998464	-0.9124999999999087    	0.00010947586049315471	3.83	A	515398.97732890735	1 
234 	35.291166666665134	-0.902833333333243     	0.0007901465673962433 	2.32	A	10247202.741845151	6 
235 	35.31649999999847 	0.12983333333332034    	0.0029943306524805725 	4.62	A	50089264.90872235 	1 
236 	35.361499999998465	0.14249999999998575    	0.0005682523081352359 	9.31	A	7046007.583078209 	1 
237 	35.34183333333179 	0.23783333333330955    	0.001340415251043107  	8.96	B	27169135.103403945	1 
238 	35.30749999999846 	0.25583333333330777    	0.00021568013328243887	4.15	B	6525982.625634026 	1 
239 	35.28449999999847 	0.25149999999997485    	0.0005331564088261961 	8.24	B	7947013.313091321 	1 
240 	35.21183333333181 	-0.7748333333332558    	0.002669797712683034  	2.18	A	74362256.71443617 	19
241 	35.31849999999847 	-0.43283333333329      	0.000698883128858535  	2.68	A	25352181.678687908	1 
242 	35.17916666666515 	0.3281666666666338     	0.00046057991815273794	3.09	A	14445547.883761803	1 
243 	35.259499999998475	0.42583333333329076    	0.0005740790389409736 	5.57	B	9266941.084156536 	1 
244 	35.23449999999848 	0.44483333333328884    	0.0002494991396604634 	5.57	B	8963824.62117125  	1 
245 	35.216166666665146	0.47516666666661916    	0.0007599951330907667 	8.02	B	32793139.127189472	2 
246 	35.21283333333181 	0.40716666666662593    	0.0003454536576934632 	8.81	B	5570040.244322041 	1 
247 	35.03616666666516 	-0.20516666666664612   	0.0010570347227416845 	5.37	A	18767307.410978194	1 
248 	34.98716666666517 	-0.2571666666666409    	6.418694379151262e-05 	2.74	A	2150172.89075882  	1 
249 	35.0024999999985  	0.35483333333329786    	9.283605101367812e-05 	2.3 	A	1125699.0927197638	1 
250 	34.94983333333183 	0.15716666666665094    	0.0022826013074570667 	9.38	A	50671657.17522008 	1 
251 	34.88816666666518 	0.30616666666663606    	0.000936607296372625  	3.09	A	22469798.35680907 	1 
252 	34.833499999998516	0.42583333333329076    	0.005108197098207686  	3.34	A	98806969.33344918 	9 
253 	34.85716666666518 	0.46049999999995395    	1.961714386357306e-05 	3.22	A	375676.74116737186	1 
254 	34.839499999998516	-0.8571666666665809    	0.0004948616938994816 	2.8 	A	6050040.034075639 	1 
255 	34.785499999998514	-0.5574999999999442    	0.0014290093691007365 	2.72	B	58908583.1397132  	5 
256 	34.74549999999852 	-0.49483333333328383   	0.0001478164667110878 	2.72	B	2651123.8928808584	1 
257 	34.72316666666519 	-0.4924999999999507    	1.4699011682095296e-05	2.72	B	669553.566469581  	1 
258 	34.71883333333186 	-0.5014999999999498    	3.968296854020007e-05 	4.79	B	1567763.119495949 	1 
259 	34.77349999999852 	-0.8078333333332526    	0.001461684891777524  	2.8 	A	20825439.647289243	8 
260 	34.76616666666519 	-0.00849999999999915   	0.005533762906490135  	8.38	A	273056030.8172005 	1 
261 	34.738166666665194	-0.11916666666665474   	0.001368619202552693  	4.58	B	30925307.490654275	3 
262 	34.735166666665194	-0.06283333333332704   	0.0005134373169584241 	9.17	B	5664858.817650022 	1 
263 	34.685166666665204	-0.7281666666665938    	0.0002923953565916879 	2.8 	A	4302501.513975855 	1 
264 	34.64083333333187 	0.09916666666665674    	0.002790424495584008  	7.84	A	31052794.036044843	1 
265 	34.62416666666521 	-1.0264999999998974    	2.322117240388982e-05 	0.83	A	229919.72490834957	1 
266 	34.57249999999854 	-0.00649999999999935   	0.001023055604709327  	9.23	A	69756207.81939411 	1 
267 	34.56083333333188 	-0.09316666666665735   	0.0007872858280372807 	7.88	A	12636143.057957213	1 
268 	34.53316666666521 	0.27349999999997265    	0.00028443651572578223	4.5 	A	9468597.727759888 	1 
269 	34.53683333333188 	0.32483333333330083    	0.00019835332521307442	3.5 	B	7573449.7392668305	1 
270 	34.44283333333188 	0.24983333333330834    	0.0008064323109101793 	3.5 	B	102407687.43407883	3 
271 	34.44049999999855 	0.23416666666664324    	1.227269737940427e-05 	3.5 	B	1028694.6691557806	1 
272 	34.462499999998556	-0.9854999999999015    	2.536861792036116e-05 	0.93	A	295521.03630227206	1 
273 	34.45549999999856 	0.00549999999999945    	0.0015595069291798648 	8.45	A	113834629.80856796	1 
274 	34.373499999998565	-0.6621666666666004    	8.207969785738823e-05 	0.83	A	1127252.7887470252	3 
275 	34.339166666665236	-0.6991666666665968    	2.2354857046742787e-06	0.8 	A	49293.44845445095 	1 
276 	34.32849999999857 	-0.32416666666663424   	0.007477642901448411  	8.52	A	194416670.98008057	2 
277 	34.296833333331904	-0.10083333333332324   	0.0031968870049128412 	9.12	A	41537535.264047965	1 
278 	34.293833333331904	-0.19249999999998074   	0.00029567993825929515	3.07	A	5511574.65824462  	2 
279 	34.259166666665244	0.17316666666664934    	0.001182322016102948  	3.4 	A	84385607.20618948 	2 
280 	34.20283333333191 	-0.15916666666665075   	0.0010277764666497512 	5.2 	A	17792965.686056588	1 
281 	34.13149999999859 	0.07583333333332574    	0.001192052494959143  	3.45	A	87288109.54891622 	2 
282 	33.90883333333194 	0.16783333333331654    	0.007382075400185715  	7.8 	B	224459477.27256554	1 
283 	33.80783333333195 	0.19916666666664673    	0.0006940590919826379 	3.41	B	22955394.213092834	1 
284 	33.73716666666529 	0.24549999999997543    	0.0005868115146844985 	3.41	B	32759492.57567918 	2 
285 	33.68583333333196 	0.30283333333330303    	0.0001864597465512054 	2.34	B	8463146.388209824 	3 
286 	34.021499999998596	-0.33383333333329995   	4.113770253630739e-05 	0.8 	A	1614478.760293988 	1 
287 	33.978833333331934	-0.022499999999997747  	0.0001390530706545054 	3.53	A	14341011.07134197 	1 
288 	33.962499999998606	0.03916666666666275    	0.0014084589410941312 	6.92	A	62492135.87180759 	1 
289 	33.82049999999862 	-0.21783333333331154   	2.6422921148853536e-05	0.8 	A	362877.4249255708 	1 
290 	33.74283333333196 	-0.009833333333332347  	0.001204317970197988  	6.91	B	281463666.7696369 	5 
291 	33.71149999999862 	-0.011499999999998844  	0.0008654217297920324 	6.91	B	210886673.14774945	1 
292 	33.71816666666529 	-0.025833333333330752  	5.995732245618002e-05 	6.91	B	9331320.08150847  	1 
293 	33.6691666666653  	-0.028166666666663842  	0.00018213450783858458	6.91	B	52254152.572433   	1 
294 	33.66783333333196 	-0.04116666666666255   	3.248361674849645e-05 	6.91	B	8552293.564212667 	1 
295 	33.58916666666531 	-0.03549999999999645   	0.003007401114789903  	6.91	B	184609478.38213912	1 
296 	33.56849999999864 	0.02749999999999725    	0.0018920788949636483 	6.55	A	111372950.30726847	1 
297 	33.51383333333198 	-0.04383333333332895   	0.00043925607125578785	6.91	B	22758284.771085735	1 
298 	33.450833333331985	-0.07683333333332565   	0.0006163806680535596 	6.91	A	38516463.94887311 	2 
299 	33.721833333331965	0.10316666666665635    	0.0013128093569445708 	8.41	A	24252137.865196254	1 
300 	33.6211666666653  	0.03416666666666325    	0.0008741394684358819 	9.19	A	68545270.14038014 	1 
301 	33.51383333333198 	-0.17049999999998294   	0.0015634523827397291 	8.97	A	23978127.31916802 	1 
302 	33.49783333333198 	-0.12616666666665405   	0.0005347642658760991 	6.95	A	25056912.710675105	1 
303 	33.49349999999865 	0.07949999999999205    	0.00036464099077774663	6.96	A	13121114.47312104 	2 
304 	33.456499999998655	0.29083333333330424    	0.001960798497899727  	8.92	A	44505149.75034828 	1 
305 	33.42083333333199 	0.12583333333332075    	0.0003846658738577629 	4.76	A	19340314.964514554	1 
306 	33.387833333332   	0.16249999999998374    	0.004167814324456976  	9.21	A	147005164.54541704	1 
307 	33.382833333332   	0.20416666666664623    	0.0015782516023836284 	9.01	A	57317779.608501896	1 
308 	33.353833333332   	0.19883333333331343    	0.00013543012672627509	4.92	A	4796724.395558594 	1 
309 	33.39149999999866 	-0.40683333333329263   	0.005636301480604001  	8.83	A	87780225.82384814 	2 
310 	33.363833333331996	-0.00749999999999925   	0.0001554125667842649 	5.95	B	25628234.65865195 	1 
311 	33.345833333331996	-0.002166666666666449  	2.049089493193709e-05 	7.82	B	3213773.9159050304	1 
312 	33.296499999998666	-0.00749999999999925   	0.0014904482494860823 	8.08	B	51579003.703493625	1 
313 	33.24616666666534 	-0.02216666666666445   	0.0005316520482523762 	5.92	A	22877793.869280156	1 
314 	33.33249999999866 	-0.5321666666666134    	0.0006980277035741453 	5.2 	B	34897915.5565068  	1 
315 	33.29116666666533 	-0.4884999999999511    	0.00038303539896444096	8.64	B	11446075.86973296 	1 
316 	33.34383333333199 	-0.11516666666665513   	0.0006865500116293073 	8.86	A	22511417.216281008	1 
317 	33.302499999998666	0.09749999999999023    	0.0040078489551935645 	8.1 	A	400794438.26956815	1 
318 	33.206833333332014	0.20216666666664643    	0.0012703086183786432 	7.99	B	46524349.3416137  	1 
319 	33.151166666665354	0.20149999999997983    	0.000947873461981163  	6.03	B	35620701.66667582 	1 
320 	33.20616666666534 	-0.3694999999999631    	0.0010971889587996888 	8.71	A	19267646.584574383	1 
321 	33.09149999999869 	-0.00816666666666585   	0.000340458141856518  	7.21	B	42814892.74698023 	1 
322 	33.08583333333202 	0.0031666666666663457  	0.0001362645317163805 	8.31	B	12828540.996863615	1 
323 	33.057833333332034	-0.47616666666661905   	6.228180450929158e-05 	8.21	A	5930427.125744992 	1 
324 	33.01683333333203 	-0.14149999999998583   	0.00014965127626189224	8.04	A	13383384.03243878 	1 
325 	32.867499999998714	0.42349999999995763    	0.0013651320980243235 	8.64	A	25057580.672501147	2 
326 	32.84416666666538 	0.3601666666666306     	2.2565550762095214e-05	0.65	B	729898.1573064486 	1 
327 	32.80516666666538 	0.06883333333332645    	0.0036189470633731166 	5.22	A	226995449.99131057	2 
328 	32.82849999999871 	-0.08283333333332504   	0.0009980865913664456 	7.9 	A	121182150.61903752	1 
329 	32.740166666665395	0.08049999999999194    	0.0012422469871737553 	8.51	B	67296906.04079582 	1 
330 	32.70183333333206 	0.10583333333332273    	0.00038651369124931994	5.64	B	38061895.13314169 	2 
331 	32.694166666665396	0.08949999999999105    	5.6331148906372394e-05	8.38	B	4093435.6353513333	1 
332 	32.71149999999872 	-0.027833333333330545  	0.004644556630622578  	7.8 	A	230584223.19133154	3 
333 	32.69149999999873 	-0.29783333333330353   	0.0013072954485980532 	5.34	A	59381768.11665867 	1 
334 	32.64983333333206 	-0.25083333333330826   	6.545170719533557e-05 	8.76	B	15736913.278841963	1 
335 	32.6431666666654  	-0.25116666666664156   	3.0877431709764416e-05	5.29	B	8110915.099074843 	1 
336 	32.623833333332065	-0.2598333333333074    	0.00019106429202220285	8.74	B	46109668.92967584 	1 
337 	32.617833333332065	-0.23916666666664277   	5.423869969579691e-05 	5.27	A	3003468.3902513203	1 
338 	32.580499999998736	0.2931666666666373     	0.0006003447399317355 	4.46	B	9696932.807145713 	2 
339 	32.518833333332076	0.3224999999999677     	0.0009221956543335444 	9.57	B	12971250.534983544	2 
340 	32.53316666666541 	-0.12149999999998785   	0.0006337186474590989 	9.42	A	23359738.420385752	1 
341 	32.401499999998755	-0.12083333333332125   	0.0030574389852504225 	4.73	A	89936050.64981364 	1 
342 	32.28616666666544 	0.03916666666666275    	0.0018157603722124774 	5.82	B	43460754.95439807 	1 
343 	32.315166666665434	-0.12183333333332115   	0.0013357379933940066 	8.05	A	23152610.319247317	1 
344 	32.19783333333211 	0.15316666666665135    	0.0006051792363544366 	5.64	B	23446103.432434764	1 
345 	32.17083333333212 	0.13516666666665314    	0.0002419209649685855 	5.64	A	10422095.699695135	1 
346 	32.162499999998786	0.17216666666664943    	0.0016916164671056588 	5.64	B	136623111.97147208	3 
347 	32.16283333333212 	0.20249999999997975    	0.00016232759815332603	3.09	B	8825683.268309431 	1 
348 	32.151499999998784	0.25716666666664095    	0.0009021722713250885 	8.35	B	57336336.0566764  	1 
349 	32.14849999999878 	0.11816666666665485    	0.00015675875611671582	5.64	B	7635266.023517303 	1 
350 	32.14349999999878 	-0.3701666666666297    	0.00020326994987678807	9.89	B	12066923.659424823	1 
351 	32.10749999999879 	-0.37849999999996214   	0.00017112068899291678	4.22	B	11976481.069478376	1 
352 	32.06249999999879 	-0.32216666666663446   	0.00020324881179710147	9.93	B	6366859.663577401 	1 
353 	32.06116666666546 	-0.40616666666662604   	0.0004567899656933269 	9.9 	B	11321120.484135056	1 
354 	32.03616666666546 	-0.33083333333330023   	0.00024218489903964058	4.22	B	18923732.328839388	1 
355 	32.049499999998794	-0.3428333333332991    	0.00015310724618224935	9.96	B	10883066.565553116	1 
356 	32.160166666665454	0.3321666666666334     	0.000776684457793366  	8.31	B	48541961.18911591 	1 
357 	32.147166666665456	0.34049999999996594    	0.0001699734801590999 	5.79	B	11043509.24312269 	1 
358 	32.12483333333212 	-0.26383333333330694   	0.0008858415801570081 	8.72	A	76478546.67671776 	1 
359 	32.085833333332126	-0.07316666666665936   	0.0006956032196836834 	2.8 	A	32548001.630420763	1 
360 	32.0064999999988  	0.059499999999994044   	0.0006865346829422799 	5.75	B	223050035.5104777 	1 
361 	31.989499999998802	0.014833333333331849   	0.0002544710462935199 	5.75	B	11385445.571661726	1 
362 	31.982833333332135	0.06316666666666035    	3.939041701641117e-05 	5.75	B	11106053.564834367	1 
363 	31.946499999998807	0.07749999999999224    	0.000898817697374473  	5.75	B	180122132.2511722 	1 
364 	31.924166666665474	0.08349999999999164    	0.0001468188270611689 	5.75	B	25291108.861651216	1 
365 	31.87616666666548 	0.14916666666665176    	0.00412533584868594   	6.12	A	243267198.08968064	2 
366 	32.0574999999988  	0.38783333333329456    	0.002306268551118114  	8.23	A	32901452.09815161 	1 
367 	32.00183333333213 	-0.19816666666664684   	0.0020816181956895808 	5.66	B	160907271.00664163	2 
368 	32.02616666666546 	-0.22049999999997794   	0.00020048485650014467	8.52	B	16809495.506984275	1 
369 	32.01583333333213 	-0.21083333333331225   	4.804523422449339e-06 	1.08	B	284937.6202644569 	1 
370 	31.999166666665463	-0.44983333333328834   	0.0007138201537000442 	10.0	B	21906314.51555174 	1 
371 	31.995166666665465	-0.47516666666661916   	0.0001560401731004255 	4.12	B	6249452.954731967 	1 
372 	31.975166666665466	-0.5148333333332819    	7.265589157317221e-05 	4.1 	B	3356055.400336548 	1 
373 	31.912833333332138	-0.5121666666666155    	0.0010299260143648828 	4.11	A	26869263.374310646	3 
374 	31.89916666666548 	0.3431666666666323     	0.0009052365205052539 	5.87	A	45243931.899659894	1 
375 	31.877499999998815	0.32316666666663435    	0.0008896541704292024 	8.34	A	24507042.567084637	1 
376 	31.866166666665478	-0.3921666666666274    	0.0015512134894323255 	4.06	A	50147730.74029554 	1 
377 	31.79983333333215 	0.4354999999999565     	0.0006243905011986098 	8.24	A	11432986.74089634 	1 
378 	31.694166666665495	-0.02716666666666395   	0.0005820206604610663 	5.76	A	29252008.808406744	1 
379 	31.62649999999884 	-0.42016666666662467   	0.0008948742620742474 	9.63	A	26244630.04578558 	1 
380 	31.629166666665505	0.25849999999997414    	0.0003812000492254119 	9.62	A	18663378.98320399 	1 
381 	31.61383333333217 	0.15316666666665132    	0.0010528114885567173 	8.03	A	50146530.11910086 	1 
382 	31.605166666665507	0.2831666666666383     	0.0007082419656625311 	7.1 	A	22049043.57656585 	1 
383 	31.43483333333219 	-0.10349999999998966   	0.0008882854739309947 	5.05	A	65403007.52923972 	1 
384 	31.28649999999887 	0.08383333333332495    	0.0002250620235327646 	8.34	B	25522595.72833179 	2 
385 	31.238499999998876	0.06416666666666025    	0.0018455019407334567 	7.99	B	184454976.43147266	2 
386 	31.274833333332204	0.07683333333332565    	0.00012461441818881213	5.93	B	16247278.7427803  	1 
387 	31.170166666665548	0.06383333333332694    	0.0027020532630462626 	8.61	B	78274249.72349203 	1 
388 	31.163833333332217	0.2774999999999722     	0.005140430060512312  	8.8 	A	175155978.01164865	1 
389 	31.11683333333222 	0.15349999999998465    	0.005232297326591928  	7.9 	A	437050081.5026287 	1 
390 	31.02983333333223 	0.7854999999999215     	0.0021444500160581834 	3.09	A	55823176.93597935 	12
391 	30.966499999998906	0.812833333333252      	0.00012371144957139737	3.11	A	2925025.267827412 	1 
392 	30.956166666665574	0.7424999999999258     	1.7076344857539827e-05	3.1 	B	661742.1925910874 	1 
393 	30.913166666665578	0.7184999999999281     	0.0003685237852112881 	3.1 	B	26729111.481538523	3 
394 	30.93583333333224 	0.677166666666599      	6.593053057900502e-05 	9.82	B	2265738.706575759 	1 
395 	30.83249999999892 	0.6578333333332675     	0.011077559786571824  	9.81	A	189096100.05464444	4 
396 	30.798166666665587	0.6391666666666027     	0.0003942745998389794 	9.94	A	4335474.448261875 	1 
397 	31.105166666665557	0.24749999999997524    	0.00021805053607311945	5.66	B	29719797.129258167	1 
398 	31.112833333332222	0.2768333333333056     	1.6024846478556087e-05	8.81	A	474245.4970486984 	1 
399 	31.096166666665557	0.22216666666664445    	0.0003868743474435058 	5.66	B	58691183.79672241 	1 
400 	31.07816666666556 	0.2774999999999722     	0.000930559550397961  	5.83	B	81882140.1036109  	1 
401 	31.070499999998894	0.24683333333330865    	0.00010428688111751165	6.16	A	1638774.350609771 	1 
402 	31.05083333333223 	0.3648333333332968     	0.0007162015511487965 	9.9 	B	57414993.092269614	1 
403 	31.042499999998896	0.27249999999997276    	0.00012194252978388413	5.83	B	50984331.7222232  	1 
404 	31.04683333333223 	0.2598333333333073     	8.747989962883897e-05 	8.81	B	45280391.44054856 	1 
405 	31.03883333333223 	0.24183333333330914    	0.0007564635818346761 	8.43	B	229852879.44730467	1 
406 	31.01483333333223 	0.36316666666663033    	0.00018629173176714793	4.44	B	24372865.05760361 	1 
407 	31.0004999999989  	0.37983333333329533    	0.0007869717932007295 	9.8 	B	149727037.0420225 	1 
408 	30.9864999999989  	0.23483333333330986    	0.0005497754254590619 	8.08	A	22918300.02582037 	1 
409 	30.95783333333224 	0.38316666666662835    	0.0014352752577020576 	9.87	B	77570585.86428891 	1 
410 	31.059499999998895	-0.5374999999999461    	0.0046348972477798425 	5.51	A	128128150.31717856	1 
411 	31.04883333333223 	-0.4674999999999532    	0.00037077436640143164	9.76	A	3357268.1082581053	1 
412 	31.058499999998894	0.17649999999998234    	0.003178075553816776  	8.33	A	74296056.50778314 	1 
413 	31.04783333333223 	0.02116666666666455    	0.000628418089768762  	8.77	A	34399610.68098652 	1 
414 	31.025166666665566	-0.11183333333332215   	0.0015089849539465456 	4.45	A	68069885.30279498 	3 
415 	31.001833333332232	-0.14616666666665207   	0.00020716956528425   	9.92	B	4879149.174386809 	1 
416 	30.97516666666557 	-0.14783333333331855   	0.0009086027098565494 	4.43	B	73575324.45531632 	2 
417 	31.038499999998898	-0.7708333333332562    	0.000666611745497216  	9.58	A	30721525.976251263	1 
418 	31.006166666665568	-0.789499999999921     	0.0005892506279957775 	9.59	B	99875016.27156992 	2 
419 	30.99516666666557 	-0.7628333333332571    	0.00025984748892161864	4.43	B	51641707.942882486	1 
420 	31.003833333332235	-0.8038333333332529    	0.00041143334573935436	9.6 	B	37761225.66686989 	1 
421 	30.943166666665572	-0.8021666666665864    	0.005681449236577922  	9.82	A	598058108.6159042 	1 
422 	30.833166666665583	-0.8821666666665784    	0.0008103476994076377 	4.34	A	129516267.84014656	3 
423 	31.02383333333223 	0.5178333333332815     	0.000867103964261933  	4.59	A	44369924.90290365 	1 
424 	31.012166666665564	-0.00016666666666665005	0.002003927866973273  	9.11	A	54986190.756482795	1 
425 	30.93883333333224 	-0.270499999999973     	0.0019076987637519035 	9.53	A	99249982.93054612 	1 
426 	30.847499999998917	0.3421666666666324     	0.0036791282556019114 	8.88	A	50985947.23810214 	2 
427 	30.825499999998918	0.39516666666662714    	0.010294773841183207  	9.47	A	173523878.73523048	1 
428 	30.820833333332253	0.2871666666666379     	0.0005637365359650317 	5.46	A	6190720.721211737 	1 
429 	30.92049999999891 	0.09249999999999074    	0.0015001305493742363 	8.99	A	66303002.160728924	1 
430 	30.881833333332246	0.06716666666665995    	0.0003604153710999187 	4.49	A	26456419.686388433	1 
431 	30.862166666665583	0.20083333333331324    	0.0001550664790874123 	5.3 	B	23059701.476842783	1 
432 	30.862166666665583	0.03449999999999655    	7.881100977289021e-05 	4.49	A	4115773.3876904515	1 
433 	30.84483333333225 	0.15216666666665143    	0.0003929736610857741 	8.97	B	31125135.235116858	1 
434 	30.84616666666558 	0.17816666666664882    	0.00013994963655222003	5.3 	B	28874165.77185899 	1 
435 	30.82649999999892 	0.20516666666664612    	0.00021265363195446978	8.84	B	18773417.301705334	1 
436 	30.83283333333225 	0.16916666666664973    	0.0001195470901490075 	8.98	B	19891093.14230512 	1 
437 	30.748499999998927	0.10583333333332275    	0.0021067474022565705 	5.25	B	177651476.60759482	1 
438 	30.80949999999892 	0.19183333333331412    	6.965695676783865e-05 	4.47	B	6250360.141673491 	1 
439 	30.785833333332256	0.27516666666663914    	0.0017018391538964844 	8.51	A	51121681.612529054	1 
440 	30.749166666665595	0.18583333333331473    	0.00041384038080554704	4.41	B	10105762.324741859	1 
441 	30.72149999999893 	0.15416666666665124    	5.780931373594588e-05 	4.48	B	5685352.485109459 	1 
442 	30.701833333332264	0.12116666666665456    	0.0011760097515302467 	9.18	B	225208714.02316955	2 
443 	30.683833333332267	0.05183333333332815    	0.0010833818178454776 	9.32	B	140980360.68837374	1 
444 	30.712166666665595	0.13916666666665273    	3.6476032160577384e-05	5.25	B	5869966.127035771 	1 
445 	30.638166666665605	0.14783333333331852    	0.0014414096493940696 	5.25	B	76888051.20368917 	1 
446 	30.667499999998935	0.02549999999999745    	4.77555200427379e-05  	4.48	B	8740842.701326786 	1 
447 	30.660833333332267	0.04783333333332855    	0.00020005690828714528	4.48	B	55109600.395809874	1 
448 	30.579833333332278	0.12116666666665456    	0.002243422917703379  	9.06	A	91619743.99244295 	2 
449 	30.89883333333224 	-0.03449999999999655   	0.0009854470398437544 	4.29	A	40029508.346221894	1 
450 	30.871499999998914	-0.12216666666665443   	0.0009474905822538852 	8.71	A	258125822.3170416 	1 
451 	30.85416666666558 	-0.10816666666665584   	0.00014590424372000146	5.63	A	17906497.17476814 	1 
452 	30.846166666665585	-0.08249999999999175   	0.000921347723314609  	9.07	A	188329378.59103703	1 
453 	30.81583333333225 	-0.7561666666665909    	0.00043523097987155016	4.51	A	4979175.157978676 	1 
454 	30.811166666665585	-0.11016666666665564   	0.0009192439876901666 	9.0 	A	107359681.65083265	1 
455 	30.784499999998918	-0.7924999999999207    	8.943591543558518e-05 	4.54	B	12273379.165569402	1 
456 	30.771166666665586	-0.8058333333332527    	0.001465628278677426  	9.79	B	271370816.9440112 	1 
457 	30.759833333332253	-0.7798333333332553    	0.00014203707006774682	4.54	B	23671801.626548126	1 
458 	30.774499999998923	-0.09383333333332394   	0.0004203498218648297 	5.29	A	57382362.02727842 	1 
459 	30.767499999998922	-0.10449999999998955   	1.1313863281055832e-05	5.3 	A	665692.7185004647 	1 
460 	30.699166666665597	0.6844999999999315     	0.002837425332061573  	9.86	B	62683337.3576035  	1 
461 	30.646499999998937	0.6981666666665968     	0.0005616848726577189 	4.55	B	10205336.518783743	3 
462 	30.58416666666561 	0.6924999999999307     	0.0017472594399065842 	4.73	B	21833072.081187245	1 
463 	30.584499999998943	0.6664999999999333     	5.0263425444391166e-05	9.43	B	349095.6767268251 	1 
464 	30.72783333333226 	-0.07216666666665944   	0.00032953504247849196	9.27	B	149986739.5382841 	1 
465 	30.713166666665593	-0.07483333333332584   	0.0005834486277244968 	9.27	B	254437399.031021  	1 
466 	30.663833333332263	-0.027166666666663945  	0.003809891497240693  	9.6 	A	437212258.1153248 	1 
467 	30.664499999998934	-0.42349999999995763   	0.0011305534526333892 	5.32	A	25318595.125161294	1 
468 	30.650499999998935	-0.2071666666666459    	0.0019463165115752858 	9.29	A	72884975.97052145 	1 
469 	30.62149999999894 	-0.16683333333331662   	0.0043262698276943954 	9.04	B	172415725.1946251 	3 
470 	30.578833333332277	-0.2524999999999747    	0.0011780024703514393 	4.83	B	117569451.98441127	2 
471 	30.541499999998948	-0.246166666666642     	0.0007997001061779809 	9.52	B	52712262.47956133 	1 
472 	30.499166666665616	-0.2234999999999776    	0.0008387118600491312 	4.83	A	38432952.50069598 	1 
473 	30.622166666665603	0.5454999999999455     	0.002130847135637883  	9.61	B	55914190.47162803 	1 
474 	30.62583333333227 	0.5974999999999403     	0.002853129344304305  	9.64	A	52889145.89796772 	2 
475 	30.6351666666656  	0.5321666666666135     	6.854252612224598e-05 	4.72	B	793295.9483452991 	1 
476 	30.614166666665604	0.23683333333330964    	0.0020306076435612735 	5.5 	A	76878092.0463481  	2 
477 	30.630166666665602	-0.06216666666666045   	0.00030789226012763394	5.08	A	42134102.73302323 	1 
478 	30.628166666665603	-0.02883333333333045   	0.0012078869030884432 	9.17	A	96204710.82551901 	1 
479 	30.598499999998943	0.6171666666666049     	0.000311531641211836  	9.57	A	21891701.71238784 	1 
480 	30.56716666666561 	-0.051166666666661545  	0.0010968868145348866 	9.3 	B	204468495.18071955	1 
481 	30.521499999998948	-0.043833333333328936  	0.0016506182834091793 	6.38	B	177847014.8723798 	2 
482 	30.571499999998945	-0.08349999999999164   	0.00020136003453188848	8.7 	B	32200753.498189904	1 
483 	30.438499999998957	-0.10016666666665663   	0.002571515022664577  	5.03	B	239664290.34371564	1 
484 	30.48349999999895 	-0.05916666666666073   	0.001561929843613687  	9.02	B	123487785.59780979	1 
485 	30.470833333332287	-0.14783333333331855   	0.0006297263312169115 	7.19	B	60417300.60453468 	1 
486 	30.454499999998955	-0.13549999999998644   	0.00038860885053954014	5.03	B	55413760.95611706 	1 
487 	30.562833333332275	0.5654999999999434     	0.002276602096175897  	9.43	A	52705607.43364485 	1 
488 	30.492833333332282	0.9571666666665709     	0.0009693733912853017 	3.07	A	15044109.201548524	3 
489 	30.497833333332284	-1.0304999999998967    	2.2983970880667555e-05	0.89	A	487523.38983950805	2 
490 	30.48816666666562 	-1.0591666666665607    	5.5105291239404555e-06	0.9 	A	57454.6677515457  	1 
491 	30.493166666665616	-0.38983333333329434   	1.842982300791865e-05 	0.87	A	856378.7165999744 	1 
492 	30.426166666665623	-0.21449999999997854   	9.844436639093572e-05 	5.86	A	22101314.76569307 	1 
493 	30.41483333333229 	0.14283333333331905    	0.0002856730658026484 	5.33	B	46039042.85825815 	1 
494 	30.389833333332295	0.12216666666665445    	0.00032597324000490616	7.96	B	48085521.33563763 	1 
495 	30.35516666666563 	0.10716666666665595    	0.0024280851368297884 	9.05	A	304543269.9980958 	3 
496 	30.311833333332302	0.15849999999998415    	0.0004682048049105488 	9.49	B	33275998.946895506	1 
497 	30.420499999998956	-0.19383333333331396   	6.96747335635298e-05  	5.47	A	8724753.879769415 	1 
498 	30.400166666665626	-0.29583333333330375   	0.0005785499775193335 	8.67	A	55380220.75483124 	1 
499 	30.37716666666563 	0.30849999999996913    	3.684847535658993e-05 	5.27	B	1146814.553831969 	1 
500 	30.357499999998964	-0.8371666666665829    	0.000899724955682086  	4.21	A	38945468.62195465 	2 
501 	30.32449999999897 	-0.8521666666665815    	6.9087913150632e-05   	4.38	A	1428412.6801708473	1 
502 	30.355499999998965	-0.08849999999999114   	0.0006305066716919616 	7.85	A	33420823.095120843	1 
503 	30.35616666666563 	0.4224999999999577     	0.00277586761703613   	9.24	A	220982774.26095265	1 
504 	30.362499999998963	-0.303833333333303     	0.0004471194869918436 	8.81	B	47020264.45439626 	1 
505 	30.3498333333323  	-0.27383333333330595   	0.0005964583743666428 	5.71	B	106122540.82687831	1 
506 	30.3318333333323  	-0.2551666666666412    	0.00017326332629264871	8.57	B	44445838.863246754	1 
507 	30.308833333332302	-0.24549999999997546   	0.0002108847277362913 	5.71	B	53886483.878156476	1 
508 	30.303166666665636	-0.28516666666663815   	0.0012207780587844286 	8.81	B	217636934.0036385 	2 
509 	30.274833333332307	-0.23183333333331016   	6.378407777685838e-05 	5.71	B	12811293.127054607	1 
510 	30.252499999998975	-0.22783333333331057   	0.0009706900466050493 	8.56	B	77523654.85950287 	2 
511 	30.262499999998973	-0.28849999999997117   	0.00038579435278182856	5.71	A	34701173.76548719 	1 
512 	30.236166666665643	-0.24549999999997546   	0.00016648869410775864	8.62	B	24735712.922199633	1 
513 	30.229166666665645	-0.22783333333331057   	9.289257717594895e-05 	5.74	B	22648925.30961076 	1 
514 	30.218166666665645	-0.19316666666664736   	0.0007250377592303026 	8.52	B	253019034.80132267	1 
515 	30.228499999998977	-0.18283333333331506   	9.104064541844203e-05 	8.62	A	3520961.379576624 	1 
516 	30.355499999998965	-0.3448333333332988    	0.0005092798709976082 	8.65	A	22956467.86226492 	1 
517 	30.335166666665632	-0.7894999999999209    	0.0002409616455131482 	9.93	A	6726123.538615003 	1 
518 	30.317166666665635	-0.7854999999999214    	0.0020556454327482665 	9.94	A	75339463.32972646 	3 
519 	30.3218333333323  	-0.7498333333332583    	5.312059604104922e-05 	4.41	A	1381372.5620395662	1 
520 	30.284499999998967	-0.7431666666665924    	0.00036506422012844977	4.41	A	4798192.863335886 	2 
521 	30.292166666665636	0.456166666666621      	0.0004576837132029809 	6.3 	A	9614010.656928815 	1 
522 	30.273499999998972	-0.03583333333332975   	0.00013103032105392845	5.31	A	3281769.543460139 	1 
523 	30.247833333332306	-0.7798333333332553    	0.0012661900368620988 	9.98	A	19073560.66628235 	1 
524 	30.218166666665642	-0.08583333333332474   	0.000661464594493339  	9.19	A	20967565.3955497  	1 
525 	30.14816666666565 	0.23149999999997684    	0.007950938630402566  	8.93	A	169106395.68024507	2 
526 	30.122166666665652	0.06816666666665985    	0.004275893017554013  	5.85	B	158470305.0384333 	3 
527 	30.06316666666566 	0.10849999999998915    	0.0023270918716556265 	5.38	B	102093332.3889867 	2 
528 	30.13816666666565 	-0.07416666666665925   	0.0025349378162280467 	4.86	A	49429883.47333013 	2 
529 	30.131166666665656	-0.6441666666666022    	0.0014937862752646    	4.53	A	13586210.916097648	1 
530 	30.132166666665654	-0.18816666666664786   	0.0026305237285675956 	9.0 	A	59259523.851045035	1 
531 	30.086499999998992	-0.2781666666666388    	0.0014623737982878506 	9.04	A	63273922.22906288 	1 
532 	30.07049999999899 	-0.552833333333278     	0.0019635681698502616 	8.57	A	34790837.446575664	2 
533 	30.011166666665666	-0.26149999999997386   	0.0015221669004776325 	8.75	B	247830043.9515445 	1 
534 	29.969499999999   	-0.2598333333333074    	0.00043706302925006777	4.03	B	44669754.17212326 	1 
535 	30.00516666666567 	-0.036166666666663044  	0.0009596769057023723 	9.24	B	275725099.01430637	2 
536 	30.022833333332333	-0.052499999999994745  	0.00041100320969635317	9.34	B	87277762.41409528 	1 
537 	30.017499999999   	-0.08349999999999164   	0.00023955235738989884	5.64	B	31166095.357896797	1 
538 	29.999833333332337	0.0001666666666666483  	0.0006050477878454504 	8.88	B	145786791.23634338	1 
539 	29.97283333333234 	-0.045833333333328743  	0.001259132609372448  	8.81	B	545788363.7411659 	1 
540 	30.008166666665666	0.28849999999997117    	0.001442293006403535  	8.88	A	26543472.40342599 	1 
541 	29.958833333332336	-0.4198333333332913    	0.0017499819679113776 	4.15	A	58743300.355683714	3 
542 	30.012166666665664	0.09449999999999054    	0.000904477384110331  	8.51	A	75689840.16146067 	1 
543 	30.000499999998997	-1.079499999999892     	0.0002609356568071325 	4.34	A	8719281.399110172 	1 
544 	29.962499999999004	-0.7904999999999208    	0.000466595617359449  	4.75	B	32042231.160250757	2 
545 	29.888499999999013	-0.8054999999999194    	0.003120697849118288  	9.74	B	390955642.71219844	2 
546 	29.851499999999017	-0.7641666666665902    	0.007353799287517091  	9.77	B	460577502.2334504 	1 
547 	29.87516666666568 	-0.7868333333332546    	0.00023902899081632543	4.7 	B	11045836.073360411	1 
548 	29.861499999999015	-0.8211666666665844    	6.827110997043328e-05 	4.75	B	6104478.847326007 	1 
549 	29.953166666665673	0.15416666666665124    	0.00043366911632893333	5.26	A	18219781.683255058	1 
550 	29.92883333333234 	-0.8951666666665771    	0.000824165953820714  	4.04	A	11898802.561557757	2 
551 	29.912166666665673	-1.0741666666665592    	0.00032085854463325227	2.87	A	5881489.392442001 	1 
552 	29.900833333332343	-0.21516666666664513   	0.006292598546541936  	8.98	A	292554084.3387876 	3 
553 	29.893166666665675	-0.28149999999997183   	0.0008255321846101402 	8.74	A	47116544.557542846	1 
554 	29.84616666666568 	-0.4744999999999525    	0.0007118882378696965 	3.97	A	19193573.52100914 	1 
555 	29.868499999999013	-0.3111666666666355    	0.0005402897798078463 	8.82	A	34196847.011810176	1 
556 	29.87116666666568 	-0.29016666666663765   	9.057489486057463e-05 	8.82	A	8443333.195407158 	1 
557 	29.858833333332345	0.03016666666666365    	0.000520496909601002  	8.76	B	93896315.61435984 	1 
558 	29.84616666666568 	0.002833333333333049   	2.758826893462733e-05 	5.71	B	4413262.9640584765	1 
559 	29.837499999999014	-0.03249999999999675   	0.000407886569366159  	8.91	B	73661122.09760246 	1 
560 	29.82883333333235 	-0.06316666666666035   	0.00043370209759543754	8.88	B	47984678.718960695	1 
561 	29.82583333333235 	-0.044166666666662246  	9.843494355875031e-05 	5.71	B	15016212.28084484 	1 
562 	29.79949999999902 	-0.03283333333333005   	0.000666168183272206  	9.38	B	50714210.55074066 	1 
563 	29.849833333332345	-0.2664999999999733    	0.002149931847175006  	9.12	A	60449741.62090168 	1 
564 	29.81083333333235 	0.22416666666664425    	0.00015442169471802228	9.78	B	9772532.658473857 	1 
565 	29.777166666665686	0.21216666666664546    	0.0007224875021918487 	4.68	B	48660667.479074344	1 
566 	29.792166666665686	-0.08016666666665864   	0.00038214161083913097	8.92	A	17078641.808814283	1 
567 	29.786833333332353	-0.27049999999997293   	0.0007852790876762552 	9.01	A	71351433.99367464 	2 
568 	29.774833333332353	-0.30183333333330314   	0.002306401723084769  	9.4 	A	138561427.55991665	1 
569 	29.74483333333236 	-0.8801666666665786    	0.0005053296978985204 	4.39	A	6990178.373190345 	1 
570 	29.750499999999025	0.14516666666665212    	0.0004750443351597967 	8.76	A	30801841.201426294	1 
571 	29.71849999999903 	-0.7901666666665876    	0.007164768617666283  	9.83	A	202821847.13602942	3 
572 	29.722166666665697	-0.32316666666663435   	0.00036106744665648314	9.83	A	7936456.529172951 	1 
573 	29.57516666666571 	-0.6048333333332728    	0.004495607414928128  	4.36	A	213978127.08857086	8 
574 	29.634499999999036	0.10749999999998924    	0.0008873498005720002 	6.06	B	17858570.051227927	1 
575 	29.62383333333237 	0.256166666666641      	0.000704343626940522  	4.39	A	35511186.328120135	2 
576 	29.56416666666571 	0.22349999999997763    	0.0007336905023322201 	4.44	B	28093410.388140596	3 
577 	29.600166666665707	0.11349999999998864    	0.0007923023969994985 	8.43	B	11480062.477173146	1 
578 	29.559833333332378	0.18383333333331492    	0.0007282859069621847 	4.44	B	53036696.56590074 	1 
579 	29.530499999999048	0.17716666666664893    	0.0006227733915638129 	10.0	B	65003380.80648613 	1 
580 	29.491833333332384	0.15149999999998484    	0.0004467798839229307 	4.44	B	19417167.064424515	1 
581 	29.500166666665717	0.19916666666664673    	0.00016894364786333043	4.44	B	15178194.652031647	1 
582 	29.63983333333237 	0.3711666666666295     	0.0008087760383534092 	9.89	A	43861365.52765081 	1 
583 	29.606166666665704	-0.011499999999998851  	0.0009665083321128627 	5.63	A	22180632.576934498	1 
584 	29.59183333333237 	-0.38349999999996165   	0.0007054101405890546 	9.35	B	23969521.292409897	1 
585 	29.559833333332374	-0.3558333333332977    	0.0032145871507380406 	9.35	B	161319078.68126482	2 
586 	29.55516666666571 	-0.4098333333332923    	0.002708313345978027  	9.35	B	122495820.51379885	3 
587 	29.501166666665714	-0.32783333333330056   	0.0014656626388454507 	9.31	A	41928469.66016774 	1 
588 	29.52883333333238 	-0.08016666666665866   	0.00022802846039790014	3.95	A	4816412.225538428 	1 
589 	29.50183333333238 	0.38549999999996143    	0.0004771880328666134 	4.61	A	32398704.74881034 	1 
590 	29.509499999999047	-0.20049999999997992   	0.00029293957253532675	4.75	A	9491358.895669146 	1 
591 	29.476833333332387	-0.24816666666664183   	0.0006810094296276582 	4.38	B	51101358.77239046 	2 
592 	29.469166666665718	-0.20449999999997953   	0.0004604466216314049 	9.74	B	26548405.481313072	1 
593 	29.433166666665723	-0.21149999999997882   	0.0008809810666989464 	9.36	A	18413629.299085572	1 
594 	29.462833333332387	-0.8391666666665827    	0.00014468805664072048	4.54	A	3331735.9993600477	1 
595 	29.44083333333239 	0.12983333333332034    	0.00039216588507357886	4.48	B	24010765.743820168	1 
596 	29.41783333333239 	0.14116666666665253    	0.0022869630484751006 	9.98	B	154574326.56327775	1 
597 	29.390499999999058	0.18916666666664775    	0.0005238709577432645 	9.98	B	23766456.19061182 	1 
598 	29.429166666665722	-0.17316666666664934   	0.0004009837497709932 	4.8 	A	27234332.507646985	1 
599 	29.41249999999906 	-0.7381666666665928    	2.228337349223285e-05 	0.72	A	891470.2335451135 	1 
600 	29.413499999999058	-0.719499999999928     	1.6120083084069588e-07	0.68	A	1234.5242281926216	1 
601 	29.410499999999058	-0.645166666666602     	0.000823400088765452  	3.68	A	28127875.09569694 	3 
602 	29.42383333333239 	-0.5071666666666159    	0.0001840650170133807 	3.79	A	2840173.1499873553	1 
603 	29.375833333332395	-0.5871666666666079    	0.0001361579917738101 	3.72	B	4254249.734760928 	1 
604 	29.290166666665737	-0.6284999999999371    	0.00044444553971162166	3.72	B	28815950.402747776	2 
605 	29.3398333333324  	-0.6191666666666047    	3.527637599174062e-05 	4.76	B	1873230.59934979  	1 
606 	29.241499999999075	-0.6731666666665993    	0.0013280539682103182 	4.64	B	46857741.55819344 	5 
607 	29.227166666665745	-0.6291666666666037    	0.0001911708823958794 	3.74	B	7273502.582982205 	1 
608 	29.23083333333241 	-0.6118333333332721    	9.254477583687814e-05 	4.64	B	3879496.672253351 	1 
609 	29.389833333332394	-0.09349999999999065   	0.004224461793169009  	8.7 	A	251401927.75378156	2 
610 	29.370499999999062	-0.11649999999998834   	3.0462825062824004e-05	5.6 	A	1332293.9505910578	1 
611 	29.36949999999906 	-0.4548333333332878    	0.0006190263969298675 	4.52	A	50222990.29906696 	1 
612 	29.3418333333324  	-0.4514999999999548    	0.0002951231040467373 	4.35	A	21911265.099632103	2 
613 	29.359833333332396	-0.678499999999932     	3.7893930464428885e-05	4.52	B	1785325.0190941433	1 
614 	29.350499999999062	-0.7964999999999203    	2.297503103632442e-06 	0.68	A	77384.92286347557 	1 
615 	29.340499999999064	-0.7554999999999243    	0.00017077458403441046	3.85	B	6958145.634728347 	1 
616 	29.340833333332398	-0.6864999999999313    	5.879562974097986e-05 	3.8 	B	1708348.6643764284	1 
617 	29.340833333332398	-0.7791666666665886    	2.5416519348086417e-06	0.68	B	183225.3471682338 	1 
618 	29.336499999999067	-0.7894999999999209    	7.277513236982872e-07 	0.68	B	67315.43596283224 	1 
619 	29.322499999999067	-0.8088333333332524    	1.6913566785392236e-05	0.68	B	1685220.5223904424	3 
620 	29.309166666665735	-0.7648333333332568    	4.903935926631551e-05 	3.72	B	4462694.242069728 	1 
621 	29.273833333332405	-0.7838333333332549    	2.9642172195366795e-06	0.68	B	182092.25623262953	1 
622 	29.248499999999073	-0.7614999999999238    	5.799421515590117e-06 	3.86	B	267225.15086570877	1 
623 	29.325499999999067	0.13949999999998602    	0.002649565440648205  	9.94	A	173262136.0707019 	1 
624 	29.29349999999907 	0.12949999999998704    	0.0005146431131990525 	4.66	A	40225263.45111674 	2 
625 	29.302166666665734	0.36616666666663006    	0.00022070794398130217	4.56	B	3922650.9441072694	1 
626 	29.296166666665737	-0.4521666666666214    	0.00021460824009027278	4.57	A	4145822.1455091923	1 
627 	29.279166666665738	-0.10216666666665644   	0.0001937164469722133 	5.44	B	23230775.558663484	1 
628 	29.273833333332405	-0.12949999999998704   	0.00015270961755643262	3.62	B	21723293.056109235	1 
629 	29.252833333332408	-0.14516666666665215   	9.84540830096993e-06  	2.96	B	359766.4746604178 	1 
630 	29.246499999999077	0.08016666666665864    	0.0019517123786408526 	5.31	B	180216414.1743726 	1 
631 	29.229166666665744	0.024166666666664248   	0.0006242311216414756 	5.31	B	91841659.03181997 	2 
632 	29.191833333332415	0.13183333333332015    	0.002790509412766731  	9.09	A	115466676.63857953	1 
633 	29.210166666665746	0.004166666666666249   	9.333405243316972e-05 	5.31	B	11652110.791391939	1 
634 	29.187499999999083	0.002833333333333049   	0.0009173464465817862 	9.27	B	110185069.94941396	1 
635 	29.15083333333242 	0.13849999999998613    	4.7714282628766186e-05	4.57	B	10184839.118128669	1 
636 	29.14549999999909 	0.12649999999998734    	2.8173075826380337e-05	5.33	B	6531431.543995142 	1 
637 	29.13883333333242 	0.03249999999999674    	0.0001246607772370019 	5.36	B	22288273.59830093 	1 
638 	29.110833333332423	0.10416666666665625    	0.00041644229148141035	5.33	B	56899340.98760533 	2 
639 	29.11749999999909 	0.025166666666664145   	0.0002679914992708091 	5.36	B	46582300.98758951 	1 
640 	29.090833333332426	0.09049999999999095    	0.00019319257473372298	9.23	B	15602615.331165524	1 
641 	29.07416666666576 	0.024833333333330848   	0.00015555633774480917	9.2 	B	5824314.705532747 	1 
642 	28.9924999999991  	0.03116666666666354    	0.002531625066587632  	5.36	B	205273763.96464235	4 
643 	28.88016666666578 	0.06916666666665974    	0.006488753904424074  	5.39	B	426344167.5745953 	2 
644 	28.92249999999911 	0.12583333333332075    	0.0029591359610038038 	8.63	A	56979946.98166093 	1 
645 	28.934499999999108	0.033499999999996644   	0.00013186943610627138	9.41	A	1586048.4562415953	1 
646 	28.875499999999114	0.10649999999998935    	3.6822746015459545e-05	3.25	B	1862119.8918807665	1 
647 	29.236499999999076	-0.05083333333332825   	7.725809352082006e-05 	3.66	A	10517249.512493262	1 
648 	29.234166666665747	-0.3321666666666334    	0.0005972673119865988 	5.08	A	14566070.891937276	1 
649 	29.212166666665745	-0.15249999999998473   	0.0009486457707102448 	5.34	A	16831263.417163584	1 
650 	29.200166666665744	-0.3431666666666323    	0.00010871033322476491	5.15	B	5492971.578283194 	1 
651 	29.174166666665748	-0.3288333333333004    	0.0002349042259046232 	9.32	B	9492039.14906381  	1 
652 	29.14283333333242 	-0.3331666666666333    	0.0006665352800940376 	5.15	B	36870260.94688088 	2 
653 	29.11783333333242 	-0.3224999999999677    	0.00016599738817915397	5.16	B	12225847.987182422	1 
654 	29.11683333333242 	-0.3464999999999653    	0.00015395364396017172	9.5 	B	5873974.423790758 	1 
655 	29.103166666665754	-0.29783333333330353   	0.0009362685597710396 	9.38	B	68868334.765372   	1 
656 	29.078833333332422	-0.2878333333333045    	0.0002172575059132885 	9.39	B	3816621.499530367 	1 
657 	29.183833333332416	0.5674999999999433     	0.0003388943934090002 	9.85	A	28794642.089439675	1 
658 	29.152499999999083	-0.7788333333332554    	0.000252170761694381  	3.5 	A	7710456.364625597 	2 
659 	29.12383333333242 	0.24083333333330925    	0.0022413325436143597 	5.21	B	71025499.87691948 	1 
660 	29.140166666665753	0.20016666666664665    	0.00026157305758873063	4.55	B	7103070.993301342 	1 
661 	29.106499999999087	0.20183333333331316    	4.354041609670473e-05 	9.23	B	642380.8349302188 	1 
662 	29.12583333333242 	-0.6354999999999364    	4.506899341693392e-05 	3.5 	B	363851.33004993235	1 
663 	29.103166666665754	-0.6098333333332724    	0.00033396860686869085	2.99	B	8294699.453438603 	2 
664 	29.09916666666576 	-0.5404999999999459    	0.001996886754115699  	4.49	A	30344683.15330251 	3 
665 	29.046166666665762	-0.6318333333332701    	0.0006589526332799731 	3.5 	A	13028874.466413274	4 
666 	29.02683333333243 	-0.6231666666666043    	6.882661368179422e-05 	3.5 	A	989254.0861756547 	1 
667 	29.045499999999095	0.2874999999999713     	0.0011440175263416966 	9.3 	A	25863532.39029397 	1 
668 	28.985166666665766	-0.18583333333331475   	8.261337606908526e-05 	9.32	B	9209021.852953186 	1 
669 	28.962833333332437	-0.04783333333332855   	0.01768746363299214   	9.33	A	641784687.6035024 	3 
670 	28.962833333332437	-0.7351666666665931    	0.0010080119407553539 	3.3 	A	38928867.23215782 	1 
671 	28.900833333332443	-0.46149999999995384   	0.001838267910279293  	9.98	A	101623293.93668358	2 
672 	28.973833333332436	0.40683333333329263    	0.00021169620281935413	9.25	B	7412675.732992899 	1 
673 	28.956166666665773	-0.20149999999997983   	9.992328904095687e-05 	5.27	A	8161590.426930241 	1 
674 	28.79049999999912 	0.13816666666665284    	0.0024954966012107117 	3.14	A	89239132.89194456 	1 
675 	28.847499999999116	0.2511666666666415     	0.00020721129380919513	3.29	A	6263951.2129114615	1 
676 	28.72383333333246 	0.11816666666665482    	0.00019069504866295323	8.65	B	8953037.357353583 	1 
677 	28.718833333332462	0.14583333333331877    	0.0032406108254041154 	9.16	B	192311571.41268447	1 
678 	28.705166666665797	0.11683333333332163    	2.4326239448462035e-05	9.25	B	1113911.602150611 	1 
679 	28.6651666666658  	-0.059833333333327354  	0.00013198465696837803	5.31	B	3430563.915239765 	1 
680 	28.641499999999137	-0.07449999999999257   	0.00036970973325777044	5.31	B	19154338.767455097	1 
681 	28.66083333333247 	0.1418333333333191     	8.33111973774343e-05  	4.45	B	17913984.62700048 	1 
682 	28.648499999999135	0.12483333333332086    	4.184176139402226e-05 	8.79	B	9581341.977548538 	1 
683 	28.64483333333247 	0.13749999999998624    	2.7748057694495417e-05	4.45	B	5049587.392859103 	1 
684 	28.60949999999914 	-0.25816666666664084   	0.001951926409270807  	8.87	A	127582791.11385067	1 
685 	28.629499999999137	0.15816666666665086    	0.00047242358660423017	5.61	B	21473448.32765052 	2 
686 	28.52783333333248 	-0.25083333333330826   	0.0021156672887432918 	5.31	B	283447225.0417674 	4 
687 	28.55583333333248 	-0.010499999999998955  	0.001967628507839215  	9.84	B	151757955.9476979 	2 
688 	28.50949999999915 	-0.13883333333331943   	0.0020564030284559724 	5.31	B	141746201.23140308	1 
689 	28.54483333333248 	-0.32216666666663446   	0.0007626098292366659 	5.31	B	90153556.7144829  	1 
690 	28.54049999999915 	-0.28283333333330507   	0.0005485522836256232 	5.31	B	76807726.11885819 	1 
691 	28.54783333333248 	0.19883333333331338    	0.0002615834741506321 	5.31	B	10098334.551097285	1 
692 	28.514833333332483	-0.37449999999996253   	0.0003054758570603914 	2.95	B	31243955.392106496	1 
693 	28.520833333332483	-0.04949999999999505   	0.0006283347660736089 	5.31	B	46868869.50176431 	1 
694 	28.524166666665817	-0.09949999999999004   	7.572219353628299e-05 	9.82	A	1149500.300270697 	1 
695 	28.525833333332482	0.22516666666664414    	0.0002446917284648744 	5.31	B	7992298.779856204 	1 
696 	28.44983333333249 	0.1954999999999804     	0.0020931449611622816 	5.31	B	130610798.28592092	2 
697 	28.49549999999915 	-0.18683333333331464   	0.00044596117282229254	5.31	B	23182700.377099555	1 
698 	28.48516666666582 	-0.04916666666666175   	0.001197780403135409  	9.73	B	48380751.339175396	1 
699 	28.39349999999916 	-0.11316666666665537   	0.007490868893289152  	5.31	B	352464357.86755794	3 
700 	28.481833333332485	-0.37116666666662956   	0.00023648443960060794	5.31	A	19107071.11873428 	1 
701 	28.471499999999153	0.04683333333332862    	8.000405811296419e-05 	4.47	A	5651989.29806327  	1 
702 	28.470499999999156	-0.13983333333331938   	4.809853008825924e-05 	5.31	B	1834035.6157499382	1 
703 	28.443166666665824	0.28116666666663853    	0.0008830575800184377 	4.54	A	33711843.42904661 	2 
704 	28.447166666665822	-0.32883333333330045   	0.0002265075056209054 	2.95	B	23687909.148305167	2 
705 	28.406833333332493	0.07749999999999224    	0.005345235456832143  	5.31	B	1089835877.4983582	6 
706 	28.397833333332496	0.12649999999998734    	0.0008706406547523592 	5.31	B	68327161.7318435  	2 
707 	28.417166666665825	0.20616666666664601    	0.0002468418887994837 	9.14	B	15863824.318056934	1 
708 	28.40149999999916 	0.20583333333331272    	5.429494391772252e-05 	9.52	B	1388594.6884390519	1 
709 	28.364499999999165	0.1204999999999879     	0.0021785580255055197 	5.31	B	229855877.4997224 	5 
710 	28.357499999999167	-0.34483333333329885   	0.0003463285033537555 	5.31	B	19702346.58527538 	1 
711 	28.312833333332502	-0.30549999999996946   	0.0004022525879405014 	5.31	B	25659379.68547325 	1 
712 	28.354499999999167	-0.37683333333329566   	0.0004270653217161907 	5.31	B	24867318.4867875  	1 
713 	28.3418333333325  	0.03416666666666324    	0.0006472306171797107 	5.31	B	48834814.73993337 	2 
714 	28.272499999999173	-0.16916666666664976   	0.0025410148058134735 	5.31	B	373316991.78137386	2 
715 	28.280833333332506	0.2548333333333079     	0.000928148844353396  	9.78	B	23257607.649367996	1 
716 	28.26116666666584 	-0.24749999999997524   	0.0009938160230190817 	9.41	B	55657230.99419099 	1 
717 	28.25183333333251 	0.19383333333331393    	0.00031412535903296217	5.41	A	7864717.742194015 	1 
718 	28.226166666665847	0.0014999999999998348  	0.0007448167009748594 	8.84	A	50012723.62340589 	1 
719 	28.232499999999177	0.23383333333330997    	0.00013569087517604684	9.77	B	10676357.982098635	1 
720 	28.224166666665845	0.2181666666666448     	0.0001832605853619909 	5.48	B	15512954.832944095	1 
721 	28.22749999999918 	-0.18816666666664786   	3.387892496296038e-05 	5.31	B	2969597.268001861 	1 
722 	28.206833333332515	-0.038833333333329445  	0.0007519299211757269 	9.48	B	105969434.20668863	1 
723 	28.20716666666585 	0.02483333333333082    	0.00035666664590056524	5.91	B	40820696.99484721 	1 
724 	28.193499999999183	0.012833333333332031   	8.062534057149006e-05 	5.91	B	7282870.504261341 	1 
725 	28.196499999999183	-0.05583333333332774   	0.00015116680884881477	5.31	B	20955732.018978108	1 
726 	28.184833333332517	-0.08649999999999136   	0.00023972918170973653	5.31	B	23837333.5592956  	1 
727 	28.18416666666585 	-0.20483333333331286   	0.00016586946510910593	9.2 	B	21238985.956213396	1 
728 	28.180499999999185	-0.21783333333331156   	0.0001274905830354491 	9.19	B	5847122.06471466  	1 
729 	28.16516666666585 	-0.20916666666664574   	0.0001434366879417731 	5.31	B	17892492.95906457 	2 
730 	28.139499999999188	-0.14149999999998586   	0.00016765877835594635	9.38	B	5150795.77007834  	1 
731 	28.836166666665783	0.49283333333328405    	0.00044176602740960395	9.84	B	96712710.51290637 	2 
732 	28.82483333333245 	0.48416666666661823    	3.7807072530278535e-05	4.76	B	6870533.82024717  	1 
733 	28.85883333333245 	0.316166666666635      	0.0011133462075782184 	9.0 	A	35381104.90295763 	2 
734 	28.854833333332447	0.37883333333329544    	0.00028183886021680964	9.84	A	14813393.642069105	1 
735 	28.84116666666578 	-0.4171666666666249    	0.001177744428596674  	9.1 	A	45007774.50081667 	3 
736 	28.829166666665785	-0.33583333333329973   	0.0014404623883884264 	9.08	A	73113206.0821619  	1 
737 	28.815833333332453	0.4248333333332908     	0.0008028057579424522 	4.98	A	31896760.307809293	1 
738 	28.786833333332456	-0.15516666666665113   	0.00031454429226265493	5.4 	A	18713282.626352046	1 
739 	28.761833333332454	-0.5484999999999451    	0.0004022728991531253 	9.85	B	11608234.243693344	1 
740 	28.742499999999122	-0.6341666666666032    	0.0006456322042852129 	4.65	A	13364423.429456335	1 
741 	28.734166666665793	-0.3041666666666363    	0.0017290444838726688 	4.91	B	266546667.74725053	2 
742 	28.74916666666579 	-0.2698333333333064    	5.608703392157616e-05 	9.49	B	6073940.413158167 	1 
743 	28.778833333332454	0.19783333333331354    	0.00055690923272055   	5.83	A	32986211.48227721 	1 
744 	28.717499999999127	0.45049999999995494    	0.0005468863390799413 	4.93	B	53305257.84960787 	1 
745 	28.70083333333246 	0.43283333333329005    	0.0011668747191753506 	9.53	B	106546316.23141968	1 
746 	28.641499999999134	0.2778333333333055     	2.693071838763788e-05 	5.15	A	1965755.388320006 	1 
747 	28.60149999999914 	-0.33049999999996693   	0.00025178765045786374	4.24	A	14019436.021317707	1 
748 	28.418833333332493	-0.4114999999999588    	9.434080352857824e-06 	2.81	A	291717.58553448017	1 
749 	28.396499999999158	-0.6051666666666061    	0.00064697631781918   	4.19	A	8231196.887028513 	1 
750 	28.357499999999163	-0.26383333333330694   	4.18457214204795e-05  	2.91	B	1664937.0107637874	1 
751 	28.344499999999165	-0.24016666666664263   	0.0005451633715071305 	9.2 	B	16943534.085909102	1 
752 	28.20049999999918 	-0.402833333333293     	5.332671101811845e-05 	3.01	B	3691966.2809777707	1 
753 	28.18083333333252 	-0.4044999999999595    	2.113600253425586e-05 	4.37	B	1403405.7770488104	1 
754 	28.167833333332517	-0.426166666666624     	3.6946449795779705e-05	4.38	B	529064.905312219  	1 
755 	28.14983333333252 	0.014166666666665249   	0.002056874399543699  	5.37	A	119487594.45213571	3 
756 	28.13216666666585 	0.21749999999997827    	0.000800442869725054  	9.73	B	34297974.24609721 	1 
757 	28.126166666665853	0.18649999999998135    	6.297473806190824e-05 	5.13	B	4112294.503938006 	1 
758 	28.073166666665855	0.11716666666665496    	0.001959075514757581  	5.13	B	161518307.71813554	2 
759 	28.102499999999186	0.20783333333331255    	3.945941861587744e-05 	5.13	B	3085434.8332696366	1 
760 	28.087833333332522	0.06883333333332645    	0.000970496690359376  	4.42	B	98640046.74420343 	1 
761 	28.00283333333253 	0.15516666666665116    	0.0015178317038215584 	4.52	A	67181639.42272225 	1 
762 	27.899499999999207	0.0001666666666666483  	0.0027420721907541077 	5.4 	B	145596323.7415583 	3 
763 	27.909499999999205	0.06816666666665985    	1.8289589332545672e-05	0.89	B	1689573.65896157  	1 
764 	27.886833333332543	0.04116666666666255    	0.00023870676210964567	3.07	B	23594117.72907707 	1 
765 	27.892499999999206	0.11883333333332144    	4.579652643148137e-05 	5.71	A	1009778.4162052728	1 
766 	27.869833333332544	-0.03716666666666294   	0.0005731284095435953 	5.36	B	16723733.536878817	1 
767 	27.86349999999921 	0.06983333333332636    	0.00025523314830825614	5.7 	B	43894334.06349382 	1 
768 	27.858833333332544	0.10816666666665584    	0.00020485104222479707	4.42	B	35844452.5567243  	1 
769 	28.117499999999186	-0.34349999999996567   	0.00042688148341103055	2.96	A	6505087.720488554 	2 
770 	28.111833333332523	-0.44916666666662175   	0.00043859514690164234	2.96	A	12825005.135141503	2 
771 	28.047166666665863	-0.45983333333328735   	0.0004411351704871104 	2.89	A	15058308.397120519	2 
772 	27.956499999999206	-0.46716666666662      	0.0013241705361109783 	2.95	A	43021433.878770985	3 
773 	28.086166666665857	-0.11583333333332174   	0.00015551417361695373	9.25	B	34038135.26733462 	1 
774 	28.083166666665857	-0.10683333333332264   	1.3126945486698361e-05	2.91	B	3089673.943613113 	1 
775 	28.051499999999194	-0.12783333333332053   	0.001542788789023209  	9.35	B	286850881.12657315	1 
776 	28.05716666666586 	-0.26983333333330634   	0.0006677908748519887 	5.44	A	11363621.994699245	2 
777 	28.015499999999196	-0.2564999999999743    	0.000564983067000889  	9.3 	A	9226732.632398272 	1 
778 	27.991166666665865	0.272833333333306      	0.000839966835079865  	5.37	A	37402303.22011727 	1 
779 	27.965499999999203	-0.19883333333331343   	0.0010669762828542828 	5.29	A	37459691.287002996	1 
780 	27.941833333332536	-0.19916666666664673   	0.0003216369704185872 	5.3 	B	19902165.83163261 	1 
781 	27.89383333333254 	-0.19583333333331374   	0.0010197495035133308 	9.29	B	54131876.52900354 	2 
782 	27.97616666666587 	-0.23649999999997637   	0.0009639568494969899 	9.29	A	19034114.20838198 	1 
783 	27.955833333332535	-0.5534999999999446    	0.00023572494917255068	3.36	A	24311130.94369525 	1 
784 	27.89449999999921 	0.3431666666666323     	0.0058107429912604945 	9.39	A	81419763.83646043 	1 
785 	27.924166666665872	-0.12883333333332045   	0.001221265054376543  	9.26	A	33758093.51170385 	1 
786 	27.89516666666588 	-0.3941666666666272    	7.234000567810008e-05 	2.97	A	5227702.225696863 	1 
787 	27.832166666665884	-0.3384999999999661    	0.0003463002267340682 	2.95	A	16730090.876294304	2 
788 	27.768499999999225	-0.2558333333333077    	7.556161987886325e-05 	9.11	A	852020.1050161563 	1 
789 	27.75483333333256 	-0.2684999999999731    	0.0002504559673454068 	2.94	A	9424042.410857156 	1 
790 	27.83883333333255 	-0.22083333333331123   	0.001301148533068523  	5.2 	A	91155246.30327478 	2 
791 	27.83583333333255 	0.3638333333332969     	0.0029671757776414836 	9.46	A	54264844.15922828 	2 
792 	27.817499999999217	0.12649999999998734    	0.00047852328812601297	4.58	B	34824465.11590009 	2 
793 	27.773166666665887	0.17216666666664943    	0.00014522830714248127	5.56	B	13894197.332838267	1 
794 	27.761499999999224	0.15683333333331764    	0.0005259701183525253 	9.19	B	42570463.65811667 	1 
795 	27.73983333333256 	0.17116666666664954    	0.00010682860345279061	5.56	B	33102750.478064835	1 
796 	27.742499999999225	0.18783333333331453    	0.00010957503715576124	9.17	B	25972695.04759744 	1 
797 	27.766833333332553	0.053833333333327946   	0.000505571728284774  	5.28	B	75356590.83097948 	3 
798 	27.73083333333256 	0.03583333333332975    	0.00018485426551717693	9.47	B	21280765.4979415  	1 
799 	27.717499999999227	0.02283333333333105    	0.0003578066430862006 	5.28	B	42392351.09988531 	2 
800 	27.70683333333256 	-0.012833333333332052  	0.00021627110596923214	9.48	B	18183526.265450068	1 
801 	27.78316666666589 	0.4021666666666264     	0.0008319434376595754 	4.71	A	19882403.905840695	1 
802 	27.79049999999922 	0.21483333333331184    	0.0009000899550437503 	5.37	A	28812097.045185115	1 
803 	27.712499999999228	-0.12049999999998795   	0.0021088171825156933 	4.37	A	65355869.40284395 	2 
804 	27.739499999999225	-0.12683333333332064   	6.817886166180789e-05 	4.38	A	572148.7071842864 	1 
805 	27.721499999999228	0.29183333333330413    	0.000715180789005933  	9.56	A	12040255.70594882 	1 
806 	27.68749999999923 	0.29649999999997034    	0.004507145413337416  	9.55	A	95391047.30837029 	3 
807 	27.6651666666659  	0.11383333333332195    	0.0004081713233609288 	5.39	B	106710576.25272526	1 
808 	27.6651666666659  	0.12683333333332064    	0.00021109040575659508	9.32	B	41847464.606401846	1 
809 	27.617166666665902	-0.8674999999999132    	0.0005294377652739743 	4.82	A	24286102.102128126	2 
810 	27.60049999999924 	-0.2954999999999704    	0.0025549308512183605 	9.58	A	43755465.25250978 	1 
811 	27.615166666665903	0.10849999999998913    	0.00012313274585888168	4.68	A	8730882.068826035 	1 
812 	27.591499999999243	0.022499999999997747   	0.0012677364698400848 	9.8 	A	82582828.02230151 	2 
813 	27.549499999999245	0.3374999999999662     	0.004765473306414196  	9.46	A	92787953.68056336 	2 
814 	27.551166666665914	-0.9404999999999059    	0.0002022854622532004 	4.8 	A	31700001.4858718  	1 
815 	27.537499999999245	-0.9741666666665691    	4.6671164613464564e-05	4.81	A	610172.5611039049 	1 
816 	27.53616666666591 	-1.0068333333332324    	2.0509281639395412e-05	4.8 	A	503908.45938626135	1 
817 	27.514166666665915	-1.0004999999998998    	0.0006724392987699872 	4.8 	A	21885704.44480975 	3 
818 	27.444499999999252	0.10216666666665644    	0.004620679263219216  	5.38	A	166532936.92717293	4 
819 	27.488499999999252	-0.04383333333332895   	3.332561957397892e-05 	5.35	A	5662477.463142078 	1 
820 	27.45816666666592 	-0.15283333333331806   	0.0014710482897196857 	5.0 	A	27032627.2937509  	1 
821 	27.43383333333259 	0.44549999999995543    	0.0024483566899578253 	9.8 	A	33221149.80783595 	1 
822 	27.43583333333259 	-0.8311666666665835    	0.0005707987009324878 	4.86	A	22028205.152508225	1 
823 	27.419166666665923	-0.2988333333333034    	0.00312417477807098   	9.04	A	94676830.61526674 	2 
824 	27.407166666665926	-0.17549999999998245   	0.0005950836789360483 	5.08	A	22839913.381112702	1 
825 	27.355833333332598	-0.15183333333331817   	0.002309568661166391  	8.0 	A	126185804.29124242	1 
826 	27.358833333332598	-0.36616666666663006   	0.003715134637763183  	5.79	A	81289782.783535   	8 
827 	27.346499999999267	-0.09049999999999095   	0.001756180846772694  	9.76	A	24262295.787302803	1 
828 	27.342499999999266	0.002833333333333049   	0.003116246357316007  	9.57	A	175105241.14468157	2 
829 	27.290166666665936	-0.025833333333330745  	0.004768448266813201  	9.65	A	87649082.66423146 	1 
830 	27.34416666666593 	0.18883333333331445    	0.0008999664688956535 	9.97	A	51169738.66641406 	1 
831 	27.283499999999272	0.39883333333329346    	0.00027106821136500917	4.69	A	4388906.325525147 	1 
832 	27.24416666666594 	-0.2714999999999728    	0.00046586252169235245	4.1 	A	6588452.870798408 	1 
833 	27.25016666666594 	0.10849999999998915    	0.0005343823192935167 	9.86	A	32231917.68473327 	1 
834 	27.22083333333261 	0.04316666666666234    	0.0005501464640303054 	8.75	A	22976733.56551775 	1 
835 	27.169833333332615	0.12583333333332075    	0.0024151917594574216 	9.32	B	65695748.7956031  	1 
836 	27.14683333333262 	0.14483333333331883    	0.0001896984267736803 	5.16	B	9022326.050358938 	1 
837 	27.104166666665957	0.13716666666665295    	0.0004503197332960002 	5.16	B	20239240.03031979 	1 
838 	27.078833333332625	0.18216666666664844    	0.0005241263896036697 	5.16	B	28735388.287884504	2 
839 	27.07616666666596 	0.11716666666665494    	0.00022411493446673173	8.79	B	3256039.3488916946	1 
840 	27.041166666665962	0.17649999999998234    	0.00014617142433582397	5.16	B	3252748.2223082357	1 
841 	27.04916666666596 	0.19583333333331374    	3.370413853366101e-05 	5.16	B	2422044.272307313 	1 
842 	27.028499999999298	0.28016666666663864    	0.0009511055563750223 	5.16	B	74808903.68370204 	4 
843 	27.016166666665963	0.20449999999997953    	0.0030182693468167408 	9.74	B	320135593.2994789 	1 
844 	27.018499999999296	0.14149999999998583    	0.0003722628205305179 	5.18	A	8491442.722587364 	1 
845 	26.95216666666597 	0.18516666666664813    	0.000676425839127432  	5.16	B	53208874.60637547 	2 
846 	26.94283333333264 	0.15116666666665154    	0.00040553107861356834	5.16	B	13090512.785691677	2 
847 	26.904166666665976	0.18749999999998124    	0.000280987978470468  	5.16	B	15693115.937220378	1 
848 	26.90583333333264 	0.21016666666664563    	0.00046708168454536104	5.16	B	25004192.785159323	1 
849 	26.88949999999931 	0.16716666666664992    	9.651639671002927e-05 	5.16	B	2989567.5047878437	1 
850 	26.85216666666598 	0.18116666666664855    	0.0001559041702225496 	5.16	B	25823268.045497853	1 
851 	26.82449999999932 	0.23549999999997645    	0.0016760206888168157 	6.12	B	90732828.83780353 	2 
852 	26.82683333333265 	0.18216666666664844    	5.010561771314311e-05 	5.16	B	6607734.709378605 	1 
853 	27.178833333332616	-0.10483333333332284   	0.00017549169985749856	3.02	A	5465718.03699355  	1 
854 	27.098166666665957	-0.5584999999999442    	0.0013842595375699923 	4.8 	A	63835940.016230695	3 
855 	27.117166666665955	-0.3151666666666351    	0.00035017765820870224	9.44	A	29881008.180423435	1 
856 	27.069499999999294	0.010833333333332248   	0.0006261563372424435 	5.25	A	42055126.725690074	1 
857 	27.059833333332627	-0.3771666666666289    	1.2700915009588349e-05	4.13	A	100805.06081409102	1 
858 	27.05216666666596 	-0.5581666666666107    	0.0002202077323931981 	9.76	A	9016954.526293343 	1 
859 	27.036499999999293	0.05983333333332735    	0.0018074650550062405 	9.28	A	57253365.83838339 	1 
860 	27.0154999999993  	-0.6201666666666046    	0.00019414368170352284	4.79	A	5761555.746060141 	1 
861 	27.01783333333263 	-0.16649999999998333   	0.00013082945768117638	5.59	A	11385642.901939984	1 
862 	27.001166666665966	-0.29716666666663694   	0.00030492828490971414	3.99	A	21913423.013071083	1 
863 	26.94183333333264 	-0.30183333333330314   	0.0007312477197348878 	4.04	A	32532520.079826128	1 
864 	26.905166666665973	-0.30849999999996913   	0.0003500177949867983 	4.04	A	14592167.57531334 	1 
865 	27.006833333332633	0.46116666666662054    	3.7068555350037385e-05	9.25	A	1963579.2988341344	1 
866 	26.996166666665967	0.452833333333288      	0.001236785848718259  	9.29	A	61927196.05815928 	1 
867 	26.951499999999303	0.43983333333328933    	0.0020571944884822365 	9.27	A	104660836.15068871	2 
868 	26.92783333333264 	0.023499999999997648   	0.0014196388891420278 	5.34	A	20292231.10430284 	1 
869 	26.912166666665975	0.42549999999995747    	0.002091608297264949  	9.3 	A	55305308.11839516 	1 
870 	26.80683333333265 	0.05849999999999415    	0.0001870193707208647 	5.99	A	3128262.2633978417	1 
871 	26.768499999999325	-0.025166666666664145  	0.0059718736954480515 	9.2 	B	368864586.71960986	1 
872 	26.71283333333266 	-0.08916666666665773   	0.0007656022719678565 	9.56	A	26633952.55149797 	1 
873 	26.689166666665997	0.03616666666666306    	0.0006582414159128935 	5.23	B	84275552.40391353 	1 
874 	26.65783333333267 	-0.07549999999999243   	0.0007132486751742623 	3.72	B	58108182.18775195 	1 
875 	26.667499999999333	-0.09449999999999054   	0.0007057972077904636 	9.4 	B	35205423.72845316 	1 
876 	26.665499999999334	-0.004166666666666249  	0.0002884071022535612 	6.05	B	30253684.540101115	1 
877 	26.67849999999933 	0.06549999999999344    	0.00013664893757693182	9.2 	B	11260803.737129034	1 
878 	26.653166666666003	0.007499999999999257   	0.0007809800362462859 	8.92	B	104637190.14216658	1 
879 	26.744833333332657	0.05049999999999495    	0.0006252526145276828 	9.44	A	3846323.320120609 	1 
880 	26.738166666665993	0.21416666666664522    	0.00024626715052884605	6.11	B	12796265.792410152	1 
881 	26.73583333333266 	0.22683333333331063    	5.673368424189424e-05 	6.11	B	3552859.2414218313	1 
882 	26.69249999999933 	0.26883333333330645    	0.0008883880284623228 	6.05	B	34931243.65064549 	1 
883 	26.662166666666   	0.2711666666666396     	0.0013534417983513457 	8.91	B	58114370.81594492 	1 
884 	26.654499999999334	0.23949999999997607    	0.0005507998941189967 	9.81	B	26205409.803152557	1 
885 	26.631833333332672	0.25749999999997425    	0.0002202696854840343 	6.05	B	18665208.880191453	1 
886 	26.602833333332672	0.2544999999999745     	0.000411917069063453  	8.91	B	33316312.720049426	1 
887 	26.57116666666601 	0.26649999999997337    	0.00013171491790469318	8.93	A	6790169.773115625 	1 
888 	26.514166666666014	0.2878333333333045     	0.0016876036565419317 	5.4 	B	76996371.96992086 	3 
889 	26.504833333332684	0.24283333333330906    	0.00019670121571367156	5.4 	B	13454432.163663633	1 
890 	26.49349999999935 	0.32449999999996754    	0.002645387847629709  	5.53	A	114875661.01345333	1 
891 	26.498166666666016	0.23583333333330975    	0.0009388294526959372 	9.56	B	42210169.66292726 	1 
892 	26.472499999999354	0.23183333333331016    	0.0001447684296084674 	9.56	A	1536667.277654532 	1 
893 	26.68349999999933 	-0.7074999999999292    	0.0007301305969482318 	3.54	A	15276157.179656858	2 
894 	26.672166666666   	0.6751666666665992     	0.00104247019558886   	3.1 	A	23007094.572744947	3 
895 	26.541499999999346	0.7271666666665939     	0.0018895022912260933 	3.09	A	96377580.64756796 	7 
896 	26.568833333332677	0.6908333333332642     	0.0004864730886238269 	3.07	A	11484151.282712283	2 
897 	26.544166666666012	-0.03216666666666345   	0.00017859699995808186	9.53	B	3706055.2246660343	1 
898 	26.525833333332677	-0.04516666666666215   	0.0006622504553129634 	5.4 	B	26658953.469131887	1 
899 	26.518166666666012	-0.4698333333332863    	0.00013314798649451392	3.85	A	5469752.104826848 	1 
900 	26.507499999999347	-0.40549999999995945   	0.0007932192067555409 	8.84	B	30319559.12149021 	1 
901 	26.51683333333268 	-0.39949999999996      	4.4628760321858255e-05	4.01	B	1945118.3082011528	1 
902 	26.50583333333268 	-0.44583333333328873   	0.00019219489920664135	4.07	A	8505337.167104946 	1 
903 	26.480499999999353	-0.5334999999999466    	0.00017105442725790963	4.08	A	4500170.053663495 	1 
904 	26.436166666666022	0.25049999999997496    	0.005926243294834162  	9.24	A	187611714.56823882	3 
905 	26.438499999999358	0.18916666666664772    	0.00024337950025162797	9.16	B	16964969.310275864	1 
906 	26.401833333332693	0.33949999999996605    	0.0008232366554273879 	8.79	A	30258637.478771757	1 
907 	26.375499999999363	0.35249999999996473    	0.0009556455771072325 	6.22	A	47796078.863205805	1 
908 	26.38416666666603 	-0.6251666666666041    	0.00024438167802417403	3.82	A	5854409.687768905 	1 
909 	26.350833333332698	0.8344999999999165     	0.00016303241076992295	3.05	A	1554950.9108006756	3 
910 	26.322166666666035	0.8164999999999183     	0.00010421731936045674	3.05	A	664889.5282066747 	1 
911 	26.16649999999938 	0.8751666666665792     	0.0012128191173947742 	3.03	A	16357224.102988113	5 
912 	26.3408333333327  	0.979499999999902      	0.0007781424207341229 	2.88	A	23193885.61187461 	4 
913 	26.344166666666034	0.13616666666665303    	0.0011757480851666499 	6.04	A	108447130.3426615 	1 
914 	26.28949999999937 	0.13783333333331954    	0.00014826469025954825	6.08	B	39705742.07469801 	1 
915 	26.284833333332706	0.14816666666665185    	6.0046556744668516e-05	8.86	B	13558874.732182337	1 
916 	26.31449999999937 	-0.35816666666663083   	0.0010551468735442108 	5.47	B	63559463.27237576 	2 
917 	26.290833333332706	-0.359499999999964     	0.00036608982467289654	9.49	B	10901371.345168078	1 
918 	26.330166666666035	-0.04749999999999525   	0.0005319389572461592 	6.04	A	61179052.55893939 	1 
919 	26.308833333332704	0.4091666666666257     	3.4156142045837227e-05	1.2 	A	853906.4610310153 	1 
920 	26.304166666666035	-0.013166666666665352  	0.0010635897071513997 	9.53	A	76247325.66256121 	1 
921 	26.28749999999937 	-0.05449999999999455   	0.00149703924982873   	8.84	A	151391606.60534927	2 
922 	26.26116666666604 	-0.07149999999999285   	0.0004394934839804212 	5.4 	B	66858101.73846092 	1 
923 	26.250499999999374	-0.029833333333330353  	0.0003860098174829024 	5.43	A	29438132.199180488	1 
924 	26.241499999999373	-0.09649999999999036   	0.00012357313938579845	9.53	B	14955578.213937573	1 
925 	26.253833333332707	0.3591666666666307     	0.0003692808623924529 	5.98	A	31476196.536502436	2 
926 	26.22583333333271 	0.09783333333332354    	0.0014181583807891052 	9.71	A	97099655.68341415 	2 
927 	26.221166666666043	0.2904999999999709     	0.0006091702606803006 	4.2 	A	5836495.242832911 	1 
928 	26.206833333332714	-0.17883333333331544   	0.0018596449163006334 	9.17	A	150359353.98825163	1 
929 	26.191166666666046	-0.14483333333331883   	0.0007606783534092579 	5.57	A	21538220.250819538	1 
930 	26.177166666666047	0.14049999999998594    	0.0004194792042943239 	5.32	B	113454802.81834055	1 
931 	26.161499999999382	0.15449999999998454    	8.797351083438383e-05 	6.0 	B	25400226.39127068 	1 
932 	26.168833333332717	-0.07549999999999245   	0.0005510419407515123 	5.72	A	21883333.774080396	1 
933 	26.155833333332716	-0.446166666666622     	0.00038689630359019635	3.79	A	9766449.937062424 	1 
934 	26.133166666666053	-0.45849999999995417   	0.00013147340638344475	9.98	A	2477176.511011176 	1 
935 	26.147166666666052	0.03549999999999645    	0.00018653232943613698	3.71	A	6983805.925392589 	1 
936 	26.132499999999386	-0.2768333333333056    	0.004741166703281539  	9.36	A	156002151.85040447	1 
937 	26.063499999999394	0.9374999999999062     	0.0014850532556571184 	2.98	A	53101164.85018189 	5 
938 	26.07849999999939 	0.28616666666663804    	0.0015535694086800873 	8.49	A	55645605.45201325 	1 
939 	26.040499999999398	0.8248333333332508     	0.0006537227244924162 	2.9 	A	12005606.856514417	1 
940 	25.958833333332738	0.8414999999999159     	0.0004499065745971951 	2.88	A	5833655.310135538 	2 
941 	25.912833333332742	0.8731666666665794     	0.00036348081031880393	2.83	A	4935108.310125085 	1 
942 	26.059499999999392	-0.12649999999998732   	0.00020679525207574376	9.41	A	4077551.283368776 	1 
943 	26.042499999999393	0.15583333333331775    	0.0015235838351750463 	9.74	A	28990922.239782743	1 
944 	26.019166666666063	-0.20249999999997972   	0.0014047236315844088 	9.77	A	44918340.05150041 	1 
945 	25.989833333332736	-0.11949999999998803   	0.002708777857081461  	9.21	A	69822649.05588499 	2 
946 	25.981833333332734	-0.05616666666666104   	0.0007598282853298909 	4.98	A	54064479.97066322 	3 
947 	25.965499999999402	-0.00649999999999934   	0.0012596922128958155 	4.94	A	24754798.13310573 	2 
948 	25.956166666666068	1.0218333333332312     	0.00013873255491311627	3.07	A	2585444.696407823 	1 
949 	25.931833333332737	0.9848333333332349     	0.0001893305765314305 	2.99	A	3887864.067850717 	2 
950 	25.939499999999406	-0.18816666666664783   	0.0025759665797903714 	9.89	A	25124006.17949793 	1 
951 	25.91383333333274 	-0.23283333333331005   	0.0007923017349643065 	5.15	B	67034461.63067348 	1 
952 	25.905499999999407	-0.15016666666665163   	0.0006236926335207203 	9.26	A	24062639.145250335	1 
953 	25.89949999999941 	-0.2548333333333078    	0.00034598589100319894	9.18	A	9805440.405813357 	1 
954 	25.896166666666076	-0.16483333333331684   	0.00010502980171178774	5.15	B	24540598.463878687	1 
955 	25.88949999999941 	-0.13649999999998635   	0.0007841015782092283 	9.18	B	40810479.22253619 	1 
956 	25.876833333332744	-0.18183333333331514   	0.00036257910857139165	9.9 	B	62391349.48296467 	1 
957 	25.86116666666608 	-0.20916666666664574   	0.00045057068694187065	9.89	B	62319330.12693944 	1 
958 	25.824166666666084	-0.17883333333331544   	0.0006749735718554975 	5.15	B	78597743.15999755 	1 
959 	25.84583333333275 	-0.20149999999997986   	3.635646982331114e-05 	5.15	B	5879019.481493962 	1 
960 	25.803166666666087	-0.16216666666665044   	0.0002340279427885732 	5.15	B	12781819.397786546	1 
961 	25.95016666666607 	-0.3981666666666268    	0.0010698508173207961 	9.17	A	55363654.751160026	1 
962 	25.912833333332742	0.4901666666666176     	0.00020538945148348715	2.96	A	3220958.7442141757	1 
963 	25.88116666666608 	-0.09516666666665716   	0.0032808942994640286 	9.64	A	122974154.22997196	1 
964 	25.88883333333274 	-0.562833333333277     	0.002028016774928413  	9.04	A	62332763.237042725	1 
965 	25.848499999999415	-0.4814999999999518    	3.357655663512316e-05 	3.8 	B	3362987.141274299 	1 
966 	25.835499999999417	-0.47149999999995285   	0.00015928924653079967	9.45	B	13101461.076249344	1 
967 	25.83383333333275 	-0.4554999999999544    	0.00023353333243789138	9.46	B	16161780.773120062	1 
968 	25.890499999999413	0.06549999999999345    	0.0001968579501762106 	6.53	A	15559510.512355879	1 
969 	25.875499999999413	0.05483333333332785    	0.00014077311626933285	8.76	A	7957399.591230273 	1 
970 	25.888833333332745	-0.30483333333330287   	0.00038607284722708563	9.77	A	12242268.24609488 	1 
971 	25.879833333332748	0.7138333333332619     	1.2324111384443462e-05	3.04	A	121060.8968687721 	1 
972 	25.836833333332752	0.7228333333332609     	0.0003914611005494772 	3.08	A	7721309.569959911 	3 
973 	25.81349999999942 	0.908499999999909      	0.0016918458538382085 	3.19	A	66287609.63032328 	8 
974 	25.80849999999942 	0.7484999999999251     	1.689882059456416e-05 	3.16	A	376186.1242494894 	1 
975 	25.755166666666092	0.8018333333332531     	1.74623042669321e-05  	3.19	A	347956.58244655025	1 
976 	25.79049999999942 	0.619499999999938      	0.002178012716662272  	2.99	A	29673961.231315214	5 
977 	25.870499999999414	0.9524999999999048     	0.00011959751583975134	2.84	A	866402.3532447771 	1 
978 	25.856499999999414	-0.3644999999999635    	0.000139532519180813  	5.64	A	12590095.855801959	1 
979 	25.84583333333275 	-0.39083333333329423   	2.2689682360658272e-05	5.65	B	13419158.367399314	1 
980 	25.84216666666608 	-0.386166666666628     	1.3788259412677379e-05	9.31	B	5662564.932317951 	1 
981 	25.767499999999423	0.9791666666665687     	3.131208759834759e-05 	3.06	A	411474.94188729516	1 
982 	25.750833333332757	1.044166666666562      	0.00015106372631395898	2.88	A	2946410.8372552535	1 
983 	25.736833333332758	0.9914999999999008     	0.00041536438344905863	2.92	A	11562052.103354517	2 
984 	25.64183333333277 	1.0158333333332317     	0.0002895093370330571 	2.91	A	5679429.7961663045	2 
985 	25.747499999999423	0.02816666666666385    	0.0005069138482669605 	5.16	A	11630648.74666599 	1 
986 	25.614833333332772	-0.30749999999996924   	7.874593841506677e-05 	0.98	B	2972324.498143464 	2 
987 	25.692166666666097	-0.26349999999997364   	0.00012309104170333014	8.96	A	955090.0443164831 	1 
988 	25.64383333333277 	-0.38183333333329517   	1.1454580621198674e-05	0.99	B	673957.2613082662 	1 
989 	25.619499999999437	-0.36649999999996336   	0.0001197012458558561 	5.01	B	3273692.588770674 	1 
990 	25.62349999999944 	-0.38549999999996143   	3.264086398369212e-05 	9.92	B	1300686.8929798682	1 
991 	25.722499999999428	-0.17149999999998283   	0.00036280165393515657	5.12	B	62937973.90542289 	2 
992 	25.71749999999943 	-0.14483333333331883   	8.315822155539166e-05 	8.99	B	13077999.677571448	1 
993 	25.6941666666661  	-0.15783333333331753   	8.491007769043987e-05 	9.88	B	20038848.130487133	1 
994 	25.6831666666661  	-0.13816666666665284   	0.0004977542867635676 	5.12	B	118936901.70114778	3 
995 	25.66483333333277 	-0.15683333333331764   	2.7378709073004103e-05	5.1 	B	6786504.833461777 	1 
996 	25.666499999999434	-0.16316666666665033   	5.443580950500967e-05 	8.99	B	11497533.866222529	1 
997 	25.647499999999436	-0.16483333333331684   	0.0007202486755110073 	8.99	B	40437316.82503762 	1 
998 	25.64283333333277 	-0.11116666666665555   	0.00017048093419559133	9.88	B	28382656.768184662	1 
999 	25.588499999999442	-0.09583333333332375   	0.00033946664904766665	5.12	B	22377495.105650168	2 
1000	25.590833333332775	-0.07249999999999275   	0.00033166990052625023	9.85	B	21498080.179356225	1 
1001	25.56816666666611 	-0.09649999999999034   	0.00019210583347312513	9.85	B	17906443.620454356	1 
1002	25.55016666666611 	-0.08883333333332444   	4.608809167175775e-05 	3.78	B	4215304.446768267 	1 
1003	25.72083333333276 	0.23949999999997604    	0.00012618731192819954	5.87	B	20580614.135122348	1 
1004	25.68749999999943 	0.5308333333332802     	0.0014258881395398805 	3.05	A	20371044.735149644	5 
1005	25.69949999999943 	0.38516666666662813    	0.00043942199501049046	3.56	B	8856303.704524279 	1 
1006	25.66649999999943 	0.35583333333329775    	1.1710484638604441e-05	3.56	B	185151.89048791138	1 
1007	25.6621666666661  	0.34016666666663264    	2.1786481557076873e-05	8.97	B	408828.6383289982 	1 
1008	25.608833333332772	0.22916666666664373    	0.0007777928174137822 	6.03	B	206270810.63341945	2 
1009	25.612499999999436	0.29683333333330364    	0.0015580767175629776 	9.04	A	80916094.64301214 	1 
1010	25.589833333332773	0.24549999999997543    	8.404980018901678e-05 	9.52	B	10743331.322925253	1 
1011	25.585833333332772	0.21949999999997805    	0.00023675915780525122	9.47	B	13358258.63534826 	1 
1012	25.61049999999944 	0.023499999999997648   	0.00010449443659651268	4.95	A	28822000.320795026	1 
1013	25.573833333332775	-0.539499999999946     	0.0010406929546688294 	3.72	A	31123104.468320873	1 
1014	25.56649999999944 	-0.45916666666662076   	0.0003597192448182788 	3.79	A	8585127.163223915 	1 
1015	25.563499999999443	-0.019499999999998047  	0.0007195934661181207 	5.1 	A	10377755.674874412	1 
1016	25.54916666666611 	0.9841666666665682     	0.0001426788637710021 	2.94	A	1789170.114962391 	1 
1017	25.516166666666113	0.13949999999998605    	0.0006282858567006881 	5.76	A	26091323.840921104	1 
1018	25.508833333332785	0.09949999999999004    	0.0017736735826583265 	9.77	A	101098959.39053474	2 
1019	25.427833333332792	-0.6574999999999342    	0.0007186010713032431 	3.87	A	17822399.0718191  	4 
1020	25.39816666666613 	-0.6401666666666026    	0.0017895209789974796 	3.85	A	35115574.2336197  	6 
1021	25.461499999999454	0.15549999999998443    	6.154938881596874e-05 	2.78	A	3228621.669652883 	1 
1022	25.42383333333279 	-0.47016666666661966   	5.041267681078124e-05 	3.65	B	5098570.917602142 	1 
1023	25.41049999999946 	-0.4518333333332881    	7.951517152360021e-05 	4.71	B	8771778.155424053 	1 
1024	25.39449999999946 	-0.3614999999999638    	0.0006064615785526279 	3.47	A	26447938.280713934	2 
1025	25.244166666666143	-0.44749999999995516   	0.002021168639575521  	3.64	A	84298007.25853543 	2 
1026	25.142499999999487	-0.4711666666666195    	0.0005491917026668596 	3.56	B	34113048.82645893 	3 
1027	25.13583333333282 	-0.39283333333329395   	0.0006220997714325384 	3.54	B	30510169.35191993 	2 
1028	25.096166666666157	-0.4411666666666225    	5.036577858975849e-05 	3.46	B	2977373.8497180226	1 
1029	25.100166666666155	-0.4708333333332862    	4.350799837242723e-06 	3.55	B	384244.3840981143 	1 
1030	25.091499999999492	-0.4614999999999538    	1.6744423563026295e-06	0.41	B	144379.9748702781 	1 
1031	25.033499999999496	-0.459499999999954     	0.0007978767617499296 	3.63	B	32325541.941287946	1 
1032	25.411166666666126	0.4104999999999589     	0.0003169087262442267 	9.73	A	11728283.708198275	1 
1033	25.384166666666125	-0.3034999999999696    	0.0013417012571119303 	8.77	A	51250321.030979045	1 
1034	25.344499999999464	-0.06316666666666035   	0.0002704190455817312 	5.58	B	14174794.438881798	1 
1035	25.32816666666613 	-0.042166666666662446  	0.0009765966761907505 	9.53	B	54612304.11648419 	1 
1036	25.347166666666133	-0.5154999999999484    	0.0003952898071139612 	3.7 	A	6503547.779148432 	2 
1037	25.356499999999464	-0.34449999999996556   	8.228972479905512e-05 	3.58	A	8085102.366027882 	1 
1038	25.241166666666143	-0.21583333333331173   	0.0009549994930368516 	3.84	B	92454948.36117147 	4 
1039	25.24583333333281 	-0.2348333333333098    	0.000895661725858427  	9.79	B	63161404.90434438 	1 
1040	25.15983333333282 	-0.29783333333330353   	0.0023078966283338782 	3.88	A	192194297.99266762	4 
1041	25.299833333332803	0.7168333333332616     	0.00014710076639098   	3.01	A	1580683.542489602 	1 
1042	25.268499999999474	-0.6624999999999337    	0.0023693035035823188 	9.43	A	89096997.25558901 	2 
1043	25.23716666666614 	0.4531666666666213     	0.00023870204290888562	2.89	A	5541760.363068693 	1 
1044	25.185833333332813	0.5088333333332824     	0.00023205755039346816	3.0 	A	4428934.6531252265	1 
1045	25.254499999999474	-0.16616666666665006   	7.334413740216217e-05 	3.82	A	3954957.790927719 	1 
1046	25.200499999999483	0.21183333333331214    	0.003048041283325226  	9.59	B	115408054.6043617 	1 
1047	25.18116666666615 	0.18849999999998113    	0.0002072194775254096 	5.35	A	5480311.009204311 	1 
1048	25.148833333332817	0.7604999999999239     	0.0005819372467345422 	2.92	A	12347486.372826012	4 
1049	25.179833333332816	0.16583333333331676    	0.0003682467197601934 	9.51	A	16793751.995181017	1 
1050	25.13483333333282 	-0.014833333333331852  	0.002919694608231703  	9.8 	A	79915681.50833052 	1 
1051	25.119499999999487	-0.012166666666665452  	0.0022730742903602154 	9.71	A	24476761.596914835	2 
1052	25.077499999999493	0.040833333333329246   	0.0016913452844938676 	5.68	B	46017996.81460199 	2 
1053	25.069833333332827	0.06949999999999304    	0.0004653476505601531 	9.4 	B	5695427.121411408 	1 
1054	25.04116666666616 	0.05083333333332824    	0.0018417159398389073 	5.72	A	23612050.6949275  	2 
1055	25.029166666666164	-0.0034999999999996492 	0.0015363221135419544 	5.67	A	23079143.438360486	2 
1056	25.120499999999485	0.3051666666666361     	0.000637779809607405  	3.37	A	10819945.853157086	1 
1057	25.086833333332823	-0.10249999999998974   	0.0014391715165640176 	5.03	A	30117094.742223788	2 
1058	25.075833333332824	0.20216666666664643    	4.956784916642595e-05 	2.73	B	2437885.1235106336	1 
1059	25.074833333332826	0.18349999999998162    	0.0001350110814650646 	3.46	B	3901249.8856135122	1 
1060	25.078166666666156	-0.22683333333331063   	0.00013610593874911696	3.08	A	1915791.5204768486	1 
1061	24.92283333333284 	-0.16016666666665064   	0.002955152953193037  	3.12	A	132586783.73142478	7 
1062	24.962833333332835	-0.11583333333332174   	0.0007463797034481623 	4.59	A	7697982.969978801 	1 
1063	24.813833333332852	-0.10783333333332254   	0.00045430614909876656	3.2 	A	15322964.610489417	1 
1064	25.031499999999497	-0.6331666666666034    	1.4968494867147548e-05	3.57	B	555446.8447354706 	1 
1065	25.004833333332833	-0.6348333333332699    	0.0001846329139152337 	2.59	B	9316690.401826695 	1 
1066	24.990833333332834	-0.6834999999999316    	0.00017543766174261981	3.57	B	7074426.680226091 	1 
1067	25.017166666666164	0.6141666666666052     	0.00033896439144589304	9.41	A	7193313.476164947 	1 
1068	24.983833333332836	-0.9324999999999067    	0.00029632509087729934	2.87	A	4650657.93320256  	2 
1069	24.931166666666176	0.17383333333331594    	0.001632920394460596  	9.78	A	31464605.918763977	1 
1070	24.889166666666178	0.8884999999999111     	0.00010436436495826377	2.8 	A	2387425.9695976777	1 
1071	24.80149999999952 	-0.3421666666666324    	0.008781454114675727  	9.99	A	257245642.24331728	1 
1072	24.789166666666187	0.6341666666666032     	0.0003144782535752918 	2.81	A	21825019.942099832	2 
1073	24.77316666666619 	0.11649999999998835    	0.0006554875424371402 	5.8 	A	151175820.23725408	1 
1074	24.762499999999523	0.16449999999998355    	0.00025624435832576265	5.77	A	29395008.253603995	1 
1075	24.705166666666198	-0.42616666666662406   	0.0008092740042342018 	3.78	A	16095660.03243578 	1 
1076	24.626833333332872	0.15449999999998454    	0.0015298006543100694 	3.38	B	68299295.79027729 	2 
1077	24.64183333333287 	0.10883333333332244    	0.00042369329927976996	5.78	A	10690480.535173185	1 
1078	24.6821666666662  	0.39449999999996055    	0.00017359324286607628	9.3 	B	3464077.7751431013	1 
1079	24.659166666666202	0.37749999999996225    	0.0018474476171480472 	9.34	B	70145871.61869524 	3 
1080	24.65983333333287 	0.40949999999995906    	0.0002772452078647437 	2.98	B	21888793.737174317	1 
1081	24.66749999999953 	0.692833333333264      	0.00010310549082455667	2.76	A	1477728.2843804255	1 
1082	24.656499999999536	0.6708333333332662     	0.0001403358806096679 	2.76	A	1449287.2150530017	1 
1083	24.637833333332868	-0.3271666666666339    	2.0902982731279668e-05	2.2 	B	2495654.8508305755	1 
1084	24.617833333332868	-0.32349999999996765   	5.949814520376783e-05 	2.2 	B	7776420.950582406 	2 
1085	24.582166666666208	-0.3541666666666312    	8.054856276622423e-05 	2.2 	A	3562525.425756454 	1 
1086	24.56249999999954 	-0.31883333333330144   	4.672045983511725e-05 	2.2 	B	1459326.6938638103	1 
1087	24.56249999999954 	-0.30549999999996946   	1.4120980497149743e-05	2.2 	B	732825.126172051  	1 
1088	24.551499999999542	-0.36283333333329704   	3.9578061346999745e-05	2.2 	B	1128099.7709440056	1 
1089	24.6401666666662  	-0.10883333333332246   	0.0011736601886326455 	9.21	A	203593436.01831362	1 
1090	24.584499999999544	-0.4891666666666177    	0.0004828368386682366 	3.78	B	23216280.893359657	2 
1091	24.554499999999546	-0.48016666666661856   	9.245534388553059e-05 	3.21	B	8661514.99083103  	1 
1092	24.523166666666217	-0.5608333333332771    	0.0006172353277328342 	3.83	B	33994591.10464747 	1 
1093	24.544166666666214	-0.496166666666617     	0.00015664147841009798	3.78	B	11759678.055712296	2 
1094	24.475833333332886	-0.5184999999999481    	0.00042071512076695687	3.81	B	31068479.99038152 	1 
1095	24.493833333332883	-0.5024999999999497    	0.0001414050254757799 	3.86	B	9526426.929365512 	1 
1096	24.46816666666622 	-0.47349999999995257   	0.00047730593199276765	3.85	B	12676288.49910332 	1 
1097	24.42783333333289 	-0.526166666666614     	0.0002846635653657944 	3.76	B	22035010.126191426	2 
1098	24.446499999999556	-0.5004999999999499    	4.8456015553568875e-05	2.96	B	1733799.807479364 	1 
1099	24.41749999999956 	-0.42683333333329054   	0.0005063692975826236 	3.83	A	16032306.25092013 	1 
1100	24.367499999999563	-0.43549999999995637   	0.0014411650500675758 	2.95	A	40685495.21141708 	2 
1101	24.285833333332906	-0.6144999999999384    	0.0005416233139788241 	3.67	A	11716315.873071393	2 
1102	24.296499999999572	-0.6391666666666027    	7.750195838086825e-05 	3.83	A	727865.2200031946 	1 
1103	24.62283333333287 	-0.8358333333332497    	0.00029291306811209496	3.18	A	5722749.368869245 	1 
1104	24.589833333332873	-0.22916666666664373   	0.0002987668106983003 	3.05	A	4086682.2874652133	1 
1105	24.573833333332875	-0.07549999999999245   	0.00032367002363233374	3.46	A	11573404.100596566	1 
1106	24.56416666666621 	-0.7498333333332583    	0.000622321069895665  	3.21	A	40881580.68885424 	2 
1107	24.490499999999553	-0.6938333333332639    	0.001190192083329597  	3.19	A	69005682.77041349 	1 
1108	24.447499999999557	-0.739499999999926     	4.184745570898947e-05 	3.14	A	1432593.2826535564	1 
1109	24.56216666666621 	0.5881666666666079     	0.0019697927293139215 	9.53	A	207086742.94559592	1 
1110	24.529499999999548	0.5488333333332784     	0.007478359348081198  	9.5 	A	437514393.89245176	3 
1111	24.555166666666214	0.4954999999999504     	0.003112304581842255  	9.64	A	166289121.67949787	1 
1112	24.532166666666214	-0.17916666666664874   	0.00071014696312842   	2.94	A	29144063.63673781 	3 
1113	24.52283333333288 	0.3591666666666308     	0.00027996507317482446	5.82	B	33450883.09331744 	1 
1114	24.490166666666216	0.36216666666663044    	0.001208022922212582  	5.82	B	151791509.73092481	1 
1115	24.449166666666223	0.4241666666666243     	0.0022006391452157117 	9.16	B	179119449.8307714 	1 
1116	24.43083333333289 	0.39949999999996005    	0.004059813438433617  	9.71	B	241110773.36983547	1 
1117	24.47616666666622 	-0.040166666666662645  	0.0002229051968151552 	5.84	B	23647414.007118814	1 
1118	24.446166666666223	-0.038833333333329445  	3.210802990071171e-05 	3.08	B	3196318.7841347335	1 
1119	24.404166666666224	0.49949999999995004    	0.0011055214213925573 	9.74	B	49568625.19921953 	1 
1120	24.401166666666228	0.5361666666666131     	0.00011205589659210308	5.42	B	14911371.794361407	1 
1121	24.39149999999956 	0.5488333333332784     	0.0007788232812830021 	5.42	B	65870131.79156771 	1 
1122	24.43383333333289 	-0.23149999999997684   	0.00026923189666568705	3.69	B	40929731.34563721 	1 
1123	24.42416666666622 	-0.25283333333330804   	2.0235430579007218e-05	9.9 	B	2336308.756271368 	1 
1124	24.38049999999956 	-0.20949999999997904   	0.0012423203769563857 	3.5 	A	79600777.09705736 	3 
1125	24.365166666666227	-0.16616666666665003   	0.0007878949819840056 	3.57	B	67377621.83244161 	2 
1126	24.325499999999565	-0.12349999999998765   	0.0012470004499473726 	9.16	B	85098730.77885573 	1 
1127	24.43649999999956 	-0.36149999999996385   	4.002036584052996e-05 	2.2 	A	1227552.41251395  	1 
1128	24.39249999999956 	0.44816666666662186    	0.00033026404510285806	5.51	B	42159123.22724424 	2 
1129	24.404499999999558	-0.7631666666665903    	4.326106533803419e-06 	3.63	A	296710.5000190188 	1 
1130	24.374833333332894	0.3264999999999673     	0.0011652181257075286 	9.14	A	44194753.661495306	1 
1131	24.33416666666623 	0.15416666666665124    	0.0008442803862990163 	9.23	B	161161736.1080751 	1 
1132	24.323499999999566	0.10949999999998905    	0.0011340204564736184 	5.95	B	144916731.79420784	3 
1133	24.332166666666232	0.04316666666666234    	4.157293584413294e-05 	9.11	B	3594960.3535040286	1 
1134	24.297166666666236	0.20683333333331264    	0.0006803643440254866 	5.95	B	46258090.3696907  	1 
1135	24.299833333332902	0.14983333333331833    	0.00012785289804071755	5.95	B	18683027.45069525 	1 
1136	24.29449999999957 	0.2651666666666401     	0.00026911358799833516	5.99	B	37393527.57692049 	1 
1137	24.296833333332902	0.13783333333331954    	4.816950797785235e-05 	5.95	B	1819263.7207084168	1 
1138	24.26116666666624 	0.10283333333332305    	0.0007197902489713029 	5.4 	A	32066610.035960473	1 
1139	24.262499999999573	0.21249999999997873    	0.0032728452661186175 	9.22	A	154315010.8172566 	3 
1140	24.27749999999957 	0.2501666666666416     	0.00014859498760475047	9.26	B	20437094.829896323	1 
1141	24.270833333332906	0.19383333333331393    	0.00014827422140014954	9.25	B	5918810.757451365 	1 
1142	24.35116666666623 	-0.7141666666665952    	0.00011477351450255328	3.7 	A	1983542.2997600446	1 
1143	24.277833333332907	-0.9324999999999067    	0.001231667411629299  	3.24	A	18484096.968450233	5 
1144	24.261833333332905	0.6538333333332679     	4.879015818600024e-05 	0.77	A	663813.8122670772 	1 
1145	24.255499999999575	0.004166666666666249   	0.0012866594765737686 	4.97	A	43609332.89446928 	2 
1146	24.23383333333291 	-0.06616666666666005   	0.0005458359644007729 	3.39	A	17370177.737399753	1 
1147	24.24683333333291 	-0.7944999999999206    	0.0002632163978295455 	2.96	A	4313001.462449265 	2 
1148	24.21383333333291 	0.4318333333332901     	0.0005137531016528202 	9.65	A	6628731.771038723 	1 
1149	24.208166666666248	0.04883333333332845    	0.0009189364946819369 	9.36	A	28996286.160873942	1 
1150	24.19249999999958 	-0.034833333333329844  	0.0059092772526212565 	9.8 	A	242257832.49220863	1 
1151	24.156499999999586	0.07749999999999224    	0.0007652163836358622 	3.41	A	57608149.209585145	3 
1152	24.143499999999587	0.12816666666665383    	0.0011057556694806627 	9.26	A	69486257.40961547 	1 
1153	24.13183333333292 	-0.630499999999937     	0.0027301958185764275 	4.83	A	81381717.7725666  	1 
1154	24.159499999999582	-0.7818333333332551    	9.137309539341078e-05 	2.98	B	928110.2874917085 	1 
1155	24.11083333333292 	-0.7818333333332551    	0.00044711368673770697	3.57	B	6983397.519441733 	1 
1156	24.151166666666253	0.39449999999996055    	0.000723315753233147  	5.21	A	115682764.83151312	1 
1157	24.107166666666256	-0.16783333333331657   	0.001956440957555912  	4.69	A	45799786.71423484 	1 
1158	24.05016666666626 	-0.21549999999997846   	0.0007283059995271938 	4.66	A	24863488.467237424	1 
1159	24.087833333332924	0.3541666666666312     	0.0033418328447219845 	5.15	A	53765083.254143946	1 
1160	24.109166666666255	0.015499999999998446   	0.00014925996269365152	9.77	A	9685190.752780639 	1 
1161	24.089833333332923	-0.022166666666664454  	0.0016333565213128534 	3.54	A	93832885.93009318 	1 
1162	24.087833333332924	-0.10216666666665644   	0.0006306383317408226 	4.68	A	20559931.387847405	1 
1163	23.993166666666266	0.14716666666665196    	0.0008540583979958583 	4.63	B	94423722.42421934 	6 
1164	24.012499999999598	0.4908333333332842     	0.005469564340528664  	5.21	A	250924901.17557672	1 
1165	23.9804999999996  	0.38683333333329467    	0.0007271902133340829 	4.89	A	16112248.702668663	2 
1166	23.972499999999602	-0.29083333333330424   	0.00020998331402157265	4.33	A	6665683.111766925 	1 
1167	23.933833333332938	-0.28649999999997133   	0.0007072005815972758 	4.32	A	23484722.19845302 	1 
1168	23.856499999999613	-0.16983333333331635   	0.0009143403295746216 	4.68	B	70934676.42792962 	1 
1169	23.889166666666277	-0.18016666666664866   	4.160868168295351e-06 	3.56	B	328624.7131369909 	1 
1170	23.84616666666628 	-0.3044999999999696    	0.0006092025744961915 	3.56	A	33103167.026004095	1 
1171	23.853499999999617	0.07049999999999294    	0.00034608579976300446	3.49	B	16402299.310235728	1 
1172	23.884166666666278	0.06016666666666065    	9.19337606777181e-06  	2.77	B	249702.73413697854	1 
1173	23.838166666666282	0.11149999999998884    	0.0002732262562138338 	4.6 	A	6618745.037065732 	1 
1174	23.84616666666628 	0.5418333333332791     	0.0004558708655527516 	9.97	B	9544145.240983322 	1 
1175	23.82083333333295 	0.5044999999999495     	4.4498691391319765e-05	9.98	B	664578.3111013256 	1 
1176	23.84483333333295 	-0.5564999999999444    	0.00019499978797707758	3.88	A	2606615.2392513286	1 
1177	23.84316666666628 	0.48416666666661823    	0.0013680662403660045 	9.83	A	20842925.6311423  	1 
1178	23.82016666666628 	-0.6524999999999347    	0.0008308785655604718 	3.77	A	15491466.75062337 	3 
1179	23.783166666666286	-0.7951666666665872    	0.0012073085402089742 	4.64	A	18234564.686369162	3 
1180	23.80049999999962 	0.20383333333331294    	0.0016916019104545584 	4.64	A	137021345.9113767 	3 
1181	23.72149999999963 	0.25749999999997425    	0.000627381914661385  	4.6 	B	37723243.76673523 	1 
1182	23.716833333332964	0.27449999999997254    	0.00030269040998907735	9.3 	B	14436974.98243317 	1 
1183	23.68849999999963 	0.26916666666663974    	0.0005354948146031023 	4.6 	B	21635826.790079687	1 
1184	23.72383333333296 	-0.15716666666665094   	0.0007565139503250376 	4.68	A	23206227.540845413	1 
1185	23.733166666666293	-0.011499999999998848  	0.00035422756102024543	4.69	A	25741832.07597553 	1 
1186	23.72583333333296 	-0.826166666666584     	0.00017606458706961533	3.95	A	2740712.388119671 	1 
1187	23.6931666666663  	-0.48916666666661773   	0.0006305008721147527 	3.98	A	12182076.19083199 	1 
1188	23.69649999999963 	-0.7958333333332537    	0.00019774760396620652	3.89	A	3178346.1923580025	1 
1189	23.41949999999966 	-0.10616666666665604   	0.0026055184887672977 	5.34	B	189334220.73966333	1 
1190	23.646833333332967	0.1954999999999804     	0.002095193364047812  	4.92	A	65638058.39311715 	1 
1191	23.6551666666663  	-0.14283333333331902   	0.0005417153730861857 	3.2 	A	30335595.709180184	2 
1192	23.57516666666631 	-0.16516666666665014   	0.00023091304960851314	4.93	A	3452001.656416714 	1 
1193	23.55983333333298 	0.3311666666666336     	0.000632490734639939  	4.98	A	14041974.909032784	1 
1194	23.52583333333298 	-0.7641666666665903    	0.000938421457600861  	4.26	A	21157513.030914072	1 
1195	23.508833333332984	-0.7311666666665936    	8.220049626445122e-06 	3.86	A	62304.371994031375	1 
1196	23.477833333332985	-0.5354999999999465    	0.001173712482643564  	4.48	B	81707242.82206574 	1 
1197	23.49049999999965 	-0.46383333333328697   	0.00011644992705663431	3.96	B	8452313.98017328  	1 
1198	23.469166666666318	-0.4561666666666211    	0.00016643595197076918	3.9 	B	13053486.462945323	1 
1199	23.477166666666317	-0.49483333333328383   	5.49379059980146e-05  	4.46	B	4228112.441273342 	1 
1200	23.443499999999656	-0.5254999999999475    	0.0017136676490158331 	3.92	B	73915455.39703165 	3 
1201	23.47616666666632 	0.11549999999998845    	0.002820636923096985  	4.87	A	201740326.23691818	2 
1202	23.50383333333298 	-0.2484999999999751    	7.93833889508435e-05  	3.71	A	3389089.259948754 	1 
1203	23.45616666666632 	-0.039166666666662756  	0.0017163776772140377 	4.64	A	120116461.8746848 	2 
1204	23.384833333332995	-0.7888333333332544    	0.0008762074382521395 	3.92	A	14586248.199166644	2 
1205	23.441166666666323	0.4351666666666231     	0.00010312630228667651	5.73	A	11449296.830817252	1 
1206	23.365499999999663	-0.289499999999971     	0.00229415518218781   	5.52	B	222132682.20324674	3 
1207	23.36416666666633 	-0.26249999999997375   	8.779857785025915e-05 	9.82	B	3779469.7481800676	1 
1208	23.295166666666336	-0.24116666666664252   	0.0008188285215147843 	4.59	B	87160321.1876483  	1 
1209	23.293833333333   	-0.20249999999997972   	0.000920228343651336  	4.59	A	51787535.79727291 	2 
1210	23.295833333333004	-0.31849999999996814   	0.00040281828076609044	4.59	B	59059928.84364636 	1 
1211	23.279833333333002	-0.2784999999999721    	3.032238492453317e-05 	3.91	B	6976383.926475814 	1 
1212	23.271499999999673	-0.26283333333330705   	6.595979991301711e-05 	4.59	B	15927201.969996797	1 
1213	23.256499999999672	-0.24383333333330892   	1.226349014865932e-05 	3.91	B	1300690.3712513556	1 
1214	23.386499999999664	-0.33849999999996616   	0.0014562716371496359 	9.8 	A	39105200.74018838 	1 
1215	23.37416666666633 	0.19716666666664695    	0.0010111955227943294 	4.45	A	60892866.11367664 	1 
1216	23.381833333332995	0.2874999999999713     	0.00012906728415411998	4.59	A	5435821.42750884  	1 
1217	23.378833333332995	0.09883333333332345    	0.00041911201168723703	4.84	A	7356387.353533504 	1 
1218	23.331499999999668	-0.40749999999995923   	0.0009861033766595578 	3.86	A	12875806.04113892 	1 
1219	23.326166666666335	0.05216666666666145    	3.102816114756805e-05 	4.7 	B	14494189.456633069	1 
1220	23.31849999999967 	0.03449999999999655    	6.8744402178687e-05   	4.74	B	9330651.45045075  	1 
1221	23.29716666666634 	0.05449999999999455    	3.970037404110288e-05 	3.54	B	21992933.609295208	1 
1222	23.27349999999967 	0.07883333333332546    	0.0006020203293418554 	4.56	A	45728871.68331062 	1 
1223	23.25883333333301 	0.20083333333331324    	0.004021256188645196  	9.46	A	220596220.3881555 	1 
1224	23.223166666666344	0.00016666666666665178 	0.0012950909828129708 	4.51	A	176914824.37608963	3 
1225	23.22749999999968 	0.16549999999998344    	0.00019951948125040205	4.59	A	17999871.835634276	1 
1226	23.337499999999665	-0.060833333333327244  	0.001720997036568623  	5.25	A	227857025.0808009 	3 
1227	23.324833333333004	-0.6904999999999308    	0.0001335216241292758 	4.04	A	1081684.1002191184	1 
1228	23.29416666666634 	-0.696166666666597     	0.000548008261283278  	3.9 	A	9016539.303628515 	1 
1229	23.305833333333005	-0.7308333333332602    	4.811713679718743e-05 	3.97	A	380709.6082305132 	1 
1230	23.14116666666635 	-0.359499999999964     	0.0053950191345482285 	4.51	A	341774093.55988586	8 
1231	23.250833333333006	-0.062166666666660444  	0.0008089155751318183 	5.18	A	34517020.9921031  	1 
1232	23.238499999999675	-0.4838333333332849    	0.001828371411544676  	3.88	A	35847302.88227901 	7 
1233	23.19549999999968 	-0.639499999999936     	0.0018524745305793773 	4.01	A	61233370.43941598 	1 
1234	23.222166666666343	-0.7264999999999273    	0.0002571381403587242 	4.29	A	4422217.882980785 	2 
1235	23.22483333333301 	-0.17383333333331596   	8.119005049820454e-05 	5.26	B	6766208.25114416  	1 
1236	23.20749999999968 	-0.17083333333331624   	2.1270825188862026e-05	4.6 	B	1646318.799361836 	1 
1237	23.21783333333301 	0.10283333333332305    	0.0003843323421524901 	9.62	A	20928439.581981465	1 
1238	23.121499999999685	-0.5191666666666147    	0.0016972973301676128 	3.64	A	80384973.06521364 	1 
1239	23.11783333333302 	0.13683333333331965    	0.0007269524936227834 	3.98	A	38457857.9128877  	3 
1240	23.093166666666356	0.16116666666665055    	0.0022315309714524157 	9.79	A	111816909.01640722	2 
1241	23.04083333333303 	0.29216666666663743    	0.0017324092875531684 	4.49	B	183607234.78657866	3 
1242	23.06716666666636 	0.05083333333332825    	0.0016640291925776754 	5.16	A	180274017.8544448 	1 
1243	23.06116666666636 	0.07583333333332574    	0.008604660439350403  	9.81	A	469703511.7495539 	3 
1244	23.06216666666636 	0.20849999999997915    	0.0008755865744733341 	9.65	B	29511336.430758413	1 
1245	22.92283333333304 	0.16749999999998325    	0.010370551560044301  	9.67	A	450502104.31535804	2 
1246	23.13349999999969 	0.7024999999999297     	7.410356690673545e-05 	2.61	A	2333780.7250782955	1 
1247	23.102833333333024	-0.07116666666665955   	0.00034791942062894414	4.25	B	62691838.004608236	1 
1248	23.083833333333025	-0.07983333333332535   	0.00022164857008107852	9.7 	B	27515454.680888638	1 
1249	23.098499999999692	-0.8098333333332524    	0.00014516972988958395	3.7 	A	5495252.287737965 	2 
1250	23.077166666666358	-0.20916666666664574   	0.0006953280459067656 	4.76	A	11156697.878489755	1 
1251	23.015499999999697	-0.17749999999998223   	0.0010992301574832396 	4.51	A	51049097.8311529  	1 
1252	23.008166666666366	-0.4001666666666266    	4.927383074052887e-05 	4.6 	A	2119545.483269408 	1 
1253	22.958166666666372	0.03616666666666305    	0.0013583141509346584 	4.62	A	91305510.48795535 	1 
1254	22.956833333333037	0.23583333333330975    	0.0035865327183181995 	9.58	A	166573069.78064442	1 
1255	22.95316666666637 	-0.11116666666665556   	0.000389884285030042  	4.07	A	31429837.977348987	2 
1256	22.95416666666637 	-0.16083333333331726   	0.0017773615400670706 	4.05	A	109175295.88632758	5 
1257	22.829499999999715	-0.4408333333332892    	0.007278492924512849  	4.54	A	541167467.451848  	9 
1258	22.90183333333304 	-0.4338333333332899    	0.00024284708552529548	4.49	A	19470129.004230585	1 
1259	22.936166666666374	-0.2514999999999748    	0.00021843217397671635	4.45	A	19493860.024522588	1 
1260	22.879499999999712	-0.09749999999999023   	0.0011248891485743746 	4.86	A	30009989.648048464	1 
1261	22.883166666666376	0.3974999999999602     	0.00027193531331202677	9.34	B	9005335.08675815  	1 
1262	22.87149999999971 	0.4188333333332914     	0.0005360865833567526 	5.97	B	59300314.05267985 	1 
1263	22.844833333333046	0.40649999999995934    	0.00011184774880145243	9.35	B	7942350.520286771 	1 
1264	22.821499999999716	0.3918333333332941     	9.722902479422651e-05 	5.97	B	6494507.618030373 	1 
1265	22.80649999999972 	0.40183333333329313    	0.0008221341204305019 	9.4 	B	78896594.04960279 	1 
1266	22.79049999999972 	0.36849999999996313    	0.0008423156662187314 	5.96	B	89701073.87822859 	1 
1267	22.799499999999718	0.4141666666666252     	3.7507817730935325e-05	5.18	B	2805426.6586867226	1 
1268	22.763499999999723	0.37883333333329544    	4.087743741284166e-05 	5.96	B	4870932.478653627 	1 
1269	22.822499999999717	-0.5614999999999438    	0.00027782201922615495	4.1 	A	4407924.88140127  	1 
1270	22.71649999999973 	-0.07449999999999254   	0.020343855518540628  	9.66	A	1193005004.4507837	1 
1271	22.775833333333058	-0.11616666666665505   	0.0005563866111057998 	4.05	A	16031437.34201054 	1 
1272	22.729499999999728	0.12716666666665394    	0.0025469293368365806 	4.62	A	106495003.77168281	2 
1273	22.644499999999738	0.12316666666665435    	0.0016699820153643042 	4.54	A	65199571.60571121 	2 
1274	22.701166666666396	0.40183333333329313    	0.003863246834511604  	6.06	A	141860008.97665265	5 
1275	22.693166666666396	-0.45616666666662103   	0.002087128753921408  	4.57	A	241259986.98693308	1 
1276	22.599833333333073	-0.5734999999999426    	0.00192611376543003   	4.35	A	68894675.61329228 	4 
1277	22.60383333333307 	-0.6164999999999383    	1.3635772332361579e-05	4.38	A	232536.20197232979	1 
1278	22.58549999999974 	-0.20449999999997953   	0.005920980216594229  	4.58	A	545375882.5664288 	8 
1279	22.57749999999974 	-0.007166666666665947  	0.0026581754195259505 	4.28	A	169043921.93890807	1 
1280	22.498499999999748	-0.041499999999995846  	0.0055994526603528    	9.75	A	252292030.0287119 	2 
1281	22.56183333333308 	-0.7754999999999224    	0.0004221571962169531 	3.74	A	5331900.656496705 	2 
1282	22.54683333333308 	-0.5264999999999473    	0.0016969738345909305 	4.56	A	117549052.1170033 	1 
1283	22.504499999999748	-0.5621666666666104    	0.00028772638385947803	4.5 	A	12218463.153391277	2 
1284	22.549499999999746	-0.6398333333332694    	0.00035890752096432306	4.3 	A	23348624.132282276	1 
1285	22.48749999999975 	0.3221666666666344     	0.0012355996948857863 	3.76	A	49959965.931096435	1 
1286	22.414166666666425	0.31816666666663485    	0.0017392541909152376 	4.88	A	106294224.65992858	3 
1287	22.391166666666425	0.2984999999999701     	9.522561694777371e-05 	4.83	A	3632320.820193143 	1 
1288	22.377833333333093	0.36816666666662984    	0.0010312363573347645 	4.88	B	80468595.59709398 	2 
1289	22.37749999999976 	0.446166666666622      	0.0003518815479309757 	3.81	B	44750936.49739192 	1 
1290	22.306166666666435	0.4521666666666214     	0.0005338655263638623 	3.81	B	24234541.428681675	1 
1291	22.318166666666432	0.4338333333332899     	9.598842025950302e-05 	3.76	A	1997204.706200786 	1 
1292	22.463499999999755	-0.7411666666665926    	2.4584197602668563e-05	3.42	B	1140551.2883906567	1 
1293	22.46516666666642 	-0.7848333333332549    	7.47409842730598e-05  	4.22	B	992900.7602380504 	1 
1294	22.450166666666423	-0.7534999999999247    	0.00022033062589118163	4.25	B	9632163.847879834 	2 
1295	22.41083333333309 	-0.7514999999999249    	1.4292393457756891e-05	4.23	B	151715.79793651082	1 
1296	22.39149999999976 	-0.7394999999999261    	0.0003731624464794462 	4.22	A	6388763.1436703745	3 
1297	22.454499999999754	0.5048333333332828     	0.0005312457129837745 	3.87	A	7716963.3174321195	1 
1298	22.453499999999753	-0.01916666666666475   	5.694457392778675e-05 	9.46	B	9704011.258377334 	1 
1299	22.445499999999754	-0.014166666666665252  	1.8889737772950525e-05	6.02	B	3565820.743490942 	1 
1300	22.418166666666423	-0.014499999999998549  	0.0015546008865868503 	6.02	B	221137547.26444152	2 
1301	22.383166666666426	-0.04916666666666175   	0.0011919912983348994 	9.47	B	55647675.88856307 	1 
1302	22.310833333333104	-0.6284999999999371    	0.0016397049778196636 	3.43	A	44702431.78569394 	3 
1303	22.274833333333106	-0.6831666666665983    	0.0002542427609221748 	3.45	A	4986335.9125631945	1 
1304	22.15016666666645 	-0.6858333333332647    	0.0010766772398824705 	3.36	A	24310674.44275866 	4 
1305	22.113833333333123	-0.7151666666665951    	1.7531164050066268e-05	3.55	A	241186.24039635493	1 
1306	22.25349999999977 	0.03116666666666355    	0.0018462773948066298 	5.03	A	102142518.16352704	3 
1307	22.180499999999782	0.28683333333330463    	0.0007569683081914051 	3.53	A	40789725.7611782  	1 
1308	22.191166666666447	-0.08049999999999195   	0.0002887127513110096 	3.64	A	9297861.534814367 	1 
1309	22.130166666666454	-0.10249999999998974   	0.0008665588757586186 	3.99	A	30292268.664318103	2 
1310	22.145499999999785	-0.8181666666665848    	0.0008165193783026143 	4.25	B	17867984.44327715 	2 
1311	22.11649999999979 	-0.7804999999999219    	0.0009875864289063997 	4.35	B	24489486.34568227 	1 
1312	22.07816666666646 	-0.8348333333332498    	0.0002711949657195565 	4.25	B	11647769.639463775	1 
1313	22.077833333333125	-0.7271666666665939    	0.00021154322428960107	3.57	A	3388119.4290658063	1 
1314	22.061833333333126	-0.8541666666665811    	0.00010007803401328089	4.25	B	2993196.896658198 	2 
1315	22.04483333333313 	-0.7101666666665956    	0.0024566916629366964 	4.42	A	40287267.2280448  	1 
1316	22.089166666666458	-0.5024999999999497    	0.0009830718907752095 	3.53	A	23484900.259080384	3 
1317	22.05616666666646 	0.1898333333333143     	0.0010362770959969237 	3.44	A	59440470.04209747 	3 
1318	22.053833333333127	-0.5548333333332778    	0.0011956169506504553 	3.61	A	49047797.49445922 	3 
1319	22.009166666666466	0.35749999999996424    	0.0015427908367291981 	3.41	A	21983042.22990187 	4 
1320	22.02083333333313 	-0.663833333333267     	4.8874076900513464e-05	3.57	A	1034878.3647434739	1 
1321	21.956166666666473	0.13283333333332004    	0.0006726777715632415 	3.39	A	34842962.223284066	1 
1322	21.958499999999805	-0.09583333333332374   	0.0001919743927488062 	4.24	A	6014450.584003882 	1 
1323	21.930166666666473	0.24883333333330843    	0.000640938287447888  	4.53	B	40410782.65248354 	1 
1324	21.88216666666648 	0.20583333333331275    	0.0008997011393383519 	9.74	B	104491946.80734158	1 
1325	21.904833333333144	-0.3378333333332995    	0.0001477821705127216 	4.79	A	12615994.503189234	1 
1326	21.875499999999814	-0.5918333333332741    	0.0011119196757397626 	3.65	A	21513175.406323586	1 
1327	21.862499999999812	0.6318333333332702     	0.0001411559046113852 	2.25	A	2690464.766308496 	1 
1328	21.85116666666648 	-0.24049999999997596   	0.001606137309920849  	4.68	A	96223959.2565924  	1 
1329	21.86416666666648 	0.15416666666665124    	0.00014075101729091877	4.45	A	10902447.467422867	1 
1330	21.84416666666648 	-0.06716666666665995   	0.0012556480321532714 	6.2 	A	82356649.00292273 	1 
1331	21.81683333333315 	0.14583333333331874    	0.0034286295077860696 	9.72	A	112174103.30034441	2 
1332	21.762499999999825	-0.5134999999999487    	0.0004905412711882676 	3.6 	A	6216965.079274278 	1 
1333	21.736833333333163	-0.32383333333330094   	0.0002538203448999824 	4.41	A	15558775.289480291	1 
1334	21.658499999999833	0.11716666666665496    	0.0011160906321600738 	3.49	A	35214654.395173445	1 
1335	21.601833333333172	0.10516666666665614    	0.0011643409828934268 	9.35	A	126764606.54574616	1 
1336	21.595499999999838	0.11583333333332174    	0.00013609961150684414	9.37	A	22884624.255805522	1 
1337	21.59116666666651 	-0.15283333333331806   	0.0008108190481567531 	6.22	A	41285667.03019273 	1 
1338	21.559166666666513	-0.04083333333332924   	0.004800207883093826  	9.54	A	191777518.8432328 	2 
1339	21.550499999999847	-0.07716666666665895   	0.0002349871444586081 	9.31	B	13820735.906563325	1 
1340	21.547166666666513	-0.09083333333332425   	8.670262665120597e-05 	6.23	B	6022641.984472509 	1 
1341	21.545833333333178	-0.10583333333332273   	3.366293259682267e-05 	4.46	B	3764316.3986372403	1 
1342	21.496166666666518	-0.13349999999998663   	0.0009581793062814167 	4.45	A	53184820.587359816	1 
1343	21.549499999999846	-0.6284999999999371    	0.0018212990723553996 	4.48	A	17973371.782963045	1 
1344	21.537166666666515	0.03449999999999655    	0.0007850015277295494 	4.2 	A	23314707.982364886	2 
1345	21.516166666666518	0.24549999999997546    	0.0009084440556273381 	4.67	B	34708507.18784218 	1 
1346	21.494499999999853	0.23149999999997684    	0.0005869049066623031 	4.67	B	22146521.31388517 	1 
1347	21.463833333333188	0.19383333333331396    	0.0020908497944742595 	9.58	A	31196643.76195674 	1 
1348	21.386833333333197	0.4131666666666253     	0.0006157644479980867 	3.21	A	9677815.890078742 	1 
1349	21.47849999999985 	-0.030166666666663646  	0.0009587541955069089 	9.23	A	18019094.80984187 	1 
1350	21.41549999999986 	-0.07916666666665875   	0.0009198851058196774 	4.55	A	29437298.26944557 	1 
1351	21.411166666666524	0.03216666666666345    	0.0016185718417353276 	4.56	B	65099817.750416316	2 
1352	21.377833333333196	0.024166666666664248   	0.00023958765070261907	9.95	B	5229288.032146166 	1 
1353	21.3648333333332  	0.019499999999998054   	0.0023667957088583285 	9.92	B	60804391.21785626 	2 
1354	21.227166666666545	-0.007499999999999243  	0.0021385787735396754 	4.54	B	76221524.02443343 	2 
1355	21.39216666666653 	-0.5461666666666121    	0.0016983632190119711 	3.66	A	48652283.097038195	5 
1356	21.364499999999865	-0.6121666666666055    	0.0009253288912361601 	3.66	A	22680081.900740344	1 
1357	21.354499999999867	0.22216666666664445    	0.004357437958515575  	9.5 	A	93666500.26678553 	1 
1358	21.307166666666536	-0.14183333333331916   	0.0005505133049735042 	4.18	A	44835206.17664702 	1 
1359	21.326833333333198	-0.21483333333331184   	0.00029115609169668387	4.24	A	3433098.434219188 	1 
1360	21.299833333333204	0.09883333333332345    	0.001641291155586264  	9.55	A	41967823.47066352 	1 
1361	21.287833333333204	0.12749999999998723    	7.748054919167807e-05 	9.55	B	2254775.562107179 	1 
1362	21.266499999999873	0.18916666666664772    	0.0002425808719005489 	2.08	B	12983308.632644173	2 
1363	21.255499999999873	0.13183333333332015    	0.0003463473155102103 	9.55	B	13577737.88919763 	2 
1364	21.225166666666542	0.14449999999998553    	0.0011410816426037653 	5.96	B	50650852.745679356	1 
1365	21.218166666666544	-0.14449999999998553   	0.0024082342779585936 	4.17	A	159219452.36106554	4 
1366	21.16516666666655 	-0.20183333333331316   	0.0022270712455028153 	5.24	A	52774427.968274646	2 
1367	21.097166666666556	0.14949999999998503    	0.0005866565206028179 	3.68	A	19773437.35120496 	1 
1368	21.146499999999886	-1.0164999999998985    	0.00012720208427719856	3.81	A	2796452.7996815047	1 
1369	21.079833333333227	0.25749999999997425    	0.005062194119350726  	9.45	A	159825817.63570446	1 
1370	21.033499999999894	-0.16916666666664973   	0.0019666174271148803 	5.12	A	32027592.277171668	2 
1371	21.016499999999898	-0.34516666666663215   	0.00020523918438723402	4.24	A	3322003.4590920033	1 
1372	20.985499999999902	0.13716666666665295    	0.0005571276931647155 	3.88	A	15470977.387429794	1 
1373	20.905833333333245	-0.17283333333331605   	0.0008623148910350154 	4.08	A	50024107.04612938 	2 
1374	20.83083333333325 	-0.22716666666664392   	0.00027369544150234127	2.29	A	3211343.094212227 	2 
1375	20.770833333333254	0.519499999999948      	0.0011536209611183314 	2.29	A	38552482.37302725 	6 
1376	20.782833333333254	0.41749999999995824    	0.0001348809868112773 	2.28	A	1512984.9165502419	1 
1377	20.71883333333326 	-0.36216666666663044   	0.0023815478789878867 	4.05	A	135701771.0227436 	6 
1378	20.694166666666597	-0.6681666666665999    	0.00015741240722226822	1.77	A	6427979.277400883 	1 
1379	20.69949999999993 	-0.08383333333332495   	0.000262564293503558  	5.67	A	7438485.167139164 	1 
1380	20.606833333333274	-0.6778333333332655    	0.0003471651455895775 	3.95	A	5616623.262139003 	1 
1381	20.507166666666617	-0.01649999999999835   	0.004159119393534736  	9.4 	A	83527767.1812094  	1 
1382	20.508166666666614	-0.7108333333332622    	0.0006861338148794356 	4.0 	A	13259908.120523915	2 
1383	20.396499999999957	-0.15483333333331784   	0.0012512302672532452 	4.4 	B	65653878.694369145	1 
1384	20.40916666666663 	0.19183333333331415    	0.0023263563109566757 	6.21	A	83125439.62073137 	1 
1385	20.361833333333298	-0.7018333333332631    	0.0010580397009637098 	4.12	A	30889489.213992182	4 
1386	20.290833333333303	-0.8571666666665808    	0.0004399276314963771 	4.25	A	9278330.651053242 	2 
1387	20.249499999999973	-0.8341666666665831    	9.130225796629458e-05 	3.11	A	1946654.9263213465	1 
1388	20.24116666666664 	0.07349999999999265    	0.001479351235899969  	4.46	A	126951191.32935512	1 
1389	20.244499999999974	-0.6714999999999328    	0.00040923860836846116	2.14	A	27582988.380997438	1 
1390	20.182833333333317	-0.7258333333332607    	0.0004519398268276558 	2.96	A	23315811.172069952	2 
1391	20.185499999999983	-0.9944999999999005    	0.000513889018560891  	3.08	A	8475064.183957534 	2 
1392	20.15883333333332 	0.019499999999998047   	0.0004833511195195692 	9.16	A	13859133.87750721 	1 
1393	20.066833333333324	-0.8508333333332482    	0.0012149229234196864 	3.01	A	33139926.62318229 	2 
1394	20.096166666666655	-0.801833333333253     	0.00022233463451087904	3.03	A	3029898.1193470648	1 
1395	20.03116666666666 	-0.7068333333332626    	0.0007296161214802141 	3.01	A	16302714.85600505 	3 
1396	20.00183333333333 	-0.6344999999999366    	0.0010732253433739438 	4.25	A	21853245.688723747	1 
1397	19.972166666666666	-0.5931666666666073    	0.00013039856720236555	2.08	A	2289268.805474332 	1 
1398	20.022499999999997	-0.9884999999999011    	0.0009393412404229203 	3.05	A	11823285.994044023	5 
1399	19.969500000000004	-0.10549999999998944   	0.0008370155613929589 	4.28	A	17602395.324130807	1 
1400	19.91250000000001 	-0.20449999999997953   	0.0016114673623620894 	4.23	A	50553858.81955754 	1 
1401	19.928166666666673	-0.25883333333330744   	0.0036521110695288835 	4.39	A	143330829.24534652	6 
1402	19.93683333333334 	-0.037166666666662906  	0.004031622413533472  	9.57	A	245434592.83912373	1 
1403	19.935500000000008	-0.003833333333332911  	0.004849698629868204  	9.16	A	269572356.06230843	1 
1404	19.886500000000012	-0.5111666666666156    	0.0021338665468261745 	3.21	B	54974669.00118559 	2 
1405	19.864833333333348	-0.3701666666666297    	0.0010311434178830602 	4.44	B	11893517.41835212 	1 
1406	19.90450000000001 	-0.5811666666666085    	0.0007707590793439406 	2.04	A	21128799.99298368 	3 
1407	19.834500000000016	-0.3358333333332998    	0.0037375427277194263 	4.45	A	91497016.88277805 	1 
1408	19.772500000000022	-0.6284999999999372    	1.3603623686804898e-05	2.08	A	428882.41123986477	1 
1409	19.732500000000027	-0.6498333333332683    	0.00040862838893769424	2.01	A	17287596.53500571 	1 
1410	19.893166666666676	-0.8364999999999163    	0.0011696688549508684 	3.17	A	68656034.67074442 	6 
1411	19.84383333333335 	-0.7754999999999224    	0.0013342183728413102 	3.17	A	58600759.41412945 	6 
1412	19.860500000000012	-0.8054999999999194    	0.0001527250203670322 	3.25	A	4742658.695395792 	1 
1413	19.865833333333345	-0.8964999999999103    	5.435949167204772e-05 	3.22	A	2315603.9940318377	1 
1414	19.84083333333335 	-0.9114999999999088    	0.00016485718994602153	3.21	A	8756152.981261605 	2 
1415	19.815500000000018	-0.7758333333332557    	0.0003047591278103324 	3.33	A	12994635.243977375	1 
1416	19.818166666666684	-0.513833333333282     	0.0003028526857809461 	2.08	A	9025299.642567659 	1 
1417	19.791166666666687	-0.7198333333332613    	0.0009146470698393607 	3.94	A	21097938.597003423	1 
1418	19.787500000000023	0.3478333333332985     	0.00010427061048572944	5.05	B	14285497.93055298 	1 
1419	19.771833333333355	0.33449999999996655    	6.326520329483539e-06 	2.57	B	855610.1681745829 	1 
1420	19.732500000000027	0.32683333333330067    	5.718459011596782e-05 	2.57	B	2767779.263855452 	1 
1421	19.766833333333356	-0.12349999999998765   	0.0030264277540621174 	9.44	A	429745181.2023234 	1 
1422	19.742500000000028	-0.18116666666664852   	0.000226729028823995  	4.27	A	18705433.43773905 	1 
1423	19.713500000000028	-0.17116666666664954   	0.00037937182076473   	4.3 	A	35033006.14858464 	1 
1424	19.702833333333363	0.17616666666664904    	0.00010334102304431853	1.99	A	1328764.708978325 	1 
1425	19.62483333333337 	-0.7498333333332583    	0.0016722116114603989 	3.37	B	125486755.67072345	2 
1426	19.62483333333337 	-0.6661666666666       	0.00053632404008168   	3.92	B	26296026.637045573	2 
1427	19.575166666666707	-0.7351666666665931    	0.0006972833742935346 	3.37	B	30275924.840284023	2 
1428	19.61583333333337 	-0.6698333333332663    	4.4973624472074724e-06	3.37	B	210370.13019897573	1 
1429	19.53583333333338 	-0.7511666666665915    	8.58197560142211e-05  	4.02	B	2935637.3020996195	1 
1430	19.653833333333367	-0.503833333333283     	0.0008360863181692323 	4.09	A	26470081.337242894	1 
1431	19.61550000000004 	0.15916666666665075    	0.00013605138380001595	1.88	A	2115470.119231609 	1 
1432	19.53583333333338 	-0.4624999999999537    	0.0012339968030998264 	4.19	A	89447825.55634272 	1 
1433	19.54116666666671 	-0.577166666666609     	0.00020392186703229424	3.48	A	5115186.552601185 	1 
1434	19.540500000000044	0.10549999999998945    	0.0005287773452308906 	2.23	A	50041954.89039171 	1 
1435	19.489500000000053	-0.05283333333332804   	0.000820410581530797  	2.27	B	56798877.72340484 	3 
1436	19.403166666666728	-0.18416666666664822   	0.0006222218600636061 	2.93	A	18332850.13947076 	1 
1437	19.376500000000064	-0.03549999999999642   	0.00044916781710765616	2.27	B	45989009.975918   	3 
1438	19.16316666666675 	-0.05749999999999422   	0.0017397100806687625 	3.57	B	105160360.834167  	1 
1439	19.054500000000097	-0.05116666666666153   	0.0005714441730603187 	3.51	A	30755505.74262665 	1 
1440	19.0185000000001  	-0.06849999999999312   	0.0005463764917659221 	4.19	A	38036924.824549586	1 
1441	19.414500000000057	-0.6821666666665984    	1.4976442335629784e-05	1.86	A	754036.6117435201 	1 
1442	19.28716666666674 	0.08083333333332525    	0.0009628520183616863 	2.22	A	87437336.488341   	6 
1443	19.281833333333406	-0.38749999999996126   	0.0004982928706695783 	3.3 	B	27825533.867168702	1 
1444	19.288833333333404	-0.35983333333329737   	0.00034623833355132454	4.41	B	18301623.002191927	1 
1445	19.254500000000075	0.589499999999941      	0.0001652580641012142 	2.2 	A	2416237.9386071437	1 
1446	19.228166666666745	-0.6634999999999336    	0.000818279440154024  	4.24	A	50528187.98326021 	1 
1447	19.10616666666676 	0.11583333333332174    	0.0011323194606168332 	3.43	A	81584037.61868171 	3 
1448	19.11150000000009 	0.45683333333328763    	0.0001673045516201008 	1.7 	A	3503287.3751714774	2 
1449	19.103166666666755	-0.9334999999999066    	0.00012673290440411196	4.25	A	3043533.2387167937	1 
1450	19.079166666666758	-0.9301666666665735    	2.3707776731852006e-05	1.62	A	1011990.4367269668	1 
1451	19.08650000000009 	-0.29083333333330424   	0.0007207317168305492 	4.27	A	84446454.12131442 	1 
1452	19.03683333333343 	-0.43949999999995604   	0.00013293209363673332	3.91	A	9342420.699310273 	1 
1453	19.0085000000001  	-1.0118333333332319    	0.0006601089867287321 	3.08	A	24099669.664467383	1 
1454	18.915833333333442	-0.2601666666666407    	0.0025788759452280543 	4.28	A	119967410.42494601	6 
1455	18.972500000000103	-0.40483333333329286   	0.00017476957921757318	2.24	A	2637871.11286999  	1 
1456	18.94783333333344 	0.04383333333332895    	0.0005927324954737733 	3.55	A	37526783.74212081 	2 
1457	18.91350000000011 	-0.629499999999937     	0.0017043555574472221 	4.27	A	206002152.55312365	2 
1458	18.92850000000011 	-0.03183333333333015   	8.387388769065559e-05 	3.37	A	12122037.051342333	1 
1459	18.849500000000113	-0.08683333333332466   	0.0025507787506163344 	3.42	A	91929618.39032747 	5 
1460	18.887500000000113	0.06883333333332645    	0.00186875383989648   	3.55	A	95054447.8395243  	3 
1461	18.86516666666678 	-0.40983333333329236   	0.0018103754429430632 	4.2 	A	69997932.21178871 	1 
1462	18.881833333333443	-0.47316666666661933   	0.00018105448914597767	4.36	A	40032048.16761004 	1 
1463	18.78750000000012 	-0.28616666666663804   	0.00248966360002462   	4.39	A	199386860.19071868	2 
1464	18.832500000000117	-0.8831666666665783    	0.0003203174016024515 	4.2 	A	3482613.993343976 	1 
1465	18.81150000000012 	-0.5148333333332819    	0.0011701239648837989 	4.42	A	62956874.52218377 	1 
1466	18.699833333333462	-0.36883333333329643   	0.0021053038626121768 	4.4 	A	126184832.55811273	3 
1467	18.49350000000015 	-0.20083333333331324   	0.007647614217469977  	3.64	A	495135713.538591  	10
1468	18.68750000000013 	-0.6098333333332724    	0.0009581141073227406 	3.32	A	32826350.44280734 	1 
1469	18.651500000000134	-0.7514999999999249    	0.0010649212508167711 	4.42	A	41934573.92688156 	1 
1470	18.571833333333476	-0.4354999999999564    	0.0009962547680817467 	3.43	A	30843007.659587156	1 
1471	18.56916666666681 	-0.01816666666666485   	0.00013315620270325313	3.65	A	5929944.668890236 	1 
1472	18.522166666666813	-0.5978333333332736    	0.0012901486707776384 	3.64	A	27886661.650840566	2 
1473	18.57316666666681 	-0.3004999999999699    	1.430515455839935e-05 	3.49	A	554782.5568216795 	1 
1474	18.562500000000146	-0.29183333333330413   	8.818076541906689e-05 	3.49	A	3147478.003986954 	1 
1475	18.525166666666813	0.08983333333332434    	0.004116785228912469  	9.43	A	149558003.56130773	3 
1476	18.448500000000156	-0.4884999999999511    	0.000636193150883745  	3.44	A	10605290.829856642	1 
1477	18.404833333333492	-0.2958333333333037    	0.0017394421710019159 	4.48	B	121056186.42376335	3 
1478	18.3218333333335  	-0.246166666666642     	0.002162776093480663  	4.46	B	226924958.5338934 	3 
1479	18.355500000000166	-0.3038333333333029    	5.671640972648195e-05 	3.77	B	5702994.740576571 	1 
1480	18.426166666666823	0.07083333333332625    	0.0029272640126496007 	9.4 	A	49971461.682958476	1 
1481	18.424166666666824	-0.8338333333332499    	0.0002767029590727092 	3.77	A	4550946.194908644 	2 
1482	18.383833333333495	-0.8384999999999161    	0.003659875635896827  	3.58	A	121153041.01817483	12
1483	18.366833333333496	-0.3921666666666275    	0.001245053491093444  	3.38	A	63249707.1624366  	2 
1484	18.30050000000017 	-0.08716666666665795   	0.000201369712565779  	3.77	A	12296844.573733963	1 
1485	18.17216666666685 	-0.5108333333332822    	0.0036117087571057717 	3.47	A	58838233.562013134	5 
1486	18.23283333333351 	0.6521666666666014     	0.0003056414704437896 	3.06	A	17437338.71959666 	1 
1487	18.14483333333352 	-0.41716666666662494   	0.006515456010145875  	3.43	A	327231177.90422356	9 
1488	18.03383333333353 	-0.44649999999995527   	0.002529108397342812  	3.74	A	78494324.84129824 	4 
1489	17.93483333333354 	-0.2871666666666379    	0.00030217569590408106	2.18	A	4732159.468238499 	1 
1490	17.89650000000021 	-0.5078333333332825    	0.0016133881975645603 	3.81	A	43426581.85329582 	3 
1491	17.918166666666874	-0.619499999999938     	0.000306325665538024  	3.27	A	10558210.009807287	2 
1492	18.13383333333352 	0.32716666666663397    	0.0008464090318437296 	2.09	A	15645223.252450857	9 
1493	18.10050000000019 	0.6554999999999345     	0.0007210752904182973 	2.12	A	11413366.23105563 	6 
1494	18.049500000000197	0.16483333333331684    	7.029471733645597e-05 	2.05	A	2118780.670661649 	1 
1495	17.984500000000203	-0.8101666666665855    	3.426406190531924e-05 	2.82	A	780395.0564685059 	1 
1496	17.957500000000206	0.08449999999999155    	0.0006956977526229572 	2.1 	A	20820059.27487712 	2 
1497	17.75850000000022 	-0.6944999999999305    	0.001090489711641528  	3.33	A	66175729.85357466 	1 
1498	17.67850000000023 	0.2398333333333093     	0.0011875946048371913 	2.19	A	36123602.64938932 	7 
1499	17.6711666666669  	0.292833333333304      	8.396049414620273e-05 	2.21	A	1146784.6345683406	1 
1500	17.767833333333556	-0.13816666666665284   	0.001569366980440204  	3.82	A	41527964.930721365	1 
1501	17.786833333333554	0.29549999999997045    	0.00013366810381560957	1.65	A	2465597.721071379 	1 
1502	17.795166666666887	0.6114999999999388     	0.00016697877479740812	2.26	A	3141975.6594210705	1 
1503	17.769500000000225	-0.5648333333332769    	3.4688347940005276e-05	0.56	A	794094.4747115752 	2 
1504	17.781833333333555	0.48183333333328515    	0.00011020831917138008	2.13	A	2045993.22255993  	2 
1505	17.646833333333568	0.3588333333332974     	0.0003234141514305251 	2.31	A	5081078.4179981155	3 
1506	17.619500000000237	-0.20483333333331286   	0.0002783809102832239 	2.01	A	3475238.469264525 	1 
1507	17.59950000000024 	-0.07383333333332595   	0.00010163225132019734	1.35	A	1829286.1319434876	2 
1508	17.523166666666913	0.22249999999997774    	0.00037621045988960066	2.21	A	6752370.952894653 	1 
1509	17.47116666666692 	-0.21583333333331173   	0.002454969153305407  	3.89	A	120250156.52754167	2 
1510	17.370500000000263	0.7308333333332602     	0.00025783497030660386	1.85	A	5576753.896516089 	5 
1511	17.268500000000273	-0.33816666666663286   	0.00025041070931995776	3.46	A	6091579.144061564 	1 
1512	17.275833333333605	-0.2768333333333056    	0.0006584950667767841 	3.52	A	25203844.57107336 	1 
1513	17.282500000000272	-0.8541666666665811    	0.000917376436505228  	3.58	A	89470286.24667473 	1 
1514	17.267833333333606	0.596166666666607      	2.0926491411419802e-05	2.17	A	1278534.6954469779	1 
1515	17.20850000000028 	0.8368333333332496     	0.0011069683632750663 	2.17	A	51760628.6037037  	5 
1516	17.211166666666948	0.2938333333333039     	0.00030593481397286996	1.95	A	9912137.325957688 	4 
1517	17.178166666666947	-0.20649999999997937   	0.003881362986193092  	3.44	A	138759057.21595818	4 
1518	16.988833333333634	-0.22283333333331107   	8.033750012533007e-06 	3.37	B	3227517.4009036305	1 
1519	16.975500000000302	-0.21983333333331134   	2.5899660514449424e-05	4.11	B	10972697.62621132 	1 
1520	17.168833333333616	-0.30049999999996996   	0.0016860912648990708 	4.0 	A	35914933.66391003 	1 
1521	17.082166666666957	0.44349999999995565    	0.002050173583944291  	2.23	A	60226347.77339564 	8 
1522	17.02983333333363 	0.33516666666663314    	0.0006980703781054107 	2.19	A	18211719.487230558	7 
1523	16.9965000000003  	0.41683333333329164    	2.371465837782878e-05 	2.36	A	478492.7554016021 	1 
1524	16.916166666666975	-0.08516666666665813   	0.0013911937022976536 	3.36	A	38495130.984787755	4 
1525	16.813166666666987	-0.10483333333332284   	0.00046238035772006795	3.83	A	7241339.3040622715	1 
1526	16.995833333333632	0.021499999999997847   	7.489243700800356e-05 	2.63	A	4807546.74820598  	1 
1527	16.92550000000031 	0.24249999999997573    	0.000493503764950136  	2.29	A	40400877.866690904	7 
1528	16.893833333333642	0.34849999999996517    	0.0005365255045661405 	2.35	A	23816742.059170056	4 
1529	16.883833333333644	0.13683333333331965    	0.00013411431621217188	2.29	A	6967173.42219971  	1 
1530	16.798833333333654	-0.23949999999997607   	0.00016146648126167957	2.43	A	10279691.530998355	1 
1531	16.793833333333655	0.11949999999998803    	0.00011277072266021603	1.6 	A	10548046.331755983	2 
1532	16.630166666667005	-0.06349999999999366   	0.003066783445804523  	4.29	B	130286202.77682608	4 
1533	16.583833333333676	-0.08249999999999175   	0.0007083364390321762 	3.48	B	54364542.637140945	2 
1534	16.44183333333369 	-0.007499999999999257  	0.001776926874363038  	4.19	B	47540646.062823646	2 
1535	16.703166666666995	0.23683333333330964    	0.0001821028211961146 	2.42	A	2859035.156138022 	2 
1536	16.70450000000033 	-0.39549999999996044   	0.00010079387648818453	2.9 	A	1244475.832040187 	1 
1537	16.677833333333666	-0.3418333333332991    	0.0003781834066710024 	2.9 	A	8203649.070030533 	3 
1538	16.655833333333668	0.10716666666665595    	8.297435211156184e-05 	1.59	A	3123167.734432003 	2 
1539	16.652166666667   	-0.3038333333333029    	6.040231739845455e-05 	2.9 	A	3611018.507427891 	1 
1540	16.61050000000034 	-0.23283333333331002   	0.00028814922668452187	2.9 	B	36912937.38548785 	1 
1541	16.58750000000034 	-0.23249999999997673   	0.00012509447730381455	4.15	B	10829311.163962238	1 
1542	16.631500000000337	-0.42216666666662445   	2.5248282531776243e-05	2.9 	A	2264485.647668996 	1 
1543	16.597833333333675	-0.31849999999996814   	7.204442287252048e-05 	2.9 	A	4537977.64579837  	1 
1544	16.525166666667015	0.19649999999998036    	1.0225260469559286e-05	1.59	A	319841.9419950719 	1 
1545	16.538166666667014	-0.31916666666663474   	0.00036173074905728576	2.9 	A	27517073.33744979 	2 
1546	16.481500000000352	-0.18583333333331475   	0.0019814468136987885 	6.26	A	61673578.082442544	1 
1547	16.496500000000353	-0.24316666666664233   	0.00023357549825806583	3.16	A	9596705.463696212 	1 
1548	16.473833333333687	0.17449999999998256    	0.00013929212357471235	1.91	A	1230375.6752910984	1 
1549	16.440500000000355	-0.3781666666666288    	0.000752232330457684  	3.74	A	52721258.503883004	2 
1550	16.456833333333687	-0.12383333333332094   	0.001068860641136126  	9.75	A	71392628.69080251 	1 
1551	16.306833333333703	-0.49616666666661696   	0.0009838139289943596 	3.88	A	48607749.30076585 	1 
1552	16.327500000000366	-0.5191666666666147    	0.00029737605448347943	3.3 	A	23551875.299607575	2 
1553	16.361166666667028	0.49283333333328405    	9.473280485526008e-05 	1.97	A	991743.3946756352 	3 
1554	16.361500000000362	-0.07849999999999215   	0.00021209647180127285	3.74	A	20053475.404905226	1 
1555	16.297500000000372	-0.3754999999999624    	0.0008739202251249475 	3.83	A	38791333.88933648 	1 
1556	16.246500000000374	0.429499999999957      	1.2800907369952316e-05	2.49	A	263466.87643191114	1 
1557	16.23083333333371 	0.4101666666666256     	0.00013949638749326067	2.59	A	9583478.074406436 	1 
1558	16.213500000000376	0.43783333333328955    	0.00015601681774438672	2.58	A	11374128.565206409	2 
1559	16.08116666666706 	0.40549999999995945    	0.0003640906699625515 	1.91	A	6765179.759085035 	1 
1560	16.02783333333373 	0.5078333333332825     	0.00024360931987937734	2.5 	A	2676048.776643111 	1 
1561	15.942500000000404	-0.5668333333332767    	0.0009360337670946802 	1.99	A	34193262.75621376 	6 
1562	15.999833333333733	0.28883333333330447    	6.577654985794088e-05 	1.82	A	1421327.0556949917	1 
1563	15.956833333333737	-0.37783333333329555   	0.0013723361094471582 	3.55	A	26386276.7695121  	2 
1564	15.951500000000404	-0.40683333333329263   	2.950595946993499e-05 	3.47	A	233229.7562658623 	1 
1565	15.965500000000404	0.2658333333333068     	6.863690099892529e-05 	2.03	A	1977184.706306245 	1 
1566	15.907833333333743	-0.14749999999998525   	0.0008236516567231188 	2.5 	A	16011341.041506736	5 
1567	15.904833333333743	0.027499999999997245   	0.00046178833410317636	2.42	A	9621088.754797095 	1 
1568	15.908833333333742	0.15416666666665124    	0.00012397485597738866	2.15	A	1341510.0670657204	1 
1569	15.909166666667076	0.2904999999999709     	4.5399741595917464e-05	1.94	A	3118553.421542437 	2 
1570	15.903166666667078	0.25883333333330744    	2.3793628413125672e-05	1.91	A	590438.2834790455 	1 
1571	15.875833333333746	-0.782833333333255     	3.527493413595363e-05 	1.9 	A	767326.5419220374 	1 
1572	15.867166666667082	-0.7711666666665895    	4.410665283361994e-05 	1.92	A	921375.1329238019 	2 
1573	15.850833333333748	-0.32183333333330116   	0.0008413843559965797 	4.06	A	24492115.7040918  	1 
1574	15.775833333333756	-0.5818333333332751    	0.00029157110450018397	1.79	A	22070150.241892118	2 
1575	15.786166666667087	-0.41049999999995895   	0.0004583892917631568 	3.89	A	10096437.570276354	2 
1576	15.761833333333758	-0.28083333333330524   	0.00016518683439455405	4.25	A	4146014.676098177 	2 
1577	15.715500000000427	-0.5968333333332737    	0.00034247081447256176	1.82	A	20371791.329704028	2 
1578	15.631833333333772	-0.37749999999996225   	0.0008050685048754145 	3.45	A	10184400.381709414	1 
1579	15.550166666667112	-0.45416666666662125   	6.764661650583909e-05 	1.66	B	14977636.499040633	2 
1580	15.535833333333779	-0.40549999999995945   	0.0002732483565461031 	3.36	B	53147722.10446534 	1 
1581	15.501833333333783	-0.42283333333329104   	0.00042463970769510156	3.43	A	27943987.670672208	1 
1582	15.529166666667113	0.27949999999997205    	0.00032092372091485367	3.89	A	26423299.503826484	2 
1583	15.496166666667119	-0.21883333333331145   	0.0015642208698740476 	4.42	A	20251692.13772237 	2 
1584	15.420166666667125	0.19416666666664723    	0.0011317862088695238 	3.89	A	69231465.52393475 	2 
1585	15.429166666667125	-0.09549999999999044   	0.0023099937500372096 	2.96	A	60083158.60466955 	1 
1586	15.329166666667135	-0.15316666666665135   	0.0003610806728063865 	2.99	A	21725011.69952741 	1 
1587	15.271500000000474	-0.12583333333332075   	0.0005057080032875448 	2.98	B	61608477.732733116	3 
1588	15.261833333333808	-0.15683333333331764   	9.567210756157937e-05 	1.79	B	8856459.668673001 	2 
1589	15.186833333333816	-0.13249999999998674   	0.00014580188380535814	4.41	B	11969978.360517409	1 
1590	15.392500000000462	-0.23416666666664326   	0.0008154148720925585 	2.97	A	21989621.623019937	1 
1591	15.288833333333804	0.22649999999997733    	8.618425309560665e-05 	2.18	A	1500956.669778436 	1 
1592	15.278500000000474	-0.012499999999998748  	0.00032690538284800525	3.02	A	10706737.463857867	1 
1593	15.256166666667141	0.09349999999999065    	0.0001833163188420426 	3.01	A	4017871.2714219023	3 
1594	15.258833333333808	0.16416666666665025    	6.951258943407916e-05 	3.03	A	2637329.6790681207	1 
1595	15.221500000000479	-0.4268333333332906    	0.0004041516355512545 	2.2 	A	33085828.35416558 	4 
1596	15.19750000000048 	-0.07249999999999275   	0.00011901402591064323	3.0 	A	5204769.390859618 	1 
1597	15.155166666667151	-0.4801666666666186    	5.265491520672458e-05 	2.13	A	5706415.173313598 	1 
1598	15.043833333333831	0.0754999999999924     	0.0011274980106197577 	2.83	A	69418526.35514086 	2 
1599	14.991500000000501	-0.01349999999999868   	0.0034837207348392017 	2.61	A	145537285.30407405	5 
1600	14.89316666666718 	-0.16849999999998316   	0.0009946701905719911 	3.53	B	92093194.81445189 	2 
1601	14.894833333333844	-0.14249999999998578   	8.455128643179076e-06 	2.91	B	413620.35098969913	1 
1602	14.824833333333853	0.07849999999999213    	0.00016000943826553028	2.8 	A	5779683.595602457 	1 
1603	14.796500000000522	-0.18583333333331475   	0.0006478657536384886 	9.81	B	43801829.533606336	1 
1604	14.774833333333858	-0.17083333333331627   	0.00024320812926053199	4.24	B	16552383.659485146	1 
1605	14.726166666667195	-0.20516666666664618   	0.00048568608650426977	4.24	B	26376086.817107588	4 
1606	14.706833333333863	-0.15449999999998457   	0.00038776279393312784	3.53	B	33295604.98347078 	2 
1607	14.680833333333867	-0.04349999999999565   	0.00012635820433148261	3.53	B	7548005.915168204 	1 
1608	14.64783333333387 	-0.11616666666665507   	0.001273999425314117  	3.53	B	65130159.271109715	3 
1609	14.654500000000535	-0.0001666666666666483 	0.0007369770569053161 	3.53	B	43214545.793694265	3 
1610	14.679500000000534	-0.07049999999999296   	4.289262143027964e-05 	3.53	B	1860284.5987286589	1 
1611	14.662500000000534	-0.19016666666664767   	0.00015200099079127613	3.53	B	6514021.160179499 	1 
1612	15.077833333333826	-0.25949999999997403   	0.00029976286735302775	2.9 	A	5078748.771491688 	2 
1613	15.0235000000005  	-0.16549999999998344   	0.00043847293100818604	4.45	A	13168117.370485716	1 
1614	14.882833333333846	0.26449999999997353    	0.00045296680993515894	3.42	A	3892696.855572198 	1 
1615	14.853166666667184	-0.9944999999999006    	0.0004571763871058057 	2.36	A	51317177.47795671 	1 
1616	14.781500000000522	-0.4844999999999515    	0.0007216901813264284 	2.31	A	45723468.717631474	2 
1617	14.636166666667203	-0.5681666666666099    	0.00013542029367596438	1.86	B	31776540.002365485	4 
1618	14.604166666667206	-0.6011666666666066    	0.000128646633897571  	3.38	B	20350033.447051268	3 
1619	14.547166666667213	-0.6148333333332718    	0.00017891432973972377	3.38	B	18369398.923854683	2 
1620	14.572833333333877	-0.7808333333332552    	0.0012611332526465842 	2.25	B	65697124.94643487 	1 
1621	14.285833333333905	-0.652833333333268     	0.00036762465612721776	1.1 	B	22881678.757783074	1 
1622	14.382166666667228	-0.45583333333328774   	0.00088322736158353   	3.34	A	20075376.00201613 	1 
1623	14.184166666667249	-0.5301666666666136    	0.0024764775401429732 	2.15	B	214211032.74554744	27
1624	14.172500000000584	-0.616166666666605     	9.771117933861323e-05 	2.04	A	3291182.3295686655	1 
1625	14.151500000000585	-0.59949999999994      	4.23551270392403e-05  	2.04	B	1661786.4625955203	1 
1626	13.980833333333935	-0.4354999999999564    	0.000647145037961796  	2.24	B	35193821.35450614 	3 
1627	13.991166666667269	-0.386166666666628     	0.00035181013816157407	2.3 	A	17451408.89150634 	3 
1628	13.90050000000061 	-0.5154999999999484    	0.001424392297761437  	2.46	B	101217722.66746743	5 
1629	13.921500000000607	-0.47583333333328576   	1.1627000511610113e-05	2.44	A	773887.1194833476 	1 
1630	14.618500000000537	0.3338333333332999     	0.00020175938796922885	2.7 	A	15868355.37679007 	1 
1631	14.55716666666721 	-0.28383333333330496   	0.0002224908880163586 	2.05	B	18144873.119671717	1 
1632	14.544166666667213	-0.39516666666662714   	0.0004987306302712054 	3.42	B	28437307.70123667 	2 
1633	14.538166666667212	-0.3208333333333012    	0.00016366445739267272	2.64	B	7767101.990106851 	1 
1634	14.496166666667218	-0.27283333333330606   	0.0008219453632309396 	4.54	B	95479973.78090127 	1 
1635	14.471833333333887	-0.24216666666664244   	0.0005257297007462778 	3.42	B	45180263.78873459 	2 
1636	14.47116666666722 	-0.08216666666665845   	0.0018995609114130859 	3.58	A	167312080.56186613	3 
1637	14.49250000000055 	-0.14316666666665234   	0.001714756469459553  	3.62	A	189679709.2885043 	8 
1638	14.453833333333888	0.726166666666594      	9.570504821242752e-05 	2.73	A	2878341.5003408794	1 
1639	14.188500000000582	-0.23283333333331008   	0.0033575180008079664 	3.53	A	252343758.22761422	10
1640	14.184833333333914	-0.15283333333331806   	0.0007562091467501613 	3.53	A	44577553.13372346 	2 
1641	14.342166666667234	0.6248333333332708     	7.419868403452765e-05 	2.74	A	5916958.718890168 	1 
1642	14.265500000000573	0.25549999999997447    	0.0006148466885126224 	3.16	A	10737885.751762383	3 
1643	14.220500000000579	0.10783333333332254    	0.0003547061630485897 	3.92	A	3075959.4404961895	1 
1644	14.196500000000581	-0.349499999999965     	0.0008044384206657757 	3.65	B	17492546.781703427	4 
1645	14.152500000000586	-0.3474999999999652    	3.462326676673165e-05 	4.02	B	824313.4631507052 	1 
1646	14.13183333333392 	-0.3831666666666283    	3.2727334038327958e-06	2.25	B	157837.5759620569 	1 
1647	14.119833333333922	-0.3871666666666279    	1.2832727705623228e-05	3.52	B	573259.0175990008 	1 
1648	14.11750000000059 	-0.372833333333296     	2.501670559997844e-05 	2.25	B	579598.0897961392 	1 
1649	14.157833333333917	0.5808333333332752     	0.0006314975055117948 	2.89	A	10067028.041943934	1 
1650	14.15816666666725 	0.28149999999997183    	6.856085190622035e-05 	3.6 	A	3245103.5869644876	1 
1651	14.105833333333925	-0.07449999999999254   	0.0002700985687636791 	3.43	B	22436709.20865173 	2 
1652	14.101833333333925	-0.029166666666663746  	0.000270681659982431  	3.05	B	24959289.782274183	2 
1653	14.115166666667257	0.7484999999999251     	0.00016782849358213384	2.9 	A	8498820.915222121 	1 
1654	14.09250000000059 	0.3114999999999688     	0.0006036919357099797 	4.02	A	8070290.862395209 	1 
1655	14.094166666667258	0.7824999999999217     	3.7084505456601215e-05	2.55	A	1152266.1148137788	1 
1656	14.081833333333924	-0.6124999999999388    	0.00012838529313614964	2.05	A	2093994.078600583 	2 
1657	14.060833333333928	-0.23216666666664343   	0.00046476589187338077	3.37	A	22975752.482177638	2 
1658	14.053166666667263	-0.21049999999997895   	3.3050829276546376e-05	3.67	A	2618648.813273635 	1 
1659	14.010500000000599	-0.17749999999998226   	0.0007827822679794357 	3.66	A	78398129.22839269 	4 
1660	14.032166666667264	-0.23016666666664365   	6.253864674835027e-06 	3.62	A	302651.7400145334 	1 
1661	13.952500000000606	-0.06516666666666014   	0.0002989822791224761 	3.64	A	20001406.335997317	2 
1662	13.937166666667274	-0.3108333333333022    	7.808528821659909e-05 	2.28	A	3171063.974726978 	1 
1663	13.86716666666728 	-0.29716666666663694   	0.001151354129942697  	3.67	A	93483722.41076009 	2 
1664	13.85816666666728 	-0.25916666666664073   	1.4350865109948732e-06	2.0 	A	51156.059847940145	1 
1665	13.849166666667282	-0.26449999999997353   	5.849855261772432e-05 	2.01	A	2975128.957741975 	1 
1666	13.878833333333946	-0.5908333333332741    	0.00028938957669446787	2.07	A	16753504.808715489	3 
1667	13.861166666667282	-0.659499999999934     	0.0004894561904310713 	2.07	A	16395191.372664208	2 
1668	13.787166666667288	-0.23583333333330972   	0.000393993693839149  	3.45	A	18772291.92030858 	1 
1669	13.737500000000628	-0.20649999999997934   	0.0001501872079655681 	1.92	A	7972093.237113664 	2 
1670	13.739500000000627	-0.39083333333329423   	0.0009648935673552705 	3.69	A	18706824.924945243	1 
1671	13.674833333333966	-0.596166666666607     	0.0013167386833813034 	4.1 	A	54643408.83213256 	1 
1672	13.620833333333973	-0.40583333333329275   	3.2248095698040015e-05	2.39	A	891230.474567462  	1 
1673	13.607166666667306	-0.26349999999997364   	0.00013206249721151134	2.11	A	9123693.870082622 	1 
1674	13.501833333333984	-0.31949999999996803   	0.0006841982202860482 	2.14	B	55888867.50274647 	4 
1675	13.464500000000655	-0.2808333333333053    	5.527402762828318e-05 	2.14	B	8912789.917611862 	2 
1676	13.456833333333988	-0.29483333333330386   	5.17948174295792e-05  	3.68	B	7295096.29225271  	1 
1677	13.550500000000646	0.02383333333333093    	0.0002628667207240964 	3.63	A	11244384.300742606	1 
1678	13.53783333333398 	-0.0818333333333251    	0.0007295646756595778 	2.31	B	21395687.30349553 	2 
1679	13.456833333333988	-0.03416666666666324   	0.0012860111136266238 	6.83	B	45703085.74972589 	1 
1680	13.452500000000656	0.0024999999999998357  	9.257890144948927e-05 	9.47	B	2039071.794470611 	1 
1681	13.357833333333998	-0.031499999999996864  	0.00039089347644944675	4.07	B	19483869.283938315	2 
1682	13.335833333334   	0.004833333333332912   	0.00028504050979188   	4.07	B	10309026.891700871	1 
1683	13.336833333334   	-0.04316666666666236   	0.00013427852497080106	4.07	B	18779975.221409902	1 
1684	13.322166666667336	-0.08916666666665773   	0.00010024634766087362	4.07	B	13333010.136652278	1 
1685	13.290833333334005	0.01783333333333159    	0.00035618850485991615	4.07	B	20679362.373652395	2 
1686	13.246166666667342	-0.08083333333332521   	0.002196897587664246  	4.07	B	217478712.58097008	5 
1687	13.245833333334009	0.04549999999999543    	0.0001963998634541612 	4.07	B	15010716.185379202	1 
1688	13.24483333333401 	0.024499999999997635   	2.6855704994160214e-05	4.07	B	1908479.5242197136	1 
1689	13.223833333334012	0.03183333333333016    	0.00032417471038879823	4.07	B	37569617.34298963 	1 
1690	13.198833333334013	-0.1354999999999864    	0.0009392208143260373 	4.07	B	49341344.60879936 	1 
1691	13.186166666667349	-0.057166666666660926  	3.537776586913381e-05 	4.07	B	924999.1115905182 	1 
1692	13.121833333334022	-0.09083333333332422   	0.0011849589249510984 	4.07	A	82567858.4880119  	2 
1693	13.09550000000069 	-0.2651666666666401    	0.0012864947949812113 	4.07	B	42539523.86967304 	2 
1694	13.04783333333403 	-0.3238333333333009    	0.002912638568782094  	4.07	B	116561849.58474933	4 
1695	13.06716666666736 	-0.17249999999998272   	0.00035893574816829577	4.07	B	31866383.467335075	2 
1696	13.064833333334027	-0.152833333333318     	0.0001215514998483076 	4.07	B	7845359.298292841 	1 
1697	13.022833333334031	-0.2174999999999782    	4.5806077202983076e-05	4.07	B	2742724.112955481 	1 
1698	12.899833333334044	-0.4478333333332885    	0.002424638451309922  	4.07	B	103864140.73143414	2 
1699	12.979500000000703	-0.14383333333331894   	0.00014493110106451805	4.07	B	11703229.550865829	1 
1700	12.948833333334038	-0.2521666666666414    	0.0007059854640636021 	4.07	B	87102649.84916595 	1 
1701	12.846500000000717	-0.3391666666666327    	0.003285534798252156  	4.07	B	299024942.6384754 	7 
1702	12.909833333334042	-0.24983333333330832   	1.3274663612075497e-05	2.31	B	1850169.1981613168	1 
1703	12.736500000000728	-0.3614999999999638    	0.00048393824691913325	2.31	A	14659034.347313523	1 
1704	12.750500000000725	-0.4214999999999578    	4.743199671202409e-05 	4.07	A	2010484.3338608867	1 
1705	13.53183333333398 	-0.2421666666666425    	0.00016381016876618106	3.53	B	17249729.912338756	1 
1706	13.479500000000652	-0.20783333333331255   	8.842914403234871e-05 	2.14	B	12432031.951185904	2 
1707	13.403500000000658	-0.270499999999973     	4.322080777676279e-05 	2.18	B	4824487.129735952 	1 
1708	13.394166666667326	-0.22783333333331057   	2.6830036238049998e-05	2.18	B	3721000.7774752113	1 
1709	13.374500000000662	-0.24949999999997508   	0.00013148384460702944	3.66	B	17628803.605454475	1 
1710	13.35016666666733 	-0.30149999999996985   	6.345118272199294e-05 	3.77	B	8783217.100450056 	1 
1711	13.330166666667333	-0.24449999999997557   	0.00084447442488771   	3.98	A	18572094.232316773	1 
1712	13.337166666667333	-0.3081666666666359    	1.1600037469929599e-05	3.71	B	1750092.6980260387	1 
1713	13.318500000000668	-0.28483333333330485   	4.018976629538371e-05 	3.81	B	8741749.804846339 	1 
1714	13.299166666667336	-0.32683333333330067   	0.0005115923995247035 	3.7 	B	138293905.5887738 	4 
1715	13.270833333334005	-0.30083333333330325   	0.0002527848619510759 	3.75	A	9477616.6175776   	1 
1716	13.260500000000674	-0.40583333333329275   	0.0006038735608003535 	3.66	A	46521862.56783691 	2 
1717	13.214500000000678	-0.4448333333332889    	0.00048648353869364466	3.75	A	13118895.389984189	2 
1718	13.158500000000684	-0.38749999999996126   	0.0029160482212853087 	3.68	A	101900644.13288513	2 
1719	13.469833333333987	0.17616666666664904    	0.00012597818970026936	2.09	B	5080814.7193662   	2 
1720	13.341833333334   	0.15683333333331764    	0.0024763699509626246 	2.1 	A	51336974.137930356	20
1721	13.40850000000066 	0.11883333333332144    	0.0003711186006705167 	2.57	A	6779336.578055229 	1 
1722	13.41150000000066 	-0.42083333333329126   	0.00021467002868770225	2.09	A	4573943.322459125 	4 
1723	13.354500000000664	-0.3614999999999638    	0.0002737793331397505 	3.64	A	13924437.105612634	1 
1724	13.091833333334023	0.09149999999999085    	0.0001475884091258799 	3.41	B	6333932.536629227 	1 
1725	13.009833333334033	0.03949999999999605    	0.0008218768554501571 	3.48	A	19161981.377452757	1 
1726	12.989500000000703	0.3568333333332976     	0.00016817706255710252	3.16	A	6556470.311773612 	1 
1727	12.940166666667373	0.7001666666665967     	0.005549777299514233  	3.52	A	156650116.87467435	1 
1728	12.90883333333404 	-0.013833333333331952  	0.0003081133785280191 	4.7 	A	31631619.342885226	1 
1729	12.836166666667385	0.38749999999996126    	0.00088386772426184   	2.24	A	26692514.310717154	6 
1730	12.76516666666739 	0.6748333333332658     	0.0003480855549081302 	2.19	A	3612212.946688475 	3 
1731	12.761833333334058	-0.21049999999997893   	0.00022764571605614182	3.49	A	44320392.607324295	2 
1732	12.752500000000726	0.013833333333331949   	0.00028345732370680564	3.32	A	12574101.71345418 	1 
1733	12.744500000000727	-0.11483333333332184   	9.940156503220369e-05 	4.79	A	2688121.56355702  	1 
1734	12.736500000000728	-0.10216666666665644   	0.0002809371885926756 	4.58	A	36735768.16872765 	2 
1735	12.720166666667394	0.6074999999999393     	0.00018783276387828075	2.19	A	3948505.362155812 	1 
1736	12.694833333334065	0.35149999999996484    	0.00013956838178964448	2.17	A	4453064.022610014 	2 
1737	12.692833333334063	-0.1298333333333203    	8.22546504724133e-06  	3.46	A	1037899.4821444841	1 
1738	12.682500000000731	-0.09549999999999043   	0.0011386491113980005 	4.42	B	43745177.01603676 	1 
1739	12.675833333334065	-0.17816666666664882   	0.0019720328248955484 	3.51	B	90171298.29537816 	4 
1740	12.594833333334073	-0.1904999999999809    	0.0006024309048849407 	2.4 	A	10927514.217934543	1 
1741	12.59650000000074 	-0.04249999999999571   	0.0005823310290577386 	2.4 	A	10780055.147592146	1 
1742	12.598500000000739	-0.3608333333332972    	0.0011306534439783614 	3.55	A	21505928.14269638 	1 
1743	12.55516666666741 	-0.3504999999999649    	0.0018123214067134199 	3.55	B	71600498.62552781 	4 
1744	12.52683333333408 	-0.07249999999999274   	0.0006885454818227281 	4.42	B	15928493.337487884	2 
1745	12.525500000000747	-0.2951666666666371    	0.000645283332723607  	3.55	B	33226621.80304771 	4 
1746	12.491166666667416	-0.06749999999999323   	0.00021160314185914554	4.39	B	2815447.303967239 	1 
1747	12.498833333334083	-0.17749999999998223   	0.0015235050763411603 	3.55	B	73670623.26368394 	5 
1748	12.498166666667416	-0.22183333333331112   	0.00035813054346558727	3.55	B	28405182.430954862	2 
1749	12.440500000000755	-0.05783333333332752   	0.0006868464842562165 	2.4 	B	15916106.7658409  	1 
1750	12.445833333334088	-0.19383333333331393   	0.0005814289468770153 	3.55	B	8482904.811958585 	1 
1751	12.408833333334092	-0.1034999999999896    	2.294833639643711e-05 	3.55	B	957689.0983353676 	1 
1752	12.340166666667432	-0.1464999999999853    	0.0023056710745109447 	9.68	B	50098533.525364995	2 
1753	12.243500000000775	-0.14283333333331905   	0.002604529514129117  	4.31	B	90687399.40250522 	1 
1754	12.198166666667445	-0.15916666666665075   	0.00021951949739504976	2.4 	B	6011217.967910419 	1 
1755	12.662166666667401	0.7821666666665884     	0.00012541789638767801	2.2 	A	1889113.8504632514	1 
1756	12.621500000000738	0.5148333333332819     	0.0009798360306331145 	2.27	A	19848829.792409565	1 
1757	12.581833333334076	0.26416666666664024    	0.0010661578929557906 	3.53	A	23702351.289732505	3 
1758	12.496166666667417	0.4464999999999553     	0.00031173550811234717	3.35	A	3090736.2935770922	1 
1759	12.40850000000076 	0.5131666666666154     	0.0012617501029216522 	2.25	A	31601374.655719995	5 
1760	12.3168333333341  	0.3221666666666344     	5.980574516655797e-05 	2.34	A	1801427.3596174258	1 
1761	12.291166666667438	0.3148333333333018     	0.0002746447850757443 	3.14	A	8007550.980794314 	1 
1762	12.301833333334104	0.24349999999997562    	0.00023684987896521208	3.41	A	12038120.00375589 	1 
1763	12.23783333333411 	0.3424999999999657     	0.00025700937248303204	2.4 	A	3797337.026001963 	1 
1764	12.006500000000798	-0.6954999999999304    	0.000806216299251605  	3.62	B	20541313.767553117	1 
1765	11.931166666667472	-0.6368333333332696    	0.0003419410719179284 	3.97	B	21407524.93427165 	1 
1766	11.914833333334142	-0.6171666666666049    	0.0001710998138996026 	3.4 	B	13242970.48656701 	1 
1767	12.150500000000784	0.4491666666666217     	1.5398749034014803e-05	2.2 	B	156757.7083322661 	1 
1768	12.131500000000786	0.459499999999954      	2.1722065126705986e-05	2.2 	B	496470.81997567526	1 
1769	12.12683333333412 	0.469499999999953      	2.536765059082144e-05 	3.04	B	506604.1650418913 	1 
1770	12.109833333334121	-0.05883333333332745   	0.0006744456783286019 	3.35	A	44438036.249517426	1 
1771	12.119166666667454	-0.031166666666663553  	0.0014121676717185857 	9.9 	A	137337394.50096512	1 
1772	12.125166666667454	-0.4104999999999589    	0.00017597049345635362	4.09	A	3353598.0618971814	1 
1773	12.090500000000791	0.11783333333332155    	0.00016365517569989183	3.15	A	3669517.2250527726	1 
1774	11.930500000000807	-0.47916666666661867   	0.0003800586623074148 	3.39	A	7887370.711946193 	1 
1775	11.905166666667476	-0.12916666666665375   	0.000154831322900932  	3.75	A	33171015.867444776	1 
1776	11.83983333333415 	-0.382833333333295     	0.00020744425235022358	4.21	A	6594751.201063149 	1 
1777	11.840166666667484	-0.09849999999999015   	9.82879016840451e-05  	1.99	B	8633717.680691766 	2 
1778	11.821833333334151	-0.11883333333332145   	0.00019666568209165345	4.39	B	14078014.021677306	1 
1779	11.838500000000815	0.10516666666665615    	0.00017989752883162578	2.25	A	3511699.085390738 	1 
1780	11.763166666667491	-0.4221666666666244    	0.00030874890117399244	4.94	B	16141950.098353842	1 
1781	11.710166666667496	-0.4701666666666196    	0.0010479667800042498 	3.3 	B	64545911.74226513 	3 
1782	11.704166666667495	-0.29716666666663694   	0.002033580769824948  	4.37	A	34613300.30021245 	3 
1783	11.606166666667507	-0.33449999999996655   	0.0008697451482463381 	4.43	B	55647906.61918762 	3 
1784	11.625500000000839	-0.3421666666666324    	4.4815132028559726e-05	2.82	B	1618845.4183687784	1 
1785	11.556166666667512	-0.3318333333333002    	0.001425175798134522  	4.43	B	63458380.29350522 	6 
1786	11.533166666667514	-0.3574999999999643    	0.00015464751234980334	4.46	A	3024393.101679513 	1 
1787	11.492500000000852	-0.28416666666663826   	0.00040075288970552327	3.53	B	14666042.116120797	2 
1788	11.44083333333419 	-0.30649999999996935   	0.0006424614574704521 	3.53	B	18496430.17240287 	1 
1789	11.417833333334192	-0.2981666666666368    	0.0010856131302915007 	4.49	B	21454518.95338435 	1 
1790	11.63683333333417 	0.03349999999999665    	0.0016368874284723328 	9.7 	A	42428331.16753993 	1 
1791	11.573833333334177	-0.13083333333332026   	0.004702532636426053  	9.3 	A	157830466.54330254	2 
1792	11.533166666667514	-0.12216666666665445   	0.001526478711992853  	9.28	A	67572643.75507821 	1 
1793	11.599166666667507	0.2551666666666411     	0.0005015530744820079 	3.32	A	14088036.604271092	1 
1794	11.54983333333418 	0.2651666666666401     	0.00078911967601243   	3.35	A	28607432.089754436	4 
1795	11.564833333334178	0.00616666666666605    	0.0013786690551734165 	3.61	A	35038666.099882014	1 
1796	11.521166666667515	-0.47783333333328554   	0.0011121899306222782 	3.25	A	39665135.208715774	2 
1797	11.359166666667532	-0.10816666666665584   	0.0008067265374913131 	3.3 	B	17727143.269941915	1 
1798	11.316833333334204	-0.08849999999999111   	3.965996958654237e-05 	3.3 	B	2230012.2630063687	1 
1799	11.304833333334203	-0.06049999999999392   	0.00029357960758067845	3.3 	B	31227574.94708894 	2 
1800	11.303833333334204	-0.04049999999999593   	5.823675831481129e-06 	3.3 	B	475602.04573337885	1 
1801	11.22550000000088 	-0.05883333333332744   	0.00011732126690888881	3.3 	B	13738198.495318262	1 
1802	11.232833333334211	-0.10149999999998982   	3.74424793251739e-05  	5.12	B	8691860.644682989 	1 
1803	11.217833333334212	-0.10416666666665622   	1.946139771532934e-05 	3.3 	B	3891061.364289722 	1 
1804	11.196833333334215	-0.09849999999999012   	0.00010923282825405394	4.4 	B	30675022.330632623	1 
1805	11.187833333334217	-0.11283333333332202   	2.546936708578139e-05 	3.3 	B	5482137.226681141 	1 
1806	11.130166666667556	-0.12749999999998723   	0.0010003453295341636 	3.3 	B	144343430.06986776	6 
1807	10.993500000000902	-0.17183333333331613   	0.0026451283061418463 	3.3 	B	85337362.26193304 	2 
1808	11.052500000000895	-0.03516666666666313   	0.00010666910035636954	3.3 	B	7887834.266007702 	1 
1809	11.031500000000898	-0.03549999999999642   	9.126216049840048e-05 	3.3 	B	4130602.741411884 	1 
1810	10.975833333334236	-0.09649999999999032   	0.0013783313779635242 	3.3 	B	125993846.05715196	3 
1811	10.958166666667573	-0.23183333333331013   	0.00046346139180407413	3.3 	B	13578427.413241314	1 
1812	10.939166666667575	-0.2831666666666383    	3.1015509370732915e-06	0.34	B	118344.10785507553	1 
1813	10.932166666667575	-0.03283333333333005   	6.407162105180218e-05 	9.34	B	2463811.591115044 	1 
1814	11.333166666667534	-0.5341666666666133    	0.0034396903169149136 	3.59	A	78395201.02460079 	5 
1815	11.327833333334201	-0.19149999999998085   	0.00046740415660751264	3.4 	A	8729770.34970966  	1 
1816	11.271833333334206	0.22183333333331112    	0.00039595854253567764	3.44	A	10346446.538167275	2 
1817	11.285500000000871	0.3231666666666343     	0.00040544014117523927	3.51	A	5509196.325109074 	1 
1818	11.245166666667544	-0.30649999999996935   	2.565998989780788e-06 	0.41	B	112872.68344764085	1 
1819	11.236166666667543	-0.32516666666663413   	4.081952084128143e-05 	3.58	B	1920893.6524091773	1 
1820	11.24083333333421 	0.06449999999999355    	0.0006538582961674112 	3.35	A	35229553.81720596 	2 
1821	11.105833333334223	0.13583333333331973    	0.0004086581459980419 	1.37	A	15079791.4290438  	1 
1822	11.219500000000878	-0.5308333333332802    	0.0005572206200932595 	3.69	A	31012958.17864108 	2 
1823	11.121833333334221	-0.5748333333332758    	0.0006475024029339929 	3.75	B	52905556.537457615	1 
1824	11.110166666667556	-0.4954999999999505    	6.926554166045799e-05 	4.14	A	2814665.5449679135	1 
1825	11.082500000000891	-0.53383333333328      	0.000791148554952134  	3.75	B	131351124.45457993	2 
1826	11.078500000000892	-0.4784999999999522    	1.8705413433773834e-05	3.75	B	1089466.246879423 	1 
1827	11.061500000000894	-0.4848333333332849    	0.00012422679150674224	3.75	B	9467947.777981907 	1 
1828	10.978166666667569	-0.5591666666666107    	0.000977821917515139  	3.75	B	69590234.67664185 	2 
1829	11.031166666667565	-0.41549999999995846   	4.5026262362213855e-05	3.75	B	5119497.303817385 	1 
1830	11.026166666667564	-0.6168333333332716    	0.00039295647152477547	3.75	B	21410918.585371234	2 
1831	11.009166666667566	-0.39016666666662764   	0.0002712522930256414 	3.75	B	27978167.099260658	2 
1832	11.003833333334233	-0.423833333333291     	0.0001717756668765643 	3.75	B	15276679.194393823	1 
1833	10.975500000000903	-0.49083333333328427   	0.00041846818043190723	3.75	B	30178942.774407983	1 
1834	10.959500000000904	0.14883333333331844    	0.000758444883594975  	3.33	A	67641674.95374376 	1 
1835	10.70450000000093 	-0.3254999999999675    	0.002425796402646279  	3.83	A	85757357.3653281  	1 
1836	10.74283333333426 	-0.22983333333331035   	0.0002287129865097307 	3.7 	B	29960816.97322925 	2 
1837	10.743500000000926	-0.12483333333332086   	0.003431482504447149  	3.7 	B	241145357.17248926	6 
1838	10.754166666667592	-0.15149999999998487   	2.6874702628777108e-05	3.7 	B	1280029.748386116 	1 
1839	10.755833333334259	-0.18883333333331448   	2.0397511415727297e-05	4.98	B	6090689.674665299 	1 
1840	10.753166666667592	-0.19783333333331357   	2.298250431702318e-05 	3.7 	B	6790672.223485668 	1 
1841	10.714166666667596	-0.23216666666664348   	3.5188892576488296e-05	2.46	B	2477384.8881190405	1 
1842	10.739166666667595	0.0064999999999993535  	0.0009851431941214313 	3.7 	A	41317229.884442925	1 
1843	10.649166666667604	-0.013166666666665355  	0.0030974774829351684 	5.25	A	82791063.54237479 	1 
1844	10.663500000000935	0.09049999999999095    	0.0008038303704495015 	2.5 	B	77608651.20765294 	1 
1845	10.641166666667603	0.15116666666665154    	3.635030538212605e-05 	1.99	B	1554520.7872554965	1 
1846	10.686833333334265	-0.4148333333332918    	7.621246681183461e-05 	4.11	A	1759091.227214804 	1 
1847	10.663500000000933	0.26249999999997375    	0.00014027997722078868	3.6 	A	3045798.499647793 	1 
1848	10.393833333334294	-0.20183333333331316   	0.0006253975558960467 	1.81	B	36458512.31792147 	9 
1849	10.448166666667623	-0.18449999999998154   	0.00019773739860571603	4.61	B	7934478.724356338 	1 
1850	10.29950000000097 	0.39649999999996033    	0.001117421363173862  	4.03	A	19273226.1930628  	2 
1851	10.275166666667639	0.18549999999998143    	0.0006050560978086621 	2.7 	A	11206987.737034235	1 
1852	10.215166666667646	-0.32416666666663424   	3.451471059530609e-05 	1.3 	A	10448243.454280278	1 
1853	10.131166666667655	-0.7704999999999229    	0.0006034695619473615 	3.63	A	34408426.42185352 	1 
1854	9.950833333334339 	-0.3668333333332966    	0.00032349662727385996	2.12	B	44113936.61617057 	1 
1855	9.984833333334334 	-0.2668333333333066    	0.0002200555915613495 	2.12	B	22215799.54583773 	1 
1856	9.901166666667677 	-0.342833333333299     	0.00031311741552958705	3.48	B	33454455.734082233	1 
1857	9.986166666667668 	-0.17049999999998294   	0.0007068755053946487 	4.43	A	40270279.4520746  	1 
1858	9.914833333334343 	-0.021166666666664558  	0.0005529420169537529 	2.56	A	25713770.954390276	1 
1859	9.878500000001013 	-0.11116666666665555   	0.0024000035890610672 	4.48	A	170094531.4790583 	2 
1860	9.87316666666768  	-0.007499999999999257  	4.845052160917112e-05 	5.34	B	1136735.5852208906	1 
1861	9.85183333333435  	-0.034166666666663265  	0.000408585908346186  	2.57	B	33504410.24453478 	3 
1862	9.788833333334354 	-0.7051666666665961    	0.0005174310774256454 	3.34	A	18593320.705195587	1 
1863	9.421166666667725 	-0.7024999999999297    	0.0017641153754453989 	2.77	A	29116524.319319405	1 
1864	9.461833333334388 	0.13883333333331946    	0.00026041257454315086	3.92	A	3888913.85315357  	1 
1865	9.440166666667722 	0.25349999999997463    	4.521726966911687e-05 	2.67	A	1235789.1209363868	1 
1866	9.391833333334395 	0.17516666666664915    	0.0007710224691652057 	4.04	A	14051027.925293589	1 
1867	9.327833333334402 	0.03283333333333005    	0.00019181754422396667	3.91	A	8421650.095551893 	1 
1868	9.284166666667739 	-0.14683333333331866   	0.004714359058454628  	4.46	A	125868441.04251961	5 
1869	9.323166666667735 	-0.31749999999996825   	0.0006231105340009016 	4.64	A	11127801.00489619 	1 
1870	9.22050000000108  	0.16883333333331643    	0.0005657824128952237 	2.62	A	17461271.2014406  	4 
1871	9.145500000001087 	0.054499999999994546   	0.0004304271557153112 	3.9 	A	16556923.996608233	1 
1872	9.122166666667756 	0.15649999999998435    	0.000991598015585027  	3.79	A	20752316.27004022 	1 
1873	9.119166666667756 	-0.30183333333330314   	0.0012341672605771263 	4.38	A	12056180.17455439 	1 
1874	9.028500000001099 	-0.3098333333333024    	0.0016683692109890399 	4.38	A	29393260.552615203	3 
1875	8.812166666667787 	-0.3021666666666364    	0.0001337510403081759 	4.34	B	5321130.374268729 	1 
1876	8.763833333334459 	-0.429499999999957     	0.0010313965644358893 	4.42	A	42635922.645329006	1 
1877	8.727166666667795 	-0.39449999999996055   	0.0031534406272597988 	4.28	B	135288126.39146358	3 
1878	8.87816666666778  	-0.08583333333332474   	0.00035762375078736067	4.31	A	2583191.82862392  	1 
1879	8.843500000001116 	-0.02616666666666405   	1.0332102998766653e-05	0.32	A	446744.82492836507	1 
1880	8.63383333333447  	-0.08749999999999124   	0.00023683818233321982	3.38	A	17622910.327282056	1 
1881	8.469833333334487 	-0.6284999999999371    	0.00157823835084894   	2.88	A	29897832.445290565	1 
1882	8.570833333334477 	-0.06149999999999385   	0.0013375446502028742 	4.12	A	40553751.750574835	2 
1883	8.580833333334475 	-0.27216666666663947   	0.0011754033394787632 	4.52	A	73962581.14552262 	1 
1884	8.587500000001143 	-1.073833333333226     	3.36653092896246e-05  	2.63	A	828429.3352477046 	1 
1885	8.471500000001152 	-0.9791666666665686    	0.0008668111416286408 	2.56	A	13218823.435194466	5 
1886	8.46716666666782  	-0.9231666666665742    	0.00019163465361744577	2.66	A	1797340.8479047087	1 
1887	8.452166666667821 	-1.0284999999998972    	0.00019187413706360604	2.66	A	3743872.3663346386	1 
1888	8.383833333334495 	-0.25016666666664167   	0.0006894841854481219 	4.46	A	131492457.05097444	2 
1889	8.372500000001162 	-0.18016666666664863   	0.0008123269372156855 	4.55	A	20378234.772501186	1 
1890	8.20450000000118  	0.19083333333331423    	0.0016040410668695425 	3.03	A	159774210.070324  	5 
1891	8.23783333333451  	0.40383333333329297    	0.000417648720987808  	3.19	A	10050667.189371776	2 
1892	8.199833333334514 	-0.29249999999997073   	7.769944219257974e-05 	3.5 	A	3010431.388728165 	1 
1893	8.167166666667852 	-0.00516666666666615   	0.00010525994017243653	2.1 	A	7352852.561265297 	1 
1894	8.094500000001192 	0.29749999999997023    	0.0004391891102545704 	3.12	A	15390181.489001667	1 
1895	8.0195000000012   	-0.27849999999997216   	0.00010873858581352246	4.77	A	8869768.418946737 	1 
1896	7.9955000000012015	-0.26816666666663985   	0.0006552737544857303 	4.79	A	56147039.25207529 	1 
1897	8.020166666667865 	-0.00716666666666595   	0.0007067196069376952 	4.46	A	24837255.67340945 	1 
1898	7.978500000001204 	-0.5771666666666089    	0.009158542918587455  	9.33	A	286736385.7910499 	1 
1899	7.799833333334554 	-0.28549999999997144   	0.0013042572536842664 	4.79	A	17439051.76773812 	2 
1900	7.636166666667904 	-0.19383333333331393   	0.003293682670473301  	8.93	A	496021048.56002855	1 
1901	7.376500000001263 	0.08549999999999144    	0.00029718933754370225	2.87	B	16096707.810893897	3 
1902	7.327500000001268 	0.011499999999998851   	0.0011721587219243133 	3.37	B	64366001.378824174	3 
1903	7.332500000001268 	-0.5688333333332765    	0.0009819401757987544 	3.5 	A	68785122.30003697 	2 
1904	7.275166666667941 	-0.5304999999999469    	0.0008079495615393494 	3.14	A	77332220.11959475 	1 
1905	7.2351666666679435	-0.10249999999998974   	0.00030022526170385666	5.26	B	73588475.04615547 	1 
1906	7.233166666667944 	-0.12216666666665443   	8.31808634297406e-06  	3.2 	B	1608552.529314414 	1 
1907	7.123500000001288 	-0.09883333333332343   	0.0006270797341809569 	3.2 	B	23422793.91768835 	1 
1908	7.154166666667952 	-0.16649999999998333   	0.00013411072984974957	3.8 	B	4229900.403817294 	1 
1909	6.925833333334642 	-0.25183333333330815   	0.00031818576674545843	3.71	A	37915697.209008425	1 
1910	6.710833333334663 	-0.3368333333332997    	0.000313963082225702  	1.8 	B	21952831.717518095	1 
1911	6.762833333334658 	-0.33883333333329946   	5.093812493672322e-05 	1.8 	B	4155213.207922524 	1 
1912	6.70950000000133  	-0.3751666666666291    	0.00011857781376550875	1.8 	A	4686696.966239638 	2 
1913	6.611166666668007 	-0.2981666666666368    	0.00041243310011109425	1.59	A	19739548.007346902	5 
1914	6.545166666668013 	-0.2878333333333045    	0.00010856525240931548	2.13	A	5838053.410929529 	2 
1915	6.446166666668023 	-0.24283333333330906   	3.104996904711437e-05 	3.38	A	1341200.3634067688	1 
1916	6.3528333333347   	-0.26783333333330656   	2.381683586048402e-05 	1.53	B	677697.1562029124 	1 
1917	6.24883333333471  	-0.28416666666663826   	0.0015366843757468698 	2.96	B	49946405.52904549 	4 
1918	6.215833333334712 	-0.6118333333332721    	0.0006891368349428323 	3.5 	A	166143120.0174552 	3 
1919	6.168166666668051 	-0.34116666666663253   	0.000515200057750809  	3.71	B	25160257.054797824	1 
1920	6.137500000001387 	-0.36149999999996385   	6.821802192344047e-05 	2.05	B	4012278.8929041014	1 
1921	6.2078333333347135	-0.16149999999998382   	0.00024310192744329755	2.63	A	17497041.82630718 	1 
1922	6.009500000001399 	-0.2871666666666379    	0.0010462359749636918 	3.22	A	30402593.70731534 	1 
1923	5.851166666668082 	-0.2391666666666427    	0.0006467750347513159 	2.32	A	30430595.865919005	2 
1924	5.868500000001415 	-0.15049999999998492   	0.00037592502998262255	3.38	A	15926807.942898631	2 
1925	5.827833333334751 	-0.5044999999999495    	0.00012528407050896211	3.44	A	17177031.581029046	1 
1926	5.804833333334753 	-0.038833333333329445  	7.780876599990318e-05 	1.6 	A	1127879.5710629679	1 
1927	5.693500000001431 	-0.30716666666663595   	0.00010355232802529332	1.98	B	5523770.868065847 	1 
1928	5.64483333333477  	-0.30216666666663644   	0.0002495706235534371 	2.95	B	14093335.587736607	1 
1929	5.688166666668098 	-0.13383333333331995   	6.217716131785505e-05 	3.27	A	5291696.181233019 	1 
1930	5.654833333334769 	-0.45916666666662076   	0.00018474911259925794	1.74	A	2784194.8073324896	1 
1931	5.493500000001452 	-0.3441666666666322    	3.65572563647807e-05  	3.07	B	4226223.360393628 	1 
1932	5.485500000001453 	-0.3611666666666305    	0.0004130618060961401 	9.36	B	36766002.16987794 	1 
1933	5.471500000001454 	-0.3824999999999617    	0.00041928886849959947	9.36	B	19181883.160027184	1 
1934	5.397500000001461 	0.19416666666664725    	0.0005156051599957881 	2.86	A	11735545.347284842	3 
1935	5.353833333334799 	0.11383333333332195    	0.00029750799647268586	2.73	A	6311542.1406299565	2 
1936	5.348500000001466 	0.027166666666663952   	0.0007134528297690031 	2.94	A	11801635.165272923	4 
1937	5.3408333333348   	-0.17616666666664904   	0.00013599286780906634	2.95	A	1991929.3590493617	1 
1938	5.010500000001499 	0.14583333333331874    	3.847179377132977e-05 	0.76	A	903138.9844330641 	1 
1939	4.920500000001508 	0.13416666666665322    	0.0023524570230297505 	3.32	A	33309815.147411395	1 
1940	4.928166666668175 	-0.14383333333331894   	0.0011482142073646446 	2.69	A	26588847.128570408	6 
1941	4.841833333334851 	-0.12416666666665425   	0.00010467734548007875	2.51	A	1700604.8969079568	1 
1942	4.922500000001508 	-0.31083333333330226   	0.00017041328882057066	1.78	A	2359833.649626167 	1 
1943	4.815500000001519 	0.22983333333331035    	0.003972087430606664  	3.51	A	62307533.01989129 	4 
1944	4.785500000001522 	0.07583333333332574    	0.0015022771795314138 	3.47	A	43192182.75996399 	4 
1945	4.719833333334862 	0.003833333333332939   	0.0005508028824158847 	2.88	A	8481908.223246718 	2 
1946	4.727833333334862 	-0.4311666666666235    	0.00010649311407290001	1.81	A	4653493.039277334 	1 
1947	4.641166666668203 	0.11583333333332174    	4.738883106978512e-05 	3.52	A	436982.8794284056 	1 
1948	4.627833333334871 	-0.6688333333332664    	0.0005237664969838159 	2.53	A	7786416.581506823 	1 
1949	4.625833333334871 	0.10949999999998905    	0.0007276661932833706 	3.84	A	4111309.5439232565	1 
1950	4.544500000001546 	-0.30049999999996996   	0.00013362438580044941	3.34	A	1458436.307728841 	1 
1951	4.539500000001547 	0.3538333333332979     	0.0008636685533097014 	3.49	A	10773814.127543643	1 
1952	4.43783333333489  	-0.4638333333332869    	0.0003343770186127042 	3.66	A	4155725.5220183767	1 
1953	4.385500000001562 	-0.4551666666666211    	0.00037169122692704394	3.66	A	5071678.989379277 	1 
1954	4.358500000001565 	-0.05349999999999465   	0.00012433436410236567	4.09	B	5996390.9662823165	2 
1955	4.330166666668235 	-0.051166666666661545  	8.972073170769429e-05 	3.29	B	3317664.5713480674	1 
1956	4.229500000001578 	0.011833333333332155   	0.0017444225578454751 	3.81	A	22847046.650510546	1 
1957	4.087500000001592 	0.022166666666664447   	0.0007783368763102179 	1.91	A	11688728.432741463	2 
1958	3.686166666668297 	-0.15749999999998424   	0.0004889039891110047 	2.28	A	5699929.578026449 	1 
1959	3.530500000001649 	0.3204999999999679     	0.00179001936694263   	4.67	A	27638767.842214808	1 
1960	3.4465000000016572	0.011166666666665548   	0.0007226385125546062 	2.59	A	17977797.2254397  	2 
1961	3.4335000000016582	-0.5724999999999427    	2.7845687577537036e-05	0.6 	A	726370.7840309747 	1 
1962	3.401166666668329 	0.8508333333332482     	1.0859846924662424e-05	0.43	A	158390.09421884452	2 
1963	3.304166666668336 	-0.40149999999995983   	0.0004965422729429377 	2.69	A	42876582.33641261 	2 
1964	3.172833333335018 	-0.17783333333331552   	0.0003839895162312758 	2.05	A	20075399.996458426	1 
1965	3.0795000000016937	-0.17749999999998223   	0.005684542738845838  	7.62	A	325811590.6081165 	1 
1966	3.0605000000016958	-0.2234999999999776    	0.0020136153812347264 	7.62	A	115353147.00412126	1 
1967	3.1818333333350166	0.3314999999999668     	0.0074679173946254375 	9.46	A	277405402.0171374 	4 
1968	3.129833333335022 	0.3441666666666322     	0.002708521704293161  	9.45	A	159052820.48167917	2 
1969	3.133166666668355 	0.21716666666664494    	3.0463344943220437e-05	9.44	A	633576.2203155239 	1 
1970	3.0928333333350255	0.23849999999997615    	0.0012708668037386896 	7.22	B	99392585.88349956 	1 
1971	3.109500000001691 	0.25149999999997485    	0.0002337773864992036 	7.22	B	13440794.224402843	1 
1972	3.1345000000016894	0.17016666666664965    	0.005164388220578532  	9.46	A	289627735.8798714 	2 
1973	3.08116666666836  	0.16116666666665053    	0.0008792738498775214 	8.65	B	155404848.07818002	1 
1974	3.087500000001693 	0.14783333333331852    	0.00012436375359102671	7.98	B	20610479.57136327 	1 
1975	3.0355000000016967	0.4034999999999596     	0.009269558057610795  	7.24	A	403733477.8435114 	2 
1976	3.012500000001699 	-0.16549999999998344   	0.0027733820807070036 	7.63	A	376230566.58657855	1 
1977	2.9745000000017043	-0.19183333333331415   	0.0015231018979244189 	9.02	B	289394837.96983635	2 
1978	2.9138333333350435	-0.18416666666664824   	0.0009083765730534053 	7.66	B	195413256.77999955	1 
1979	2.844166666668383 	0.3691666666666298     	2.082205366750975e-05 	0.61	A	704264.6899866841 	1 
1980	2.8615000000017137	-0.3144999999999686    	0.0001648044972247468 	1.65	A	4533953.970643398 	1 
1981	2.825166666668384 	-0.4351666666666231    	0.0018744294740311914 	4.33	A	44846584.74984499 	1 
1982	2.684833333335067 	0.12216666666665445    	0.003263253977792364  	4.14	A	110270658.54075757	3 
1983	2.6225000000017387	0.23716666666664293    	0.0005087664799676051 	3.28	A	38838477.800350435	1 
1984	2.5921666666684087	-0.18183333333331514   	0.0006470214363975432 	4.68	A	8119436.93807126  	1 
1985	2.5828333333350777	0.07849999999999215    	4.073451091947778e-06 	0.34	A	29872.838933086638	1 
1986	2.5358333333350793	0.19749999999998025    	0.0016812171424885486 	3.88	A	125765210.3016231 	1 
1987	2.441833333335089 	0.12483333333332085    	0.0012089214691389165 	4.24	A	115602441.41300501	1 
1988	2.4758333333350886	-0.5034999999999497    	0.001079997909914264  	4.39	A	39747265.97083759 	1 
1989	2.440166666668423 	-0.16283333333331704   	0.001638387686187972  	4.55	A	87858229.97544979 	1 
1990	2.3345000000017686	0.014833333333331845   	0.0005189657806021864 	3.48	A	8803390.360198904 	1 
1991	2.1738333333351183	0.06649999999999334    	0.001533755581133225  	5.47	A	47618115.07632719 	1 
1992	2.1485000000017864	0.2824999999999718     	0.0006874062675038615 	2.61	A	11516525.859421168	1 
1993	1.9741666666684703	-0.13283333333332006   	0.0059148144391540656 	8.64	A	149923271.90855983	1 
1994	1.948166666668473 	-0.21549999999997846   	0.005412782584273289  	9.37	B	222439900.04553294	1 
1995	1.9155000000018094	-0.056833333333327685  	0.0012233885072096406 	4.38	B	80317049.57231195 	2 
1996	1.9191666666684757	-0.11916666666665476   	0.0017482523755866133 	9.45	B	115595949.6155923 	1 
1997	1.8641666666684813	-0.15316666666665138   	0.0010228993918195036 	6.61	B	98234292.61651602 	1 
1998	1.8918333333351451	-0.07283333333332609   	7.343832680067921e-05 	9.65	B	3403697.7476875363	1 
1999	1.8475000000018162	-0.16416666666665028   	0.00012139414024313042	9.23	B	3229341.472797899 	1 
2000	1.736166666668494 	-0.07583333333332576   	0.00811190737086188   	7.85	B	480986841.1075434 	2 
2001	1.664833333335168 	-0.19949999999998005   	0.020736383149661832  	9.38	B	1321370270.2333376	1 
2002	1.7145000000018296	-0.05716666666666098   	0.0009929042326811898 	9.12	B	57020056.31944044 	1 
2003	1.669500000001834 	-0.0718333333333262    	0.0001434454836005376 	6.61	B	33574089.561549   	1 
2004	1.6498333333351693	-0.06049999999999395   	0.0007304116322412337 	7.85	B	180670871.43984434	2 
2005	1.4721666666685205	0.0431666666666623     	0.016670154231442844  	7.85	B	737536011.142513  	2 
2006	1.6171666666685058	0.03683333333332961    	0.00017999578487269693	7.85	B	24330827.050095823	1 
2007	1.6041666666685073	0.01649999999999835    	0.00047074216275512975	7.85	B	64466695.12384928 	1 
2008	1.5441666666685132	0.14349999999998564    	0.00048437256535930815	8.8 	B	38356414.837128684	1 
2009	1.504833333335184 	0.1581666666666508     	0.0011994852361562921 	7.85	B	100036941.01157296	1 
2010	1.9361666666684745	-0.3258333333333008    	0.0018565607045255585 	6.51	A	122888341.97967742	2 
2011	1.7841666666684892	0.05216666666666145    	0.0020691921105776886 	8.7 	A	160681836.2907654 	1 
2012	1.7248333333351604	-0.409499999999959     	0.0003864664112411311 	6.65	B	122697327.20741703	2 
2013	1.6945000000018302	-0.3858333333332947    	0.0005696712475537354 	6.65	B	188654284.37427932	2 
2014	1.6855000000018312	-0.3424999999999657    	0.00024492005208262893	6.16	B	31420063.27216545 	1 
